[09:59:09] src.utils.logger     INFO     Sistema de logging Johnson Controls inicializado
[09:59:09] src.utils.logger     INFO     Nivel: INFO, Directorio: data\logs
[09:59:09] __main__             INFO     ============================================================
[09:59:09] __main__             INFO     JOHNSON CONTROLS - Sistema de Seguimiento Industrial
[09:59:09] __main__             INFO     Version 2.0 - Arquitectura Modular
[09:59:09] __main__             INFO     ============================================================
[09:59:09] __main__             INFO     Inicializando sistema...
[09:59:09] __main__             INFO     Planta: Planta Durango - Desarrollo (JCI_MX_DEV_001)
[09:59:09] __main__             INFO     Departamento: Manufactura - Testing
[09:59:09] __main__             INFO     Ambiente: development
[09:59:09] __main__             INFO     Puerto Serie: COM5
[09:59:09] __main__             INFO     Puerto Web: 5000
[09:59:09] __main__             INFO     Modo: full
[09:59:09] __main__             INFO     Directorios verificados/creados
[09:59:09] src.services.data_sync_service INFO     Data Sync Service inicializado
[09:59:09] src.services.analytics_service INFO     Analytics Service inicializado
[09:59:09] src.services.notification_service INFO     Notification Service inicializado
[09:59:09] src.core.scanner_manager INFO     Scanner Manager inicializado
[09:59:09] src.core.scanner_manager INFO     Iniciando sistema de escaneo Johnson Controls...
[09:59:09] src.services.data_sync_service INFO     Cargados 0 productos
[09:59:09] src.core.scanner_manager INFO     Cargados 0 productos existentes
[09:59:09] src.hardware.serial_interface INFO     Serial Interface inicializada para puerto COM5 @ 9600 baud
[09:59:09] src.hardware.zebra_scanner INFO     Zebra Scanner DS3678 inicializado para puerto COM5
[09:59:09] src.hardware.zebra_scanner INFO     Conectando a Zebra DS3678 en COM5...
[09:59:09] src.hardware.serial_interface INFO     Conectando a puerto serie COM5...
[09:59:09] src.hardware.serial_interface ERROR    Error de puerto serie: could not open port 'COM5': FileNotFoundError(2, 'El sistema no puede encontrar el archivo especificado.', None, 2)
[09:59:09] src.hardware.zebra_scanner ERROR    Error conectando interface serie
[09:59:09] src.core.scanner_manager WARNING  No se pudo conectar al escáner
[09:59:09] src.core.scanner_manager WARNING  Hardware no disponible - Modo simulación activado
[09:59:09] src.services.data_sync_service INFO     Archivo Excel creado: data\excel\DATOS_JCI_PROYECTO.xlsx
[09:59:09] src.services.data_sync_service INFO     Estado inicial cargado correctamente
[09:59:09] src.services.data_sync_service INFO     Verificación de integridad completada
[09:59:09] src.services.data_sync_service INFO     Data Sync Service inicializado correctamente
[09:59:09] src.services.analytics_service INFO     Datos históricos cargados (simulado)
[09:59:09] src.services.analytics_service INFO     Analytics Service inicializado correctamente
[09:59:09] src.services.notification_service INFO     Notification Service inicializado correctamente
[09:59:09] src.core.scanner_manager INFO     Iniciando bucle de lectura del escáner
[09:59:09] src.core.scanner_manager INFO     Hilo de lectura del escáner iniciado
[09:59:09] src.core.scanner_manager INFO     Iniciando bucle de procesamiento de comandos
[09:59:09] src.core.scanner_manager INFO     Hilo de procesamiento de comandos iniciado
[09:59:09] src.core.scanner_manager INFO     Sistema de escaneo inicializado correctamente
[09:59:09] src.web.app          INFO     Web Application inicializada
[09:59:09] src.web.app          INFO     APIs registradas: data, control, analytics
[09:59:09] src.web.app          INFO     Web Application configurada correctamente
[09:59:09] src.services.analytics_service INFO     Analytics Service inicializado
[09:59:09] src.services.analytics_service INFO     Datos históricos cargados (simulado)
[09:59:09] src.services.analytics_service INFO     Analytics Service inicializado correctamente
[09:59:09] __main__             INFO     Sistema inicializado correctamente
[09:59:09] __main__             INFO     Iniciando sistema en modo: full
[09:59:09] __main__             INFO     Scanner Manager: Activo
[09:59:09] src.web.app          INFO     Iniciando servidor web en puerto 5000
[09:59:09] src.web.app          INFO     Servidor web iniciado
[09:59:09] __main__             INFO     Aplicación Web: http://localhost:5000
[09:59:09] src.services.analytics_service INFO     Iniciando bucle de analytics
[09:59:09] src.services.analytics_service INFO     Analytics Service iniciado
[09:59:09] src.services.analytics_service WARNING  ALERTA HIGH: Eficiencia baja: 47.0%
[09:59:09] __main__             INFO     Servicio de Analytics: Activo
[09:59:09] src.services.analytics_service WARNING  ALERTA MEDIUM: OEE bajo: 44.7%
[09:59:09] __main__             INFO     Sistema completo en ejecución...
[09:59:09] __main__             INFO     Presiona Ctrl+C para detener
[09:59:09] src.web.app          ERROR    Error iniciando servidor web: signal only works in main thread of the main interpreter
[09:59:39] src.services.analytics_service WARNING  ALERTA HIGH: Eficiencia baja: 47.0%
[09:59:39] src.services.analytics_service WARNING  ALERTA MEDIUM: OEE bajo: 44.7%
[10:00:09] src.services.analytics_service WARNING  ALERTA HIGH: Eficiencia baja: 47.0%
[10:00:09] src.services.analytics_service WARNING  ALERTA MEDIUM: OEE bajo: 44.7%
[10:00:39] src.services.analytics_service WARNING  ALERTA HIGH: Eficiencia baja: 47.0%
[10:00:39] src.services.analytics_service WARNING  ALERTA MEDIUM: OEE bajo: 44.7%
[10:01:09] src.services.analytics_service WARNING  ALERTA HIGH: Eficiencia baja: 47.0%
[10:01:09] src.services.analytics_service WARNING  ALERTA MEDIUM: OEE bajo: 44.7%
[10:01:39] src.services.analytics_service WARNING  ALERTA HIGH: Eficiencia baja: 47.0%
[10:01:39] src.services.analytics_service WARNING  ALERTA MEDIUM: OEE bajo: 44.7%
[10:02:09] src.services.analytics_service WARNING  ALERTA HIGH: Eficiencia baja: 47.0%
[10:02:09] src.services.analytics_service WARNING  ALERTA MEDIUM: OEE bajo: 44.7%
[10:02:39] src.services.analytics_service WARNING  ALERTA HIGH: Eficiencia baja: 47.0%
[10:02:39] src.services.analytics_service WARNING  ALERTA MEDIUM: OEE bajo: 44.7%
[10:03:09] src.services.analytics_service WARNING  ALERTA HIGH: Eficiencia baja: 47.0%
[10:03:09] src.services.analytics_service WARNING  ALERTA MEDIUM: OEE bajo: 44.7%
[10:03:39] src.services.analytics_service WARNING  ALERTA HIGH: Eficiencia baja: 47.0%
[10:03:39] src.services.analytics_service WARNING  ALERTA MEDIUM: OEE bajo: 44.7%
[10:04:09] src.services.analytics_service WARNING  ALERTA HIGH: Eficiencia baja: 47.0%
[10:04:09] src.services.analytics_service WARNING  ALERTA MEDIUM: OEE bajo: 44.7%
[10:04:39] src.services.analytics_service WARNING  ALERTA HIGH: Eficiencia baja: 47.0%
[10:04:39] src.services.analytics_service WARNING  ALERTA MEDIUM: OEE bajo: 44.7%
[10:05:09] src.services.analytics_service WARNING  ALERTA HIGH: Eficiencia baja: 47.0%
[10:05:09] src.services.analytics_service WARNING  ALERTA MEDIUM: OEE bajo: 44.7%
[10:05:39] src.services.analytics_service WARNING  ALERTA HIGH: Eficiencia baja: 47.0%
[10:05:39] src.services.analytics_service WARNING  ALERTA MEDIUM: OEE bajo: 44.7%
[10:06:09] src.services.analytics_service WARNING  ALERTA HIGH: Eficiencia baja: 47.0%
[10:06:09] src.services.analytics_service WARNING  ALERTA MEDIUM: OEE bajo: 44.7%
[10:06:39] src.services.analytics_service WARNING  ALERTA HIGH: Eficiencia baja: 47.0%
[10:06:39] src.services.analytics_service WARNING  ALERTA MEDIUM: OEE bajo: 44.7%
[10:07:09] src.services.analytics_service WARNING  ALERTA HIGH: Eficiencia baja: 47.0%
[10:07:09] src.services.analytics_service WARNING  ALERTA MEDIUM: OEE bajo: 44.7%
[10:07:39] src.services.analytics_service WARNING  ALERTA HIGH: Eficiencia baja: 47.0%
[10:07:39] src.services.analytics_service WARNING  ALERTA MEDIUM: OEE bajo: 44.7%
[10:07:52] __main__             INFO     Señal recibida: 2
[10:07:54] __main__             INFO     Iniciando apagado del sistema...
[10:07:54] src.core.scanner_manager INFO     Iniciando apagado del sistema...
[10:07:54] src.hardware.zebra_scanner INFO     Desconectando Zebra DS3678...
[10:07:54] src.hardware.serial_interface INFO     Desconectando de puerto serie COM5...
[10:07:54] src.hardware.serial_interface INFO     Desconectado exitosamente
[10:07:54] src.hardware.zebra_scanner INFO     Zebra DS3678 desconectado
[10:07:54] src.core.scanner_manager INFO     Bucle de lectura del escáner terminado
[10:07:55] src.core.scanner_manager INFO     Bucle de procesamiento de comandos terminado
[10:07:55] src.core.scanner_manager INFO     Sistema apagado correctamente
[10:07:55] __main__             INFO     Scanner Manager detenido
[10:08:00] src.services.analytics_service INFO     Analytics Service detenido
[10:08:00] __main__             INFO     Servicio de Analytics detenido
[10:08:00] src.web.app          INFO     Servidor web detenido
[10:08:00] __main__             INFO     Aplicación Web detenida
[10:08:00] __main__             INFO     Sistema apagado correctamente
[10:08:00] __main__             INFO     ============================================================
[10:08:10] src.utils.logger     INFO     Sistema de logging Johnson Controls inicializado
[10:08:10] src.utils.logger     INFO     Nivel: INFO, Directorio: data\logs
[10:08:10] src.services.data_sync_service INFO     Data Sync Service inicializado
[10:08:10] src.services.analytics_service INFO     Analytics Service inicializado
[10:08:10] src.services.notification_service INFO     Notification Service inicializado
[10:08:10] src.core.scanner_manager INFO     Scanner Manager inicializado
[10:08:10] src.core.scanner_manager INFO     Iniciando sistema de escaneo Johnson Controls...
[10:08:10] src.services.data_sync_service INFO     Cargados 0 productos
[10:08:10] src.core.scanner_manager INFO     Cargados 0 productos existentes
[10:08:10] src.hardware.serial_interface INFO     Serial Interface inicializada para puerto COM5 @ 9600 baud
[10:08:10] src.hardware.zebra_scanner INFO     Zebra Scanner DS3678 inicializado para puerto COM5
[10:08:10] src.hardware.zebra_scanner INFO     Conectando a Zebra DS3678 en COM5...
[10:08:10] src.hardware.serial_interface INFO     Conectando a puerto serie COM5...
[10:08:10] src.hardware.serial_interface ERROR    Error de puerto serie: could not open port 'COM5': FileNotFoundError(2, 'El sistema no puede encontrar el archivo especificado.', None, 2)
[10:08:10] src.hardware.zebra_scanner ERROR    Error conectando interface serie
[10:08:10] src.core.scanner_manager WARNING  No se pudo conectar al escáner
[10:08:10] src.core.scanner_manager WARNING  Hardware no disponible - Modo simulación activado
[10:08:10] src.services.data_sync_service INFO     Estado inicial cargado correctamente
[10:08:10] src.services.data_sync_service INFO     Verificación de integridad completada
[10:08:10] src.services.data_sync_service INFO     Data Sync Service inicializado correctamente
[10:08:10] src.services.analytics_service INFO     Datos históricos cargados (simulado)
[10:08:10] src.services.analytics_service INFO     Analytics Service inicializado correctamente
[10:08:10] src.services.notification_service INFO     Notification Service inicializado correctamente
[10:08:10] src.core.scanner_manager INFO     Iniciando bucle de lectura del escáner
[10:08:10] src.core.scanner_manager INFO     Hilo de lectura del escáner iniciado
[10:08:10] src.core.scanner_manager INFO     Iniciando bucle de procesamiento de comandos
[10:08:10] src.core.scanner_manager INFO     Hilo de procesamiento de comandos iniciado
[10:08:10] src.core.scanner_manager INFO     Sistema de escaneo inicializado correctamente
[10:08:10] src.web.app          INFO     Web Application inicializada
[10:08:10] src.web.app          INFO     APIs registradas: data, control, analytics
[10:08:10] src.web.app          INFO     Web Application configurada correctamente
[10:08:10] src.web.app          INFO     Iniciando servidor web en puerto 5000
[10:08:10] src.web.app          INFO     Servidor web iniciado
[10:08:10] src.services.analytics_service INFO     Analytics Service inicializado
[10:08:10] src.services.analytics_service INFO     Datos históricos cargados (simulado)
[10:08:10] src.services.analytics_service INFO     Analytics Service inicializado correctamente
[10:08:10] src.services.analytics_service INFO     Iniciando bucle de analytics
[10:08:10] src.services.analytics_service INFO     Analytics Service iniciado
[10:08:10] src.services.analytics_service WARNING  ALERTA HIGH: Eficiencia baja: 47.0%
[10:08:10] src.services.analytics_service WARNING  ALERTA MEDIUM: OEE bajo: 44.7%
[10:10:58] src.utils.logger     INFO     Sistema de logging Johnson Controls inicializado
[10:10:58] src.utils.logger     INFO     Nivel: INFO, Directorio: data\logs
[10:10:58] src.services.data_sync_service INFO     Data Sync Service inicializado
[10:10:58] src.services.analytics_service INFO     Analytics Service inicializado
[10:10:58] src.services.notification_service INFO     Notification Service inicializado
[10:10:58] src.core.scanner_manager INFO     Scanner Manager inicializado
[10:10:58] src.core.scanner_manager INFO     Iniciando sistema de escaneo Johnson Controls...
[10:10:58] src.services.data_sync_service INFO     Cargados 0 productos
[10:10:58] src.core.scanner_manager INFO     Cargados 0 productos existentes
[10:10:58] src.hardware.serial_interface INFO     Serial Interface inicializada para puerto COM5 @ 9600 baud
[10:10:58] src.hardware.zebra_scanner INFO     Zebra Scanner DS3678 inicializado para puerto COM5
[10:10:58] src.hardware.zebra_scanner INFO     Conectando a Zebra DS3678 en COM5...
[10:10:58] src.hardware.serial_interface INFO     Conectando a puerto serie COM5...
[10:10:58] src.hardware.serial_interface ERROR    Error de puerto serie: could not open port 'COM5': FileNotFoundError(2, 'El sistema no puede encontrar el archivo especificado.', None, 2)
[10:10:58] src.hardware.zebra_scanner ERROR    Error conectando interface serie
[10:10:58] src.core.scanner_manager WARNING  No se pudo conectar al escáner
[10:10:58] src.core.scanner_manager WARNING  Hardware no disponible - Modo simulación activado
[10:10:58] src.services.data_sync_service INFO     Estado inicial cargado correctamente
[10:10:58] src.services.data_sync_service INFO     Verificación de integridad completada
[10:10:58] src.services.data_sync_service INFO     Data Sync Service inicializado correctamente
[10:10:58] src.services.analytics_service INFO     Datos históricos cargados (simulado)
[10:10:58] src.services.analytics_service INFO     Analytics Service inicializado correctamente
[10:10:58] src.services.notification_service INFO     Notification Service inicializado correctamente
[10:10:58] src.core.scanner_manager INFO     Iniciando bucle de lectura del escáner
[10:10:58] src.core.scanner_manager INFO     Hilo de lectura del escáner iniciado
[10:10:58] src.core.scanner_manager INFO     Iniciando bucle de procesamiento de comandos
[10:10:58] src.core.scanner_manager INFO     Hilo de procesamiento de comandos iniciado
[10:10:58] src.core.scanner_manager INFO     Sistema de escaneo inicializado correctamente
[10:10:58] src.web.app          INFO     Web Application inicializada
[10:10:58] src.web.app          INFO     APIs registradas: data, control, analytics
[10:10:58] src.web.app          INFO     Web Application configurada correctamente
[10:10:58] src.web.app          INFO     Iniciando servidor web en puerto 5000
[10:10:58] src.web.app          INFO     Servidor web iniciado
[10:10:58] src.services.analytics_service INFO     Analytics Service inicializado
[10:10:58] src.services.analytics_service INFO     Datos históricos cargados (simulado)
[10:10:58] src.services.analytics_service INFO     Analytics Service inicializado correctamente
[10:10:58] src.services.analytics_service INFO     Iniciando bucle de analytics
[10:10:58] src.services.analytics_service INFO     Analytics Service iniciado
[10:10:58] src.services.analytics_service WARNING  ALERTA HIGH: Eficiencia baja: 47.0%
[10:10:58] src.services.analytics_service WARNING  ALERTA MEDIUM: OEE bajo: 44.7%
[10:11:45] src.utils.logger     INFO     Sistema de logging Johnson Controls inicializado
[10:11:45] src.utils.logger     INFO     Nivel: INFO, Directorio: data\logs
[10:11:45] __main__             INFO     ============================================================
[10:11:45] __main__             INFO     JOHNSON CONTROLS - Sistema de Seguimiento Industrial
[10:11:45] __main__             INFO     Version 2.0 - Arquitectura Modular
[10:11:45] __main__             INFO     ============================================================
[10:11:45] __main__             INFO     Inicializando sistema...
[10:11:45] __main__             INFO     Planta: Planta Durango - Desarrollo (JCI_MX_DEV_001)
[10:11:45] __main__             INFO     Departamento: Manufactura - Testing
[10:11:45] __main__             INFO     Ambiente: development
[10:11:45] __main__             INFO     Puerto Serie: COM5
[10:11:45] __main__             INFO     Puerto Web: 5000
[10:11:45] __main__             INFO     Modo: web
[10:11:45] __main__             INFO     Directorios verificados/creados
[10:11:45] src.web.app          INFO     Web Application inicializada
[10:11:45] src.web.app          INFO     APIs registradas: data, control, analytics
[10:11:45] src.web.app          INFO     Web Application configurada correctamente
[10:11:45] __main__             INFO     Sistema inicializado correctamente
[10:11:45] __main__             INFO     Iniciando sistema en modo: web
[10:11:45] src.web.app          INFO     Iniciando servidor web en puerto 5000
[10:11:45] src.web.app          INFO     Servidor web iniciado
[10:11:45] __main__             INFO     Aplicación Web: http://localhost:5000
[10:11:45] __main__             INFO     Servidor web en ejecución...
[10:11:45] __main__             INFO     El servidor web se ejecuta en segundo plano
[10:11:45] src.web.app          ERROR    Error iniciando servidor web: signal only works in main thread of the main interpreter
[10:12:04] __main__             INFO     Señal recibida: 2
[10:12:04] __main__             INFO     Iniciando apagado del sistema...
[10:12:04] src.web.app          INFO     Servidor web detenido
[10:12:04] __main__             INFO     Aplicación Web detenida
[10:12:04] __main__             INFO     Sistema apagado correctamente
[10:12:04] __main__             INFO     ============================================================
[10:14:50] src.utils.logger     INFO     Sistema de logging Johnson Controls inicializado
[10:14:50] src.utils.logger     INFO     Nivel: INFO, Directorio: data\logs
[10:14:50] __main__             INFO     ============================================================
[10:14:50] __main__             INFO     JOHNSON CONTROLS - Sistema de Seguimiento Industrial
[10:14:50] __main__             INFO     Version 2.0 - Arquitectura Modular
[10:14:50] __main__             INFO     ============================================================
[10:14:50] __main__             INFO     Inicializando sistema...
[10:14:50] __main__             INFO     Planta: Planta Durango - Desarrollo (JCI_MX_DEV_001)
[10:14:50] __main__             INFO     Departamento: Manufactura - Testing
[10:14:50] __main__             INFO     Ambiente: development
[10:14:50] __main__             INFO     Puerto Serie: COM5
[10:14:50] __main__             INFO     Puerto Web: 5000
[10:14:50] __main__             INFO     Modo: full
[10:14:50] __main__             INFO     Directorios verificados/creados
[10:14:50] src.services.data_sync_service INFO     Data Sync Service inicializado
[10:14:50] src.services.analytics_service INFO     Analytics Service inicializado
[10:14:50] src.services.notification_service INFO     Notification Service inicializado
[10:14:50] src.core.scanner_manager INFO     Scanner Manager inicializado
[10:14:50] src.core.scanner_manager INFO     Iniciando sistema de escaneo Johnson Controls...
[10:14:50] src.services.data_sync_service INFO     Cargados 0 productos
[10:14:50] src.core.scanner_manager INFO     Cargados 0 productos existentes
[10:14:50] src.hardware.serial_interface INFO     Serial Interface inicializada para puerto COM5 @ 9600 baud
[10:14:50] src.hardware.zebra_scanner INFO     Zebra Scanner DS3678 inicializado para puerto COM5
[10:14:50] src.hardware.zebra_scanner INFO     Conectando a Zebra DS3678 en COM5...
[10:14:50] src.hardware.serial_interface INFO     Conectando a puerto serie COM5...
[10:14:50] src.hardware.serial_interface ERROR    Error de puerto serie: could not open port 'COM5': FileNotFoundError(2, 'El sistema no puede encontrar el archivo especificado.', None, 2)
[10:14:50] src.hardware.zebra_scanner ERROR    Error conectando interface serie
[10:14:50] src.core.scanner_manager WARNING  No se pudo conectar al escáner
[10:14:50] src.core.scanner_manager WARNING  Hardware no disponible - Modo simulación activado
[10:14:50] src.services.data_sync_service INFO     Estado inicial cargado correctamente
[10:14:50] src.services.data_sync_service INFO     Verificación de integridad completada
[10:14:50] src.services.data_sync_service INFO     Data Sync Service inicializado correctamente
[10:14:50] src.services.analytics_service INFO     Datos históricos cargados (simulado)
[10:14:50] src.services.analytics_service INFO     Analytics Service inicializado correctamente
[10:14:50] src.services.notification_service INFO     Notification Service inicializado correctamente
[10:14:50] src.core.scanner_manager INFO     Iniciando bucle de lectura del escáner
[10:14:50] src.core.scanner_manager INFO     Hilo de lectura del escáner iniciado
[10:14:50] src.core.scanner_manager INFO     Iniciando bucle de procesamiento de comandos
[10:14:50] src.core.scanner_manager INFO     Hilo de procesamiento de comandos iniciado
[10:14:50] src.core.scanner_manager INFO     Sistema de escaneo inicializado correctamente
[10:14:50] src.web.app          INFO     Web Application inicializada
[10:14:50] src.web.app          INFO     APIs registradas: data, control, analytics
[10:14:50] src.web.app          INFO     Web Application configurada correctamente
[10:14:50] src.services.analytics_service INFO     Analytics Service inicializado
[10:14:50] src.services.analytics_service INFO     Datos históricos cargados (simulado)
[10:14:50] src.services.analytics_service INFO     Analytics Service inicializado correctamente
[10:14:50] __main__             INFO     Sistema inicializado correctamente
[10:14:50] __main__             INFO     Iniciando sistema en modo: full
[10:14:50] __main__             INFO     Scanner Manager: Activo
[10:14:50] src.web.app          INFO     Iniciando servidor web en puerto 5000
[10:14:50] src.web.app          INFO     Servidor web iniciado
[10:14:50] __main__             INFO     Aplicación Web: http://localhost:5000
[10:14:50] src.services.analytics_service INFO     Iniciando bucle de analytics
[10:14:50] src.services.analytics_service INFO     Analytics Service iniciado
[10:14:50] src.services.analytics_service WARNING  ALERTA HIGH: Eficiencia baja: 47.0%
[10:14:50] __main__             INFO     Servicio de Analytics: Activo
[10:14:50] src.services.analytics_service WARNING  ALERTA MEDIUM: OEE bajo: 44.7%
[10:14:50] __main__             INFO     Sistema completo en ejecución...
[10:14:50] __main__             INFO     Presiona Ctrl+C para detener
[10:14:50] src.web.app          ERROR    Error iniciando servidor web: signal only works in main thread of the main interpreter
[10:15:20] src.services.analytics_service WARNING  ALERTA HIGH: Eficiencia baja: 47.0%
[10:15:20] src.services.analytics_service WARNING  ALERTA MEDIUM: OEE bajo: 44.7%
[10:15:34] __main__             INFO     Señal recibida: 2
[10:15:35] __main__             INFO     Iniciando apagado del sistema...
[10:15:35] src.core.scanner_manager INFO     Iniciando apagado del sistema...
[10:15:35] src.hardware.zebra_scanner INFO     Desconectando Zebra DS3678...
[10:15:35] src.hardware.serial_interface INFO     Desconectando de puerto serie COM5...
[10:15:35] src.hardware.serial_interface INFO     Desconectado exitosamente
[10:15:35] src.hardware.zebra_scanner INFO     Zebra DS3678 desconectado
[10:15:35] src.core.scanner_manager INFO     Bucle de procesamiento de comandos terminado
[10:15:35] src.core.scanner_manager INFO     Bucle de lectura del escáner terminado
[10:15:35] src.core.scanner_manager INFO     Sistema apagado correctamente
[10:15:35] __main__             INFO     Scanner Manager detenido
[10:15:40] src.services.analytics_service INFO     Analytics Service detenido
[10:15:40] __main__             INFO     Servicio de Analytics detenido
[10:15:40] src.web.app          INFO     Servidor web detenido
[10:15:40] __main__             INFO     Aplicación Web detenida
[10:15:40] __main__             INFO     Sistema apagado correctamente
[10:15:40] __main__             INFO     ============================================================
[10:15:44] src.utils.logger     INFO     Sistema de logging Johnson Controls inicializado
[10:15:44] src.utils.logger     INFO     Nivel: INFO, Directorio: data\logs
[10:15:44] __main__             INFO     ============================================================
[10:15:44] __main__             INFO     JOHNSON CONTROLS - Sistema de Seguimiento Industrial
[10:15:44] __main__             INFO     Version 2.0 - Arquitectura Modular
[10:15:44] __main__             INFO     ============================================================
[10:15:44] __main__             INFO     Inicializando sistema...
[10:15:44] __main__             INFO     Planta: Planta Durango - Desarrollo (JCI_MX_DEV_001)
[10:15:44] __main__             INFO     Departamento: Manufactura - Testing
[10:15:44] __main__             INFO     Ambiente: development
[10:15:44] __main__             INFO     Puerto Serie: COM5
[10:15:44] __main__             INFO     Puerto Web: 5000
[10:15:44] __main__             INFO     Modo: full
[10:15:44] __main__             INFO     Directorios verificados/creados
[10:15:44] src.services.data_sync_service INFO     Data Sync Service inicializado
[10:15:44] src.services.analytics_service INFO     Analytics Service inicializado
[10:15:44] src.services.notification_service INFO     Notification Service inicializado
[10:15:44] src.core.scanner_manager INFO     Scanner Manager inicializado
[10:15:44] src.core.scanner_manager INFO     Iniciando sistema de escaneo Johnson Controls...
[10:15:44] src.services.data_sync_service INFO     Cargados 0 productos
[10:15:44] src.core.scanner_manager INFO     Cargados 0 productos existentes
[10:15:44] src.hardware.serial_interface INFO     Serial Interface inicializada para puerto COM5 @ 9600 baud
[10:15:44] src.hardware.zebra_scanner INFO     Zebra Scanner DS3678 inicializado para puerto COM5
[10:15:44] src.hardware.zebra_scanner INFO     Conectando a Zebra DS3678 en COM5...
[10:15:44] src.hardware.serial_interface INFO     Conectando a puerto serie COM5...
[10:15:44] src.hardware.serial_interface ERROR    Error de puerto serie: could not open port 'COM5': FileNotFoundError(2, 'El sistema no puede encontrar el archivo especificado.', None, 2)
[10:15:44] src.hardware.zebra_scanner ERROR    Error conectando interface serie
[10:15:44] src.core.scanner_manager WARNING  No se pudo conectar al escáner
[10:15:44] src.core.scanner_manager WARNING  Hardware no disponible - Modo simulación activado
[10:15:44] src.services.data_sync_service INFO     Estado inicial cargado correctamente
[10:15:44] src.services.data_sync_service INFO     Verificación de integridad completada
[10:15:44] src.services.data_sync_service INFO     Data Sync Service inicializado correctamente
[10:15:44] src.services.analytics_service INFO     Datos históricos cargados (simulado)
[10:15:44] src.services.analytics_service INFO     Analytics Service inicializado correctamente
[10:15:44] src.services.notification_service INFO     Notification Service inicializado correctamente
[10:15:44] src.core.scanner_manager INFO     Iniciando bucle de lectura del escáner
[10:15:44] src.core.scanner_manager INFO     Hilo de lectura del escáner iniciado
[10:15:44] src.core.scanner_manager INFO     Iniciando bucle de procesamiento de comandos
[10:15:44] src.core.scanner_manager INFO     Hilo de procesamiento de comandos iniciado
[10:15:44] src.core.scanner_manager INFO     Sistema de escaneo inicializado correctamente
[10:15:44] src.web.app          INFO     Web Application inicializada
[10:15:44] src.web.app          INFO     APIs registradas: data, control, analytics
[10:15:44] src.web.app          INFO     Web Application configurada correctamente
[10:15:44] src.services.analytics_service INFO     Analytics Service inicializado
[10:15:44] src.services.analytics_service INFO     Datos históricos cargados (simulado)
[10:15:44] src.services.analytics_service INFO     Analytics Service inicializado correctamente
[10:15:44] __main__             INFO     Sistema inicializado correctamente
[10:15:44] __main__             INFO     Iniciando sistema en modo: full
[10:15:44] __main__             INFO     Scanner Manager: Activo
[10:15:44] src.web.app          INFO     Iniciando servidor web en puerto 5000
[10:15:44] src.web.app          INFO     Servidor web iniciado
[10:15:44] __main__             INFO     Aplicación Web: http://localhost:5000
[10:15:44] src.services.analytics_service INFO     Iniciando bucle de analytics
[10:15:44] src.services.analytics_service INFO     Analytics Service iniciado
[10:15:44] src.services.analytics_service WARNING  ALERTA HIGH: Eficiencia baja: 47.0%
[10:15:44] __main__             INFO     Servicio de Analytics: Activo
[10:15:44] src.services.analytics_service WARNING  ALERTA MEDIUM: OEE bajo: 44.7%
[10:15:44] __main__             INFO     Sistema completo en ejecución...
[10:15:44] __main__             INFO     Presiona Ctrl+C para detener
[10:16:14] src.services.analytics_service WARNING  ALERTA HIGH: Eficiencia baja: 47.0%
[10:16:14] src.services.analytics_service WARNING  ALERTA MEDIUM: OEE bajo: 44.7%
[10:16:44] src.services.analytics_service WARNING  ALERTA HIGH: Eficiencia baja: 47.0%
[10:16:44] src.services.analytics_service WARNING  ALERTA MEDIUM: OEE bajo: 44.7%
[10:17:14] src.services.analytics_service WARNING  ALERTA HIGH: Eficiencia baja: 47.0%
[10:17:14] src.services.analytics_service WARNING  ALERTA MEDIUM: OEE bajo: 44.7%
[10:17:43] src.web.api.control_api INFO     Cambio de etapa enviado: 2 (Pulido)
[10:17:44] src.services.analytics_service WARNING  ALERTA HIGH: Eficiencia baja: 47.0%
[10:17:44] src.services.analytics_service WARNING  ALERTA MEDIUM: OEE bajo: 44.7%
[10:17:44] src.core.scanner_manager INFO     Procesando comando web: cambiar_etapa
[10:17:44] src.core.scanner_manager INFO     Etapa cambiada de 1 a 2
[10:18:14] src.services.analytics_service WARNING  ALERTA HIGH: Eficiencia baja: 47.0%
[10:18:14] src.services.analytics_service WARNING  ALERTA MEDIUM: OEE bajo: 44.7%
[10:18:44] src.services.analytics_service WARNING  ALERTA HIGH: Eficiencia baja: 47.0%
[10:18:44] src.services.analytics_service WARNING  ALERTA MEDIUM: OEE bajo: 44.7%
[10:18:50] src.web.api.control_api INFO     Simulación de escaneo enviada: JCI240001A
[10:18:50] src.core.scanner_manager INFO     Procesando comando web: simular_escaneo
[10:18:50] src.core.scanner_manager WARNING  Producto no encontrado: JCI240001A
[10:18:50] src.services.notification_service ERROR    Error del Sistema: Producto no encontrado: JCI240001A
[10:19:14] src.services.analytics_service WARNING  ALERTA HIGH: Eficiencia baja: 47.0%
[10:19:14] src.services.analytics_service WARNING  ALERTA MEDIUM: OEE bajo: 44.7%
[10:19:18] __main__             INFO     Señal recibida: 2
[10:19:19] __main__             INFO     Iniciando apagado del sistema...
[10:19:19] src.core.scanner_manager INFO     Iniciando apagado del sistema...
[10:19:19] src.hardware.zebra_scanner INFO     Desconectando Zebra DS3678...
[10:19:19] src.hardware.serial_interface INFO     Desconectando de puerto serie COM5...
[10:19:19] src.hardware.serial_interface INFO     Desconectado exitosamente
[10:19:19] src.hardware.zebra_scanner INFO     Zebra DS3678 desconectado
[10:19:19] src.core.scanner_manager INFO     Bucle de lectura del escáner terminado
[10:19:19] src.core.scanner_manager INFO     Bucle de procesamiento de comandos terminado
[10:19:19] src.core.scanner_manager INFO     Sistema apagado correctamente
[10:19:19] __main__             INFO     Scanner Manager detenido
[10:19:24] src.services.analytics_service INFO     Analytics Service detenido
[10:19:24] __main__             INFO     Servicio de Analytics detenido
[10:19:24] src.web.app          INFO     Servidor web detenido
[10:19:24] __main__             INFO     Aplicación Web detenida
[10:19:24] __main__             INFO     Sistema apagado correctamente
[10:19:24] __main__             INFO     ============================================================
[12:28:00] src.utils.logger     INFO     Sistema de logging Johnson Controls inicializado
[12:28:00] src.utils.logger     INFO     Nivel: INFO, Directorio: data\logs
[12:28:00] __main__             INFO     ============================================================
[12:28:00] __main__             INFO     JOHNSON CONTROLS - Sistema de Seguimiento Industrial
[12:28:00] __main__             INFO     Version 2.0 - Arquitectura Modular
[12:28:00] __main__             INFO     ============================================================
[12:28:00] __main__             INFO     Inicializando sistema...
[12:28:00] __main__             INFO     Planta: Planta Durango - Desarrollo (JCI_MX_DEV_001)
[12:28:00] __main__             INFO     Departamento: Manufactura - Testing
[12:28:00] __main__             INFO     Ambiente: development
[12:28:00] __main__             INFO     Puerto Serie: COM5
[12:28:00] __main__             INFO     Puerto Web: 5000
[12:28:00] __main__             INFO     Modo: full
[12:28:00] __main__             INFO     Directorios verificados/creados
[12:28:00] src.services.data_sync_service INFO     Data Sync Service inicializado
[12:28:00] src.services.analytics_service INFO     Analytics Service inicializado
[12:28:00] src.services.notification_service INFO     Notification Service inicializado
[12:28:00] src.core.scanner_manager INFO     Scanner Manager inicializado
[12:28:00] src.core.scanner_manager INFO     Iniciando sistema de escaneo Johnson Controls...
[12:28:00] src.services.data_sync_service INFO     Cargados 0 productos
[12:28:00] src.core.scanner_manager INFO     Cargados 0 productos existentes
[12:28:00] src.hardware.serial_interface INFO     Serial Interface inicializada para puerto COM5 @ 9600 baud
[12:28:00] src.hardware.zebra_scanner INFO     Zebra Scanner DS3678 inicializado para puerto COM5
[12:28:00] src.hardware.zebra_scanner INFO     Conectando a Zebra DS3678 en COM5...
[12:28:00] src.hardware.serial_interface INFO     Conectando a puerto serie COM5...
[12:28:00] src.hardware.serial_interface ERROR    Error de puerto serie: could not open port 'COM5': FileNotFoundError(2, 'El sistema no puede encontrar el archivo especificado.', None, 2)
[12:28:00] src.hardware.zebra_scanner ERROR    Error conectando interface serie
[12:28:00] src.core.scanner_manager WARNING  No se pudo conectar al escáner
[12:28:00] src.core.scanner_manager WARNING  Hardware no disponible - Modo simulación activado
[12:28:00] src.services.data_sync_service INFO     Estado inicial cargado correctamente
[12:28:00] src.services.data_sync_service INFO     Verificación de integridad completada
[12:28:00] src.services.data_sync_service INFO     Data Sync Service inicializado correctamente
[12:28:00] src.services.analytics_service INFO     Datos históricos cargados (simulado)
[12:28:00] src.services.analytics_service INFO     Analytics Service inicializado correctamente
[12:28:00] src.services.notification_service INFO     Notification Service inicializado correctamente
[12:28:00] src.core.scanner_manager INFO     Iniciando bucle de lectura del escáner
[12:28:00] src.core.scanner_manager INFO     Hilo de lectura del escáner iniciado
[12:28:00] src.core.scanner_manager INFO     Iniciando bucle de procesamiento de comandos
[12:28:00] src.core.scanner_manager INFO     Hilo de procesamiento de comandos iniciado
[12:28:00] src.core.scanner_manager INFO     Sistema de escaneo inicializado correctamente
[12:28:00] src.web.app          INFO     Web Application inicializada
[12:28:00] src.web.app          INFO     APIs registradas: data, control, analytics
[12:28:00] src.web.app          INFO     Web Application configurada correctamente
[12:28:00] src.services.analytics_service INFO     Analytics Service inicializado
[12:28:00] src.services.analytics_service INFO     Datos históricos cargados (simulado)
[12:28:00] src.services.analytics_service INFO     Analytics Service inicializado correctamente
[12:28:00] __main__             INFO     Sistema inicializado correctamente
[12:28:00] __main__             INFO     Iniciando sistema en modo: full
[12:28:00] __main__             INFO     Scanner Manager: Activo
[12:28:00] src.web.app          INFO     Iniciando servidor web en puerto 5000
[12:28:00] src.web.app          INFO     Servidor web iniciado
[12:28:00] __main__             INFO     Aplicación Web: http://localhost:5000
[12:28:00] src.services.analytics_service INFO     Iniciando bucle de analytics
[12:28:00] src.services.analytics_service INFO     Analytics Service iniciado
[12:28:00] src.services.analytics_service WARNING  ALERTA HIGH: Eficiencia baja: 47.0%
[12:28:00] __main__             INFO     Servicio de Analytics: Activo
[12:28:00] src.services.analytics_service WARNING  ALERTA MEDIUM: OEE bajo: 44.7%
[12:28:00] __main__             INFO     Sistema completo en ejecución...
[12:28:00] __main__             INFO     Presiona Ctrl+C para detener
[12:28:30] src.services.analytics_service WARNING  ALERTA HIGH: Eficiencia baja: 47.0%
[12:28:30] src.services.analytics_service WARNING  ALERTA MEDIUM: OEE bajo: 44.7%
[12:29:00] src.services.analytics_service WARNING  ALERTA HIGH: Eficiencia baja: 47.0%
[12:29:00] src.services.analytics_service WARNING  ALERTA MEDIUM: OEE bajo: 44.7%
[12:29:30] src.services.analytics_service WARNING  ALERTA HIGH: Eficiencia baja: 47.0%
[12:29:30] src.services.analytics_service WARNING  ALERTA MEDIUM: OEE bajo: 44.7%
[12:30:00] src.services.analytics_service WARNING  ALERTA HIGH: Eficiencia baja: 47.0%
[12:30:00] src.services.analytics_service WARNING  ALERTA MEDIUM: OEE bajo: 44.7%
[12:30:30] src.services.analytics_service WARNING  ALERTA HIGH: Eficiencia baja: 47.0%
[12:30:30] src.services.analytics_service WARNING  ALERTA MEDIUM: OEE bajo: 44.7%
[12:31:00] src.services.analytics_service WARNING  ALERTA HIGH: Eficiencia baja: 47.0%
[12:31:00] src.services.analytics_service WARNING  ALERTA MEDIUM: OEE bajo: 44.7%
[12:31:30] src.services.analytics_service WARNING  ALERTA HIGH: Eficiencia baja: 47.0%
[12:31:30] src.services.analytics_service WARNING  ALERTA MEDIUM: OEE bajo: 44.7%
[12:32:00] src.services.analytics_service WARNING  ALERTA HIGH: Eficiencia baja: 47.0%
[12:32:00] src.services.analytics_service WARNING  ALERTA MEDIUM: OEE bajo: 44.7%
[12:32:30] src.services.analytics_service WARNING  ALERTA HIGH: Eficiencia baja: 47.0%
[12:32:30] src.services.analytics_service WARNING  ALERTA MEDIUM: OEE bajo: 44.7%
[12:33:00] src.services.analytics_service WARNING  ALERTA HIGH: Eficiencia baja: 47.0%
[12:33:00] src.services.analytics_service WARNING  ALERTA MEDIUM: OEE bajo: 44.7%
[12:33:30] src.services.analytics_service WARNING  ALERTA HIGH: Eficiencia baja: 47.0%
[12:33:30] src.services.analytics_service WARNING  ALERTA MEDIUM: OEE bajo: 44.7%
[12:34:00] src.services.analytics_service WARNING  ALERTA HIGH: Eficiencia baja: 47.0%
[12:34:00] src.services.analytics_service WARNING  ALERTA MEDIUM: OEE bajo: 44.7%
[12:34:30] src.services.analytics_service WARNING  ALERTA HIGH: Eficiencia baja: 47.0%
[12:34:30] src.services.analytics_service WARNING  ALERTA MEDIUM: OEE bajo: 44.7%
[12:35:00] src.services.analytics_service WARNING  ALERTA HIGH: Eficiencia baja: 47.0%
[12:35:00] src.services.analytics_service WARNING  ALERTA MEDIUM: OEE bajo: 44.7%
[12:35:30] src.services.analytics_service WARNING  ALERTA HIGH: Eficiencia baja: 47.0%
[12:35:30] src.services.analytics_service WARNING  ALERTA MEDIUM: OEE bajo: 44.7%
[12:36:00] src.services.analytics_service WARNING  ALERTA HIGH: Eficiencia baja: 47.0%
[12:36:00] src.services.analytics_service WARNING  ALERTA MEDIUM: OEE bajo: 44.7%
[12:36:04] __main__             INFO     Señal recibida: 2
[12:36:05] __main__             INFO     Iniciando apagado del sistema...
[12:36:05] src.core.scanner_manager INFO     Iniciando apagado del sistema...
[12:36:05] src.hardware.zebra_scanner INFO     Desconectando Zebra DS3678...
[12:36:05] src.hardware.serial_interface INFO     Desconectando de puerto serie COM5...
[12:36:05] src.hardware.serial_interface INFO     Desconectado exitosamente
[12:36:05] src.hardware.zebra_scanner INFO     Zebra DS3678 desconectado
[12:36:05] src.core.scanner_manager INFO     Bucle de lectura del escáner terminado
[12:36:06] src.core.scanner_manager INFO     Bucle de procesamiento de comandos terminado
[12:36:06] src.core.scanner_manager INFO     Sistema apagado correctamente
[12:36:06] __main__             INFO     Scanner Manager detenido
[12:36:11] src.services.analytics_service INFO     Analytics Service detenido
[12:36:11] __main__             INFO     Servicio de Analytics detenido
[12:36:11] src.web.app          INFO     Servidor web detenido
[12:36:11] __main__             INFO     Aplicación Web detenida
[12:36:11] __main__             INFO     Sistema apagado correctamente
[12:36:11] __main__             INFO     ============================================================
[13:38:19] src.utils.logger     INFO     Sistema de logging Johnson Controls inicializado
[13:38:19] src.utils.logger     INFO     Nivel: INFO, Directorio: data\logs
[13:38:19] __main__             INFO     ============================================================
[13:38:19] __main__             INFO     JOHNSON CONTROLS - Sistema de Seguimiento Industrial
[13:38:19] __main__             INFO     Version 2.0 - Arquitectura Modular
[13:38:19] __main__             INFO     ============================================================
[13:38:19] __main__             INFO     Inicializando sistema...
[13:38:19] __main__             INFO     Planta: Planta Durango - Desarrollo (JCI_MX_DEV_001)
[13:38:19] __main__             INFO     Departamento: Manufactura - Testing
[13:38:19] __main__             INFO     Ambiente: development
[13:38:19] __main__             INFO     Puerto Serie: COM5
[13:38:19] __main__             INFO     Puerto Web: 5000
[13:38:19] __main__             INFO     Modo: full
[13:38:19] __main__             INFO     Directorios verificados/creados
[13:38:19] src.services.data_sync_service INFO     Data Sync Service inicializado
[13:38:19] src.services.analytics_service INFO     Analytics Service inicializado
[13:38:19] src.services.notification_service INFO     Notification Service inicializado
[13:38:19] src.core.scanner_manager INFO     Scanner Manager inicializado
[13:38:19] src.core.scanner_manager INFO     Iniciando sistema de escaneo Johnson Controls...
[13:38:19] src.services.data_sync_service INFO     Cargados 0 productos
[13:38:19] src.core.scanner_manager INFO     Cargados 0 productos existentes
[13:38:19] src.hardware.serial_interface INFO     Serial Interface inicializada para puerto COM5 @ 9600 baud
[13:38:19] src.hardware.zebra_scanner INFO     Zebra Scanner DS3678 inicializado para puerto COM5
[13:38:19] src.hardware.zebra_scanner INFO     Conectando a Zebra DS3678 en COM5...
[13:38:19] src.hardware.serial_interface INFO     Conectando a puerto serie COM5...
[13:38:19] src.hardware.serial_interface ERROR    Error de puerto serie: could not open port 'COM5': FileNotFoundError(2, 'El sistema no puede encontrar el archivo especificado.', None, 2)
[13:38:19] src.hardware.zebra_scanner ERROR    Error conectando interface serie
[13:38:19] src.core.scanner_manager WARNING  No se pudo conectar al escáner
[13:38:19] src.core.scanner_manager WARNING  Hardware no disponible - Modo simulación activado
[13:38:19] src.services.data_sync_service INFO     Estado inicial cargado correctamente
[13:38:19] src.services.data_sync_service INFO     Verificación de integridad completada
[13:38:19] src.services.data_sync_service INFO     Data Sync Service inicializado correctamente
[13:38:19] src.services.analytics_service INFO     Datos históricos cargados (simulado)
[13:38:19] src.services.analytics_service INFO     Analytics Service inicializado correctamente
[13:38:19] src.services.notification_service INFO     Notification Service inicializado correctamente
[13:38:19] src.core.scanner_manager INFO     Iniciando bucle de lectura del escáner
[13:38:19] src.core.scanner_manager INFO     Hilo de lectura del escáner iniciado
[13:38:19] src.core.scanner_manager INFO     Iniciando bucle de procesamiento de comandos
[13:38:19] src.core.scanner_manager INFO     Hilo de procesamiento de comandos iniciado
[13:38:19] src.core.scanner_manager INFO     Sistema de escaneo inicializado correctamente
[13:38:19] src.web.app          INFO     Web Application inicializada con archivos estáticos
[13:38:19] src.web.app          INFO     APIs registradas: data, control, analytics
[13:38:19] src.web.app          INFO     Web Application configurada correctamente
[13:38:19] src.services.analytics_service INFO     Analytics Service inicializado
[13:38:19] src.services.analytics_service INFO     Datos históricos cargados (simulado)
[13:38:19] src.services.analytics_service INFO     Analytics Service inicializado correctamente
[13:38:19] __main__             INFO     Sistema inicializado correctamente
[13:38:19] __main__             INFO     Iniciando sistema en modo: full
[13:38:19] __main__             INFO     Scanner Manager: Activo
[13:38:19] src.web.app          INFO     Iniciando servidor web en puerto 5000
[13:38:19] src.web.app          INFO     Servidor web iniciado
[13:38:19] __main__             INFO     Aplicación Web: http://localhost:5000
[13:38:19] src.services.analytics_service INFO     Iniciando bucle de analytics
[13:38:19] src.services.analytics_service INFO     Analytics Service iniciado
[13:38:19] src.services.analytics_service WARNING  ALERTA HIGH: Eficiencia baja: 47.0%
[13:38:19] __main__             INFO     Servicio de Analytics: Activo
[13:38:19] src.services.analytics_service WARNING  ALERTA MEDIUM: OEE bajo: 44.7%
[13:38:19] __main__             INFO     Sistema completo en ejecución...
[13:38:19] __main__             INFO     Presiona Ctrl+C para detener
[13:38:19] src.web.app          ERROR    Error iniciando servidor web: signal only works in main thread of the main interpreter
[13:38:49] src.services.analytics_service WARNING  ALERTA HIGH: Eficiencia baja: 47.0%
[13:38:49] src.services.analytics_service WARNING  ALERTA MEDIUM: OEE bajo: 44.7%
[13:39:19] src.services.analytics_service WARNING  ALERTA HIGH: Eficiencia baja: 47.0%
[13:39:19] src.services.analytics_service WARNING  ALERTA MEDIUM: OEE bajo: 44.7%
[13:39:38] __main__             INFO     Señal recibida: 2
[13:39:39] __main__             INFO     Iniciando apagado del sistema...
[13:39:39] src.core.scanner_manager INFO     Iniciando apagado del sistema...
[13:39:39] src.hardware.zebra_scanner INFO     Desconectando Zebra DS3678...
[13:39:39] src.hardware.serial_interface INFO     Desconectando de puerto serie COM5...
[13:39:39] src.hardware.serial_interface INFO     Desconectado exitosamente
[13:39:39] src.hardware.zebra_scanner INFO     Zebra DS3678 desconectado
[13:39:39] src.core.scanner_manager INFO     Bucle de lectura del escáner terminado
[13:39:39] src.core.scanner_manager INFO     Bucle de procesamiento de comandos terminado
[13:39:39] src.core.scanner_manager INFO     Sistema apagado correctamente
[13:39:39] __main__             INFO     Scanner Manager detenido
[13:39:44] src.services.analytics_service INFO     Analytics Service detenido
[13:39:44] __main__             INFO     Servicio de Analytics detenido
[13:39:44] src.web.app          INFO     Servidor web detenido
[13:39:44] __main__             INFO     Aplicación Web detenida
[13:39:44] __main__             INFO     Sistema apagado correctamente
[13:39:44] __main__             INFO     ============================================================
[13:39:48] src.utils.logger     INFO     Sistema de logging Johnson Controls inicializado
[13:39:48] src.utils.logger     INFO     Nivel: INFO, Directorio: data\logs
[13:39:48] __main__             INFO     ============================================================
[13:39:48] __main__             INFO     JOHNSON CONTROLS - Sistema de Seguimiento Industrial
[13:39:48] __main__             INFO     Version 2.0 - Arquitectura Modular
[13:39:48] __main__             INFO     ============================================================
[13:39:48] __main__             INFO     Inicializando sistema...
[13:39:48] __main__             INFO     Planta: Planta Durango - Desarrollo (JCI_MX_DEV_001)
[13:39:48] __main__             INFO     Departamento: Manufactura - Testing
[13:39:48] __main__             INFO     Ambiente: development
[13:39:48] __main__             INFO     Puerto Serie: COM5
[13:39:48] __main__             INFO     Puerto Web: 5000
[13:39:48] __main__             INFO     Modo: full
[13:39:48] __main__             INFO     Directorios verificados/creados
[13:39:48] src.services.data_sync_service INFO     Data Sync Service inicializado
[13:39:48] src.services.analytics_service INFO     Analytics Service inicializado
[13:39:48] src.services.notification_service INFO     Notification Service inicializado
[13:39:48] src.core.scanner_manager INFO     Scanner Manager inicializado
[13:39:48] src.core.scanner_manager INFO     Iniciando sistema de escaneo Johnson Controls...
[13:39:48] src.services.data_sync_service INFO     Cargados 0 productos
[13:39:48] src.core.scanner_manager INFO     Cargados 0 productos existentes
[13:39:48] src.hardware.serial_interface INFO     Serial Interface inicializada para puerto COM5 @ 9600 baud
[13:39:48] src.hardware.zebra_scanner INFO     Zebra Scanner DS3678 inicializado para puerto COM5
[13:39:48] src.hardware.zebra_scanner INFO     Conectando a Zebra DS3678 en COM5...
[13:39:48] src.hardware.serial_interface INFO     Conectando a puerto serie COM5...
[13:39:48] src.hardware.serial_interface ERROR    Error de puerto serie: could not open port 'COM5': FileNotFoundError(2, 'El sistema no puede encontrar el archivo especificado.', None, 2)
[13:39:48] src.hardware.zebra_scanner ERROR    Error conectando interface serie
[13:39:48] src.core.scanner_manager WARNING  No se pudo conectar al escáner
[13:39:48] src.core.scanner_manager WARNING  Hardware no disponible - Modo simulación activado
[13:39:48] src.services.data_sync_service INFO     Estado inicial cargado correctamente
[13:39:48] src.services.data_sync_service INFO     Verificación de integridad completada
[13:39:48] src.services.data_sync_service INFO     Data Sync Service inicializado correctamente
[13:39:48] src.services.analytics_service INFO     Datos históricos cargados (simulado)
[13:39:48] src.services.analytics_service INFO     Analytics Service inicializado correctamente
[13:39:48] src.services.notification_service INFO     Notification Service inicializado correctamente
[13:39:48] src.core.scanner_manager INFO     Iniciando bucle de lectura del escáner
[13:39:48] src.core.scanner_manager INFO     Hilo de lectura del escáner iniciado
[13:39:48] src.core.scanner_manager INFO     Iniciando bucle de procesamiento de comandos
[13:39:48] src.core.scanner_manager INFO     Hilo de procesamiento de comandos iniciado
[13:39:48] src.core.scanner_manager INFO     Sistema de escaneo inicializado correctamente
[13:39:48] src.web.app          INFO     Web Application inicializada con archivos estáticos
[13:39:48] src.web.app          INFO     APIs registradas: data, control, analytics
[13:39:48] src.web.app          INFO     Web Application configurada correctamente
[13:39:48] src.services.analytics_service INFO     Analytics Service inicializado
[13:39:48] src.services.analytics_service INFO     Datos históricos cargados (simulado)
[13:39:48] src.services.analytics_service INFO     Analytics Service inicializado correctamente
[13:39:48] __main__             INFO     Sistema inicializado correctamente
[13:39:48] __main__             INFO     Iniciando sistema en modo: full
[13:39:48] __main__             INFO     Scanner Manager: Activo
[13:39:48] src.web.app          INFO     Iniciando servidor web en puerto 5000
[13:39:48] src.web.app          INFO     Servidor web iniciado
[13:39:48] __main__             INFO     Aplicación Web: http://localhost:5000
[13:39:48] src.services.analytics_service INFO     Iniciando bucle de analytics
[13:39:48] src.services.analytics_service INFO     Analytics Service iniciado
[13:39:48] src.services.analytics_service WARNING  ALERTA HIGH: Eficiencia baja: 47.0%
[13:39:48] __main__             INFO     Servicio de Analytics: Activo
[13:39:48] src.services.analytics_service WARNING  ALERTA MEDIUM: OEE bajo: 44.7%
[13:39:48] __main__             INFO     Sistema completo en ejecución...
[13:39:48] __main__             INFO     Presiona Ctrl+C para detener
[13:40:13] __main__             INFO     Señal recibida: 2
[13:40:13] __main__             INFO     Iniciando apagado del sistema...
[13:40:13] src.core.scanner_manager INFO     Iniciando apagado del sistema...
[13:40:13] src.hardware.zebra_scanner INFO     Desconectando Zebra DS3678...
[13:40:13] src.hardware.serial_interface INFO     Desconectando de puerto serie COM5...
[13:40:13] src.hardware.serial_interface INFO     Desconectado exitosamente
[13:40:13] src.hardware.zebra_scanner INFO     Zebra DS3678 desconectado
[13:40:13] src.core.scanner_manager INFO     Bucle de lectura del escáner terminado
[13:40:13] src.core.scanner_manager INFO     Bucle de procesamiento de comandos terminado
[13:40:13] src.core.scanner_manager INFO     Sistema apagado correctamente
[13:40:13] __main__             INFO     Scanner Manager detenido
[13:40:18] src.services.analytics_service INFO     Bucle de analytics terminado
[13:40:18] src.services.analytics_service INFO     Analytics Service detenido
[13:40:18] __main__             INFO     Servicio de Analytics detenido
[13:40:18] src.web.app          INFO     Servidor web detenido
[13:40:18] __main__             INFO     Aplicación Web detenida
[13:40:18] __main__             INFO     Sistema apagado correctamente
[13:40:18] __main__             INFO     ============================================================
[13:40:22] src.utils.logger     INFO     Sistema de logging Johnson Controls inicializado
[13:40:22] src.utils.logger     INFO     Nivel: INFO, Directorio: data\logs
[13:40:22] __main__             INFO     ============================================================
[13:40:22] __main__             INFO     JOHNSON CONTROLS - Sistema de Seguimiento Industrial
[13:40:22] __main__             INFO     Version 2.0 - Arquitectura Modular
[13:40:22] __main__             INFO     ============================================================
[13:40:22] __main__             INFO     Inicializando sistema...
[13:40:22] __main__             INFO     Planta: Planta Durango - Desarrollo (JCI_MX_DEV_001)
[13:40:22] __main__             INFO     Departamento: Manufactura - Testing
[13:40:22] __main__             INFO     Ambiente: development
[13:40:22] __main__             INFO     Puerto Serie: COM5
[13:40:22] __main__             INFO     Puerto Web: 5000
[13:40:22] __main__             INFO     Modo: full
[13:40:22] __main__             INFO     Directorios verificados/creados
[13:40:22] src.services.data_sync_service INFO     Data Sync Service inicializado
[13:40:22] src.services.analytics_service INFO     Analytics Service inicializado
[13:40:22] src.services.notification_service INFO     Notification Service inicializado
[13:40:22] src.core.scanner_manager INFO     Scanner Manager inicializado
[13:40:22] src.core.scanner_manager INFO     Iniciando sistema de escaneo Johnson Controls...
[13:40:22] src.services.data_sync_service INFO     Cargados 0 productos
[13:40:22] src.core.scanner_manager INFO     Cargados 0 productos existentes
[13:40:22] src.hardware.serial_interface INFO     Serial Interface inicializada para puerto COM5 @ 9600 baud
[13:40:22] src.hardware.zebra_scanner INFO     Zebra Scanner DS3678 inicializado para puerto COM5
[13:40:22] src.hardware.zebra_scanner INFO     Conectando a Zebra DS3678 en COM5...
[13:40:22] src.hardware.serial_interface INFO     Conectando a puerto serie COM5...
[13:40:22] src.hardware.serial_interface ERROR    Error de puerto serie: could not open port 'COM5': FileNotFoundError(2, 'El sistema no puede encontrar el archivo especificado.', None, 2)
[13:40:22] src.hardware.zebra_scanner ERROR    Error conectando interface serie
[13:40:22] src.core.scanner_manager WARNING  No se pudo conectar al escáner
[13:40:22] src.core.scanner_manager WARNING  Hardware no disponible - Modo simulación activado
[13:40:22] src.services.data_sync_service INFO     Estado inicial cargado correctamente
[13:40:22] src.services.data_sync_service INFO     Verificación de integridad completada
[13:40:22] src.services.data_sync_service INFO     Data Sync Service inicializado correctamente
[13:40:22] src.services.analytics_service INFO     Datos históricos cargados (simulado)
[13:40:22] src.services.analytics_service INFO     Analytics Service inicializado correctamente
[13:40:22] src.services.notification_service INFO     Notification Service inicializado correctamente
[13:40:22] src.core.scanner_manager INFO     Iniciando bucle de lectura del escáner
[13:40:22] src.core.scanner_manager INFO     Hilo de lectura del escáner iniciado
[13:40:22] src.core.scanner_manager INFO     Iniciando bucle de procesamiento de comandos
[13:40:22] src.core.scanner_manager INFO     Hilo de procesamiento de comandos iniciado
[13:40:22] src.core.scanner_manager INFO     Sistema de escaneo inicializado correctamente
[13:40:22] src.web.app          INFO     Web Application inicializada con archivos estáticos
[13:40:22] src.web.app          INFO     APIs registradas: data, control, analytics
[13:40:22] src.web.app          INFO     Web Application configurada correctamente
[13:40:22] src.services.analytics_service INFO     Analytics Service inicializado
[13:40:22] src.services.analytics_service INFO     Datos históricos cargados (simulado)
[13:40:22] src.services.analytics_service INFO     Analytics Service inicializado correctamente
[13:40:22] __main__             INFO     Sistema inicializado correctamente
[13:40:22] __main__             INFO     Iniciando sistema en modo: full
[13:40:22] __main__             INFO     Scanner Manager: Activo
[13:40:22] src.web.app          INFO     Iniciando servidor web en puerto 5000
[13:40:22] src.web.app          INFO     Servidor web iniciado
[13:40:22] __main__             INFO     Aplicación Web: http://localhost:5000
[13:40:22] src.services.analytics_service INFO     Iniciando bucle de analytics
[13:40:22] src.services.analytics_service INFO     Analytics Service iniciado
[13:40:22] src.services.analytics_service WARNING  ALERTA HIGH: Eficiencia baja: 47.0%
[13:40:22] __main__             INFO     Servicio de Analytics: Activo
[13:40:22] src.services.analytics_service WARNING  ALERTA MEDIUM: OEE bajo: 44.7%
[13:40:22] __main__             INFO     Sistema completo en ejecución...
[13:40:22] __main__             INFO     Presiona Ctrl+C para detener
[13:40:52] src.services.analytics_service WARNING  ALERTA HIGH: Eficiencia baja: 47.0%
[13:40:52] src.services.analytics_service WARNING  ALERTA MEDIUM: OEE bajo: 44.7%
[13:41:22] src.services.analytics_service WARNING  ALERTA HIGH: Eficiencia baja: 47.0%
[13:41:22] src.services.analytics_service WARNING  ALERTA MEDIUM: OEE bajo: 44.7%
[13:41:44] __main__             INFO     Señal recibida: 2
[13:41:47] __main__             INFO     Iniciando apagado del sistema...
[13:41:47] src.core.scanner_manager INFO     Iniciando apagado del sistema...
[13:41:47] src.hardware.zebra_scanner INFO     Desconectando Zebra DS3678...
[13:41:47] src.hardware.serial_interface INFO     Desconectando de puerto serie COM5...
[13:41:47] src.hardware.serial_interface INFO     Desconectado exitosamente
[13:41:47] src.hardware.zebra_scanner INFO     Zebra DS3678 desconectado
[13:41:47] src.core.scanner_manager INFO     Bucle de lectura del escáner terminado
[13:41:48] src.core.scanner_manager INFO     Bucle de procesamiento de comandos terminado
[13:41:48] src.core.scanner_manager INFO     Sistema apagado correctamente
[13:41:48] __main__             INFO     Scanner Manager detenido
[13:41:52] src.services.analytics_service INFO     Bucle de analytics terminado
[13:41:52] src.services.analytics_service INFO     Analytics Service detenido
[13:41:52] __main__             INFO     Servicio de Analytics detenido
[13:41:52] src.web.app          INFO     Servidor web detenido
[13:41:52] __main__             INFO     Aplicación Web detenida
[13:41:52] __main__             INFO     Sistema apagado correctamente
[13:41:52] __main__             INFO     ============================================================
[14:46:36] src.utils.logger     INFO     Sistema de logging Johnson Controls inicializado
[14:46:36] src.utils.logger     INFO     Nivel: INFO, Directorio: data\logs
[14:46:36] __main__             INFO     ============================================================
[14:46:36] __main__             INFO     JOHNSON CONTROLS - Sistema de Seguimiento Industrial
[14:46:36] __main__             INFO     Version 2.0 - Arquitectura Modular
[14:46:36] __main__             INFO     ============================================================
[14:46:36] __main__             INFO     Inicializando sistema...
[14:46:36] __main__             INFO     Planta: Planta Durango - Desarrollo (JCI_MX_DEV_001)
[14:46:36] __main__             INFO     Departamento: Manufactura - Testing
[14:46:36] __main__             INFO     Ambiente: development
[14:46:36] __main__             INFO     Puerto Serie: COM5
[14:46:36] __main__             INFO     Puerto Web: 5000
[14:46:36] __main__             INFO     Modo: full
[14:46:36] __main__             INFO     Directorios verificados/creados
[14:46:36] src.services.data_sync_service INFO     Data Sync Service inicializado
[14:46:36] src.services.analytics_service INFO     Analytics Service inicializado
[14:46:36] src.services.notification_service INFO     Notification Service inicializado
[14:46:36] src.core.scanner_manager INFO     Scanner Manager inicializado
[14:46:36] src.core.scanner_manager INFO     Iniciando sistema de escaneo Johnson Controls...
[14:46:36] src.services.data_sync_service INFO     Cargados 0 productos
[14:46:36] src.core.scanner_manager INFO     Cargados 0 productos existentes
[14:46:36] src.hardware.serial_interface INFO     Serial Interface inicializada para puerto COM5 @ 9600 baud
[14:46:36] src.hardware.zebra_scanner INFO     Zebra Scanner DS3678 inicializado para puerto COM5
[14:46:36] src.hardware.zebra_scanner INFO     Conectando a Zebra DS3678 en COM5...
[14:46:36] src.hardware.serial_interface INFO     Conectando a puerto serie COM5...
[14:46:36] src.hardware.serial_interface ERROR    Error de puerto serie: could not open port 'COM5': FileNotFoundError(2, 'El sistema no puede encontrar el archivo especificado.', None, 2)
[14:46:36] src.hardware.zebra_scanner ERROR    Error conectando interface serie
[14:46:36] src.core.scanner_manager WARNING  No se pudo conectar al escáner
[14:46:36] src.core.scanner_manager WARNING  Hardware no disponible - Modo simulación activado
[14:46:36] src.services.data_sync_service INFO     Estado inicial cargado correctamente
[14:46:36] src.services.data_sync_service INFO     Verificación de integridad completada
[14:46:36] src.services.data_sync_service INFO     Data Sync Service inicializado correctamente
[14:46:36] src.services.analytics_service INFO     Datos históricos cargados (simulado)
[14:46:36] src.services.analytics_service INFO     Analytics Service inicializado correctamente
[14:46:36] src.services.notification_service INFO     Notification Service inicializado correctamente
[14:46:36] src.core.scanner_manager INFO     Iniciando bucle de lectura del escáner
[14:46:36] src.core.scanner_manager INFO     Hilo de lectura del escáner iniciado
[14:46:36] src.core.scanner_manager INFO     Iniciando bucle de procesamiento de comandos
[14:46:36] src.core.scanner_manager INFO     Hilo de procesamiento de comandos iniciado
[14:46:36] src.core.scanner_manager INFO     Sistema de escaneo inicializado correctamente
[14:46:36] src.web.app          INFO     Web Application inicializada con archivos estáticos
[14:46:36] src.web.app          INFO     APIs registradas: data, control, analytics
[14:46:36] src.web.app          INFO     Web Application configurada correctamente
[14:46:36] src.services.analytics_service INFO     Analytics Service inicializado
[14:46:36] src.services.analytics_service INFO     Datos históricos cargados (simulado)
[14:46:36] src.services.analytics_service INFO     Analytics Service inicializado correctamente
[14:46:36] __main__             INFO     Sistema inicializado correctamente
[14:46:36] __main__             INFO     Iniciando sistema en modo: full
[14:46:36] __main__             INFO     Scanner Manager: Activo
[14:46:36] src.web.app          INFO     Iniciando servidor web en puerto 5000
[14:46:36] src.web.app          INFO     Servidor web iniciado
[14:46:36] __main__             INFO     Aplicación Web: http://localhost:5000
[14:46:36] src.services.analytics_service INFO     Iniciando bucle de analytics
[14:46:36] src.services.analytics_service INFO     Analytics Service iniciado
[14:46:36] src.services.analytics_service WARNING  ALERTA HIGH: Eficiencia baja: 47.0%
[14:46:36] __main__             INFO     Servicio de Analytics: Activo
[14:46:36] src.services.analytics_service WARNING  ALERTA MEDIUM: OEE bajo: 44.7%
[14:46:36] __main__             INFO     Sistema completo en ejecución...
[14:46:36] __main__             INFO     Presiona Ctrl+C para detener
[14:47:06] src.services.analytics_service WARNING  ALERTA HIGH: Eficiencia baja: 47.0%
[14:47:06] src.services.analytics_service WARNING  ALERTA MEDIUM: OEE bajo: 44.7%
[14:47:36] src.services.analytics_service WARNING  ALERTA HIGH: Eficiencia baja: 47.0%
[14:47:36] src.services.analytics_service WARNING  ALERTA MEDIUM: OEE bajo: 44.7%
[14:48:06] src.services.analytics_service WARNING  ALERTA HIGH: Eficiencia baja: 47.0%
[14:48:06] src.services.analytics_service WARNING  ALERTA MEDIUM: OEE bajo: 44.7%
[14:48:36] src.services.analytics_service WARNING  ALERTA HIGH: Eficiencia baja: 47.0%
[14:48:36] src.services.analytics_service WARNING  ALERTA MEDIUM: OEE bajo: 44.7%
[14:49:06] src.services.analytics_service WARNING  ALERTA HIGH: Eficiencia baja: 47.0%
[14:49:06] src.services.analytics_service WARNING  ALERTA MEDIUM: OEE bajo: 44.7%
[14:49:36] src.services.analytics_service WARNING  ALERTA HIGH: Eficiencia baja: 47.0%
[14:49:36] src.services.analytics_service WARNING  ALERTA MEDIUM: OEE bajo: 44.7%
[14:50:06] src.services.analytics_service WARNING  ALERTA HIGH: Eficiencia baja: 47.0%
[14:50:06] src.services.analytics_service WARNING  ALERTA MEDIUM: OEE bajo: 44.7%
[14:50:36] src.services.analytics_service WARNING  ALERTA HIGH: Eficiencia baja: 47.0%
[14:50:36] src.services.analytics_service WARNING  ALERTA MEDIUM: OEE bajo: 44.7%
[14:51:06] src.services.analytics_service WARNING  ALERTA HIGH: Eficiencia baja: 47.0%
[14:51:06] src.services.analytics_service WARNING  ALERTA MEDIUM: OEE bajo: 44.7%
[14:51:36] src.services.analytics_service WARNING  ALERTA HIGH: Eficiencia baja: 47.0%
[14:51:36] src.services.analytics_service WARNING  ALERTA MEDIUM: OEE bajo: 44.7%
[14:52:06] src.services.analytics_service WARNING  ALERTA HIGH: Eficiencia baja: 47.0%
[14:52:06] src.services.analytics_service WARNING  ALERTA MEDIUM: OEE bajo: 44.7%
[14:52:36] src.services.analytics_service WARNING  ALERTA HIGH: Eficiencia baja: 47.0%
[14:52:36] src.services.analytics_service WARNING  ALERTA MEDIUM: OEE bajo: 44.7%
[14:53:06] src.services.analytics_service WARNING  ALERTA HIGH: Eficiencia baja: 47.0%
[14:53:06] src.services.analytics_service WARNING  ALERTA MEDIUM: OEE bajo: 44.7%
[14:53:36] src.services.analytics_service WARNING  ALERTA HIGH: Eficiencia baja: 47.0%
[14:53:36] src.services.analytics_service WARNING  ALERTA MEDIUM: OEE bajo: 44.7%
[14:54:06] src.services.analytics_service WARNING  ALERTA HIGH: Eficiencia baja: 47.0%
[14:54:06] src.services.analytics_service WARNING  ALERTA MEDIUM: OEE bajo: 44.7%
[14:54:36] src.services.analytics_service WARNING  ALERTA HIGH: Eficiencia baja: 47.0%
[14:54:36] src.services.analytics_service WARNING  ALERTA MEDIUM: OEE bajo: 44.7%
[14:55:06] src.services.analytics_service WARNING  ALERTA HIGH: Eficiencia baja: 47.0%
[14:55:06] src.services.analytics_service WARNING  ALERTA MEDIUM: OEE bajo: 44.7%
[14:55:36] src.services.analytics_service WARNING  ALERTA HIGH: Eficiencia baja: 47.0%
[14:55:36] src.services.analytics_service WARNING  ALERTA MEDIUM: OEE bajo: 44.7%
[14:56:06] src.services.analytics_service WARNING  ALERTA HIGH: Eficiencia baja: 47.0%
[14:56:06] src.services.analytics_service WARNING  ALERTA MEDIUM: OEE bajo: 44.7%
[14:56:36] src.services.analytics_service WARNING  ALERTA HIGH: Eficiencia baja: 47.0%
[14:56:36] src.services.analytics_service WARNING  ALERTA MEDIUM: OEE bajo: 44.7%
[14:57:06] src.services.analytics_service WARNING  ALERTA HIGH: Eficiencia baja: 47.0%
[14:57:06] src.services.analytics_service WARNING  ALERTA MEDIUM: OEE bajo: 44.7%
[14:57:36] src.services.analytics_service WARNING  ALERTA HIGH: Eficiencia baja: 47.0%
[14:57:36] src.services.analytics_service WARNING  ALERTA MEDIUM: OEE bajo: 44.7%
[14:58:06] src.services.analytics_service WARNING  ALERTA HIGH: Eficiencia baja: 47.0%
[14:58:06] src.services.analytics_service WARNING  ALERTA MEDIUM: OEE bajo: 44.7%
[14:58:36] src.services.analytics_service WARNING  ALERTA HIGH: Eficiencia baja: 47.0%
[14:58:36] src.services.analytics_service WARNING  ALERTA MEDIUM: OEE bajo: 44.7%
[14:59:06] src.services.analytics_service WARNING  ALERTA HIGH: Eficiencia baja: 47.0%
[14:59:06] src.services.analytics_service WARNING  ALERTA MEDIUM: OEE bajo: 44.7%
[14:59:36] src.services.analytics_service WARNING  ALERTA HIGH: Eficiencia baja: 47.0%
[14:59:36] src.services.analytics_service WARNING  ALERTA MEDIUM: OEE bajo: 44.7%
[15:00:06] src.services.analytics_service WARNING  ALERTA HIGH: Eficiencia baja: 47.0%
[15:00:06] src.services.analytics_service WARNING  ALERTA MEDIUM: OEE bajo: 44.7%
[15:00:29] __main__             INFO     Señal recibida: 2
[15:00:31] __main__             INFO     Iniciando apagado del sistema...
[15:00:31] src.core.scanner_manager INFO     Iniciando apagado del sistema...
[15:00:31] src.hardware.zebra_scanner INFO     Desconectando Zebra DS3678...
[15:00:31] src.hardware.serial_interface INFO     Desconectando de puerto serie COM5...
[15:00:31] src.hardware.serial_interface INFO     Desconectado exitosamente
[15:00:31] src.hardware.zebra_scanner INFO     Zebra DS3678 desconectado
[15:00:31] src.core.scanner_manager INFO     Bucle de lectura del escáner terminado
[15:00:31] src.core.scanner_manager INFO     Bucle de procesamiento de comandos terminado
[15:00:31] src.core.scanner_manager INFO     Sistema apagado correctamente
[15:00:31] __main__             INFO     Scanner Manager detenido
[15:00:36] src.services.analytics_service INFO     Bucle de analytics terminado
[15:00:36] src.services.analytics_service INFO     Analytics Service detenido
[15:00:36] __main__             INFO     Servicio de Analytics detenido
[15:00:36] src.web.app          INFO     Servidor web detenido
[15:00:36] __main__             INFO     Aplicación Web detenida
[15:00:36] __main__             INFO     Sistema apagado correctamente
[15:00:36] __main__             INFO     ============================================================
[15:01:47] src.utils.logger     INFO     Sistema de logging Johnson Controls inicializado
[15:01:47] src.utils.logger     INFO     Nivel: INFO, Directorio: data\logs
[15:01:47] __main__             INFO     ============================================================
[15:01:47] __main__             INFO     JOHNSON CONTROLS - Sistema de Seguimiento Industrial
[15:01:47] __main__             INFO     Version 2.0 - Arquitectura Modular
[15:01:47] __main__             INFO     ============================================================
[15:01:47] __main__             INFO     Inicializando sistema...
[15:01:47] __main__             INFO     Planta: Planta Durango - Desarrollo (JCI_MX_DEV_001)
[15:01:47] __main__             INFO     Departamento: Manufactura - Testing
[15:01:47] __main__             INFO     Ambiente: development
[15:01:47] __main__             INFO     Puerto Serie: COM5
[15:01:47] __main__             INFO     Puerto Web: 5000
[15:01:47] __main__             INFO     Modo: full
[15:01:47] __main__             INFO     Directorios verificados/creados
[15:01:47] src.services.data_sync_service INFO     Data Sync Service inicializado
[15:01:47] src.services.analytics_service INFO     Analytics Service inicializado
[15:01:47] src.services.notification_service INFO     Notification Service inicializado
[15:01:47] src.core.scanner_manager INFO     Scanner Manager inicializado
[15:01:47] src.core.scanner_manager INFO     Iniciando sistema de escaneo Johnson Controls...
[15:01:47] src.services.data_sync_service INFO     Cargados 0 productos
[15:01:47] src.core.scanner_manager INFO     Cargados 0 productos existentes
[15:01:47] src.hardware.serial_interface INFO     Serial Interface inicializada para puerto COM5 @ 9600 baud
[15:01:47] src.hardware.zebra_scanner INFO     Zebra Scanner DS3678 inicializado para puerto COM5
[15:01:47] src.hardware.zebra_scanner INFO     Conectando a Zebra DS3678 en COM5...
[15:01:47] src.hardware.serial_interface INFO     Conectando a puerto serie COM5...
[15:01:47] src.hardware.serial_interface ERROR    Error de puerto serie: could not open port 'COM5': FileNotFoundError(2, 'El sistema no puede encontrar el archivo especificado.', None, 2)
[15:01:47] src.hardware.zebra_scanner ERROR    Error conectando interface serie
[15:01:47] src.core.scanner_manager WARNING  No se pudo conectar al escáner
[15:01:47] src.core.scanner_manager WARNING  Hardware no disponible - Modo simulación activado
[15:01:47] src.services.data_sync_service INFO     Estado inicial cargado correctamente
[15:01:47] src.services.data_sync_service INFO     Verificación de integridad completada
[15:01:47] src.services.data_sync_service INFO     Data Sync Service inicializado correctamente
[15:01:47] src.services.analytics_service INFO     Datos históricos cargados (simulado)
[15:01:47] src.services.analytics_service INFO     Analytics Service inicializado correctamente
[15:01:47] src.services.notification_service INFO     Notification Service inicializado correctamente
[15:01:47] src.core.scanner_manager INFO     Iniciando bucle de lectura del escáner
[15:01:47] src.core.scanner_manager INFO     Hilo de lectura del escáner iniciado
[15:01:47] src.core.scanner_manager INFO     Iniciando bucle de procesamiento de comandos
[15:01:47] src.core.scanner_manager INFO     Hilo de procesamiento de comandos iniciado
[15:01:47] src.core.scanner_manager INFO     Sistema de escaneo inicializado correctamente
[15:01:47] __main__             ERROR    Error en inicialización: 'WebApplication' object has no attribute 'initialize'
[15:11:05] src.utils.logger     INFO     Sistema de logging Johnson Controls inicializado
[15:11:05] src.utils.logger     INFO     Nivel: INFO, Directorio: data\logs
[15:11:05] __main__             INFO     ============================================================
[15:11:05] __main__             INFO     JOHNSON CONTROLS - Sistema de Seguimiento Industrial
[15:11:05] __main__             INFO     Version 2.0 - Arquitectura Modular
[15:11:05] __main__             INFO     ============================================================
[15:11:05] __main__             INFO     Inicializando sistema...
[15:11:05] __main__             INFO     Planta: Planta Durango - Desarrollo (JCI_MX_DEV_001)
[15:11:05] __main__             INFO     Departamento: Manufactura - Testing
[15:11:05] __main__             INFO     Ambiente: development
[15:11:05] __main__             INFO     Puerto Serie: COM5
[15:11:05] __main__             INFO     Puerto Web: 5000
[15:11:05] __main__             INFO     Modo: full
[15:11:05] __main__             INFO     Directorios verificados/creados
[15:11:05] src.services.data_sync_service INFO     Data Sync Service inicializado
[15:11:05] src.services.analytics_service INFO     Analytics Service inicializado
[15:11:05] src.services.notification_service INFO     Notification Service inicializado
[15:11:05] src.core.scanner_manager INFO     Scanner Manager inicializado
[15:11:05] src.core.scanner_manager INFO     Iniciando sistema de escaneo Johnson Controls...
[15:11:05] src.services.data_sync_service INFO     Cargados 0 productos
[15:11:05] src.core.scanner_manager INFO     Cargados 0 productos existentes
[15:11:05] src.hardware.serial_interface INFO     Serial Interface inicializada para puerto COM5 @ 9600 baud
[15:11:05] src.hardware.zebra_scanner INFO     Zebra Scanner DS3678 inicializado para puerto COM5
[15:11:05] src.hardware.zebra_scanner INFO     Conectando a Zebra DS3678 en COM5...
[15:11:05] src.hardware.serial_interface INFO     Conectando a puerto serie COM5...
[15:11:05] src.hardware.serial_interface ERROR    Error de puerto serie: could not open port 'COM5': FileNotFoundError(2, 'El sistema no puede encontrar el archivo especificado.', None, 2)
[15:11:05] src.hardware.zebra_scanner ERROR    Error conectando interface serie
[15:11:05] src.core.scanner_manager WARNING  No se pudo conectar al escáner
[15:11:05] src.core.scanner_manager WARNING  Hardware no disponible - Modo simulación activado
[15:11:05] src.services.data_sync_service INFO     Estado inicial cargado correctamente
[15:11:05] src.services.data_sync_service INFO     Verificación de integridad completada
[15:11:05] src.services.data_sync_service INFO     Data Sync Service inicializado correctamente
[15:11:05] src.services.analytics_service INFO     Datos históricos cargados (simulado)
[15:11:05] src.services.analytics_service INFO     Analytics Service inicializado correctamente
[15:11:05] src.services.notification_service INFO     Notification Service inicializado correctamente
[15:11:05] src.core.scanner_manager INFO     Iniciando bucle de lectura del escáner
[15:11:05] src.core.scanner_manager INFO     Hilo de lectura del escáner iniciado
[15:11:05] src.core.scanner_manager INFO     Iniciando bucle de procesamiento de comandos
[15:11:05] src.core.scanner_manager INFO     Hilo de procesamiento de comandos iniciado
[15:11:05] src.core.scanner_manager INFO     Sistema de escaneo inicializado correctamente
[15:11:05] src.web.app          INFO     Web Application inicializada con archivos estáticos
[15:11:05] src.web.app          INFO     APIs registradas: data, control, analytics
[15:11:05] src.web.app          INFO     Web Application configurada correctamente
[15:11:05] src.services.analytics_service INFO     Analytics Service inicializado
[15:11:05] src.services.analytics_service INFO     Datos históricos cargados (simulado)
[15:11:05] src.services.analytics_service INFO     Analytics Service inicializado correctamente
[15:11:05] __main__             INFO     Sistema inicializado correctamente
[15:11:05] __main__             INFO     Iniciando sistema en modo: full
[15:11:05] __main__             INFO     Scanner Manager: Activo
[15:11:05] src.web.app          INFO     Iniciando servidor web en puerto 5000
[15:11:05] src.web.app          INFO     Servidor web iniciado
[15:11:05] __main__             INFO     Aplicación Web: http://localhost:5000
[15:11:05] src.web.app          ERROR    Error iniciando servidor web: name 'F' is not defined
[15:11:05] src.services.analytics_service INFO     Iniciando bucle de analytics
[15:11:05] src.services.analytics_service INFO     Analytics Service iniciado
[15:11:05] src.services.analytics_service WARNING  ALERTA HIGH: Eficiencia baja: 47.0%
[15:11:05] __main__             INFO     Servicio de Analytics: Activo
[15:11:05] src.services.analytics_service WARNING  ALERTA MEDIUM: OEE bajo: 44.7%
[15:11:05] __main__             INFO     Sistema completo en ejecución...
[15:11:05] __main__             INFO     Presiona Ctrl+C para detener
[15:11:24] __main__             INFO     Señal recibida: 2
[15:11:25] __main__             INFO     Iniciando apagado del sistema...
[15:11:25] src.core.scanner_manager INFO     Iniciando apagado del sistema...
[15:11:25] src.hardware.zebra_scanner INFO     Desconectando Zebra DS3678...
[15:11:25] src.hardware.serial_interface INFO     Desconectando de puerto serie COM5...
[15:11:25] src.hardware.serial_interface INFO     Desconectado exitosamente
[15:11:25] src.hardware.zebra_scanner INFO     Zebra DS3678 desconectado
[15:11:25] src.core.scanner_manager INFO     Bucle de procesamiento de comandos terminado
[15:11:25] src.core.scanner_manager INFO     Bucle de lectura del escáner terminado
[15:11:25] src.core.scanner_manager INFO     Sistema apagado correctamente
[15:11:25] __main__             INFO     Scanner Manager detenido
[15:11:30] src.services.analytics_service INFO     Analytics Service detenido
[15:11:30] __main__             INFO     Servicio de Analytics detenido
[15:11:30] src.web.app          INFO     Servidor web detenido
[15:11:30] __main__             INFO     Aplicación Web detenida
[15:11:30] __main__             INFO     Sistema apagado correctamente
[15:11:30] __main__             INFO     ============================================================
[15:11:33] src.utils.logger     INFO     Sistema de logging Johnson Controls inicializado
[15:11:33] src.utils.logger     INFO     Nivel: INFO, Directorio: data\logs
[15:11:33] __main__             INFO     ============================================================
[15:11:33] __main__             INFO     JOHNSON CONTROLS - Sistema de Seguimiento Industrial
[15:11:33] __main__             INFO     Version 2.0 - Arquitectura Modular
[15:11:33] __main__             INFO     ============================================================
[15:11:33] __main__             INFO     Inicializando sistema...
[15:11:33] __main__             INFO     Planta: Planta Durango - Desarrollo (JCI_MX_DEV_001)
[15:11:33] __main__             INFO     Departamento: Manufactura - Testing
[15:11:33] __main__             INFO     Ambiente: development
[15:11:33] __main__             INFO     Puerto Serie: COM5
[15:11:33] __main__             INFO     Puerto Web: 5000
[15:11:33] __main__             INFO     Modo: full
[15:11:33] __main__             INFO     Directorios verificados/creados
[15:11:33] src.services.data_sync_service INFO     Data Sync Service inicializado
[15:11:33] src.services.analytics_service INFO     Analytics Service inicializado
[15:11:33] src.services.notification_service INFO     Notification Service inicializado
[15:11:33] src.core.scanner_manager INFO     Scanner Manager inicializado
[15:11:33] src.core.scanner_manager INFO     Iniciando sistema de escaneo Johnson Controls...
[15:11:33] src.services.data_sync_service INFO     Cargados 0 productos
[15:11:33] src.core.scanner_manager INFO     Cargados 0 productos existentes
[15:11:33] src.hardware.serial_interface INFO     Serial Interface inicializada para puerto COM5 @ 9600 baud
[15:11:33] src.hardware.zebra_scanner INFO     Zebra Scanner DS3678 inicializado para puerto COM5
[15:11:33] src.hardware.zebra_scanner INFO     Conectando a Zebra DS3678 en COM5...
[15:11:33] src.hardware.serial_interface INFO     Conectando a puerto serie COM5...
[15:11:33] src.hardware.serial_interface ERROR    Error de puerto serie: could not open port 'COM5': FileNotFoundError(2, 'El sistema no puede encontrar el archivo especificado.', None, 2)
[15:11:33] src.hardware.zebra_scanner ERROR    Error conectando interface serie
[15:11:33] src.core.scanner_manager WARNING  No se pudo conectar al escáner
[15:11:33] src.core.scanner_manager WARNING  Hardware no disponible - Modo simulación activado
[15:11:33] src.services.data_sync_service INFO     Estado inicial cargado correctamente
[15:11:33] src.services.data_sync_service INFO     Verificación de integridad completada
[15:11:33] src.services.data_sync_service INFO     Data Sync Service inicializado correctamente
[15:11:33] src.services.analytics_service INFO     Datos históricos cargados (simulado)
[15:11:33] src.services.analytics_service INFO     Analytics Service inicializado correctamente
[15:11:33] src.services.notification_service INFO     Notification Service inicializado correctamente
[15:11:33] src.core.scanner_manager INFO     Iniciando bucle de lectura del escáner
[15:11:33] src.core.scanner_manager INFO     Hilo de lectura del escáner iniciado
[15:11:33] src.core.scanner_manager INFO     Iniciando bucle de procesamiento de comandos
[15:11:33] src.core.scanner_manager INFO     Hilo de procesamiento de comandos iniciado
[15:11:33] src.core.scanner_manager INFO     Sistema de escaneo inicializado correctamente
[15:11:33] src.web.app          INFO     Web Application inicializada con archivos estáticos
[15:11:33] src.web.app          INFO     APIs registradas: data, control, analytics
[15:11:33] src.web.app          INFO     Web Application configurada correctamente
[15:11:33] src.services.analytics_service INFO     Analytics Service inicializado
[15:11:33] src.services.analytics_service INFO     Datos históricos cargados (simulado)
[15:11:33] src.services.analytics_service INFO     Analytics Service inicializado correctamente
[15:11:33] __main__             INFO     Sistema inicializado correctamente
[15:11:33] __main__             INFO     Iniciando sistema en modo: full
[15:11:33] __main__             INFO     Scanner Manager: Activo
[15:11:33] src.web.app          INFO     Iniciando servidor web en puerto 5000
[15:11:33] src.web.app          INFO     Servidor web iniciado
[15:11:33] __main__             INFO     Aplicación Web: http://localhost:5000
[15:11:33] src.services.analytics_service INFO     Iniciando bucle de analytics
[15:11:33] src.services.analytics_service INFO     Analytics Service iniciado
[15:11:33] src.services.analytics_service WARNING  ALERTA HIGH: Eficiencia baja: 47.0%
[15:11:33] __main__             INFO     Servicio de Analytics: Activo
[15:11:33] src.services.analytics_service WARNING  ALERTA MEDIUM: OEE bajo: 44.7%
[15:11:33] __main__             INFO     Sistema completo en ejecución...
[15:11:33] __main__             INFO     Presiona Ctrl+C para detener
[15:12:03] src.services.analytics_service WARNING  ALERTA HIGH: Eficiencia baja: 47.0%
[15:12:03] src.services.analytics_service WARNING  ALERTA MEDIUM: OEE bajo: 44.7%
[15:12:19] __main__             INFO     Señal recibida: 2
[15:12:23] __main__             INFO     Iniciando apagado del sistema...
[15:12:23] src.core.scanner_manager INFO     Iniciando apagado del sistema...
[15:12:23] src.hardware.zebra_scanner INFO     Desconectando Zebra DS3678...
[15:12:23] src.hardware.serial_interface INFO     Desconectando de puerto serie COM5...
[15:12:23] src.hardware.serial_interface INFO     Desconectado exitosamente
[15:12:23] src.hardware.zebra_scanner INFO     Zebra DS3678 desconectado
[15:12:23] src.core.scanner_manager INFO     Bucle de lectura del escáner terminado
[15:12:23] src.core.scanner_manager INFO     Bucle de procesamiento de comandos terminado
[15:12:23] src.core.scanner_manager INFO     Sistema apagado correctamente
[15:12:23] __main__             INFO     Scanner Manager detenido
[15:12:28] src.services.analytics_service INFO     Analytics Service detenido
[15:12:28] __main__             INFO     Servicio de Analytics detenido
[15:12:28] src.web.app          INFO     Servidor web detenido
[15:12:28] __main__             INFO     Aplicación Web detenida
[15:12:28] __main__             INFO     Sistema apagado correctamente
[15:12:28] __main__             INFO     ============================================================
[15:12:32] src.utils.logger     INFO     Sistema de logging Johnson Controls inicializado
[15:12:32] src.utils.logger     INFO     Nivel: INFO, Directorio: data\logs
[15:12:32] __main__             INFO     ============================================================
[15:12:32] __main__             INFO     JOHNSON CONTROLS - Sistema de Seguimiento Industrial
[15:12:32] __main__             INFO     Version 2.0 - Arquitectura Modular
[15:12:32] __main__             INFO     ============================================================
[15:12:32] __main__             INFO     Inicializando sistema...
[15:12:32] __main__             INFO     Planta: Planta Durango - Desarrollo (JCI_MX_DEV_001)
[15:12:32] __main__             INFO     Departamento: Manufactura - Testing
[15:12:32] __main__             INFO     Ambiente: development
[15:12:32] __main__             INFO     Puerto Serie: COM5
[15:12:32] __main__             INFO     Puerto Web: 5000
[15:12:32] __main__             INFO     Modo: full
[15:12:32] __main__             INFO     Directorios verificados/creados
[15:12:32] src.services.data_sync_service INFO     Data Sync Service inicializado
[15:12:32] src.services.analytics_service INFO     Analytics Service inicializado
[15:12:32] src.services.notification_service INFO     Notification Service inicializado
[15:12:32] src.core.scanner_manager INFO     Scanner Manager inicializado
[15:12:32] src.core.scanner_manager INFO     Iniciando sistema de escaneo Johnson Controls...
[15:12:32] src.services.data_sync_service INFO     Cargados 0 productos
[15:12:32] src.core.scanner_manager INFO     Cargados 0 productos existentes
[15:12:32] src.hardware.serial_interface INFO     Serial Interface inicializada para puerto COM5 @ 9600 baud
[15:12:32] src.hardware.zebra_scanner INFO     Zebra Scanner DS3678 inicializado para puerto COM5
[15:12:32] src.hardware.zebra_scanner INFO     Conectando a Zebra DS3678 en COM5...
[15:12:32] src.hardware.serial_interface INFO     Conectando a puerto serie COM5...
[15:12:32] src.hardware.serial_interface ERROR    Error de puerto serie: could not open port 'COM5': FileNotFoundError(2, 'El sistema no puede encontrar el archivo especificado.', None, 2)
[15:12:32] src.hardware.zebra_scanner ERROR    Error conectando interface serie
[15:12:32] src.core.scanner_manager WARNING  No se pudo conectar al escáner
[15:12:32] src.core.scanner_manager WARNING  Hardware no disponible - Modo simulación activado
[15:12:32] src.services.data_sync_service INFO     Estado inicial cargado correctamente
[15:12:32] src.services.data_sync_service INFO     Verificación de integridad completada
[15:12:32] src.services.data_sync_service INFO     Data Sync Service inicializado correctamente
[15:12:32] src.services.analytics_service INFO     Datos históricos cargados (simulado)
[15:12:32] src.services.analytics_service INFO     Analytics Service inicializado correctamente
[15:12:32] src.services.notification_service INFO     Notification Service inicializado correctamente
[15:12:32] src.core.scanner_manager INFO     Iniciando bucle de lectura del escáner
[15:12:32] src.core.scanner_manager INFO     Hilo de lectura del escáner iniciado
[15:12:32] src.core.scanner_manager INFO     Iniciando bucle de procesamiento de comandos
[15:12:32] src.core.scanner_manager INFO     Hilo de procesamiento de comandos iniciado
[15:12:32] src.core.scanner_manager INFO     Sistema de escaneo inicializado correctamente
[15:12:32] src.web.app          INFO     Web Application inicializada con archivos estáticos
[15:12:32] src.web.app          INFO     APIs registradas: data, control, analytics
[15:12:32] src.web.app          INFO     Web Application configurada correctamente
[15:12:32] src.services.analytics_service INFO     Analytics Service inicializado
[15:12:32] src.services.analytics_service INFO     Datos históricos cargados (simulado)
[15:12:32] src.services.analytics_service INFO     Analytics Service inicializado correctamente
[15:12:32] __main__             INFO     Sistema inicializado correctamente
[15:12:32] __main__             INFO     Iniciando sistema en modo: full
[15:12:32] __main__             INFO     Scanner Manager: Activo
[15:12:32] src.web.app          INFO     Iniciando servidor web en puerto 5000
[15:12:32] src.web.app          INFO     Servidor web iniciado
[15:12:32] __main__             INFO     Aplicación Web: http://localhost:5000
[15:12:32] src.services.analytics_service INFO     Iniciando bucle de analytics
[15:12:32] src.services.analytics_service INFO     Analytics Service iniciado
[15:12:32] src.services.analytics_service WARNING  ALERTA HIGH: Eficiencia baja: 47.0%
[15:12:32] __main__             INFO     Servicio de Analytics: Activo
[15:12:32] src.services.analytics_service WARNING  ALERTA MEDIUM: OEE bajo: 44.7%
[15:12:32] __main__             INFO     Sistema completo en ejecución...
[15:12:32] __main__             INFO     Presiona Ctrl+C para detener
[15:13:02] src.services.analytics_service WARNING  ALERTA HIGH: Eficiencia baja: 47.0%
[15:13:02] src.services.analytics_service WARNING  ALERTA MEDIUM: OEE bajo: 44.7%
[15:13:32] src.services.analytics_service WARNING  ALERTA HIGH: Eficiencia baja: 47.0%
[15:13:32] src.services.analytics_service WARNING  ALERTA MEDIUM: OEE bajo: 44.7%
[15:14:02] src.services.analytics_service WARNING  ALERTA HIGH: Eficiencia baja: 47.0%
[15:14:02] src.services.analytics_service WARNING  ALERTA MEDIUM: OEE bajo: 44.7%
[15:14:32] src.services.analytics_service WARNING  ALERTA HIGH: Eficiencia baja: 47.0%
[15:14:32] src.services.analytics_service WARNING  ALERTA MEDIUM: OEE bajo: 44.7%
[15:15:02] src.services.analytics_service WARNING  ALERTA HIGH: Eficiencia baja: 47.0%
[15:15:02] src.services.analytics_service WARNING  ALERTA MEDIUM: OEE bajo: 44.7%
[15:15:32] src.services.analytics_service WARNING  ALERTA HIGH: Eficiencia baja: 47.0%
[15:15:32] src.services.analytics_service WARNING  ALERTA MEDIUM: OEE bajo: 44.7%
[15:16:02] src.services.analytics_service WARNING  ALERTA HIGH: Eficiencia baja: 47.0%
[15:16:02] src.services.analytics_service WARNING  ALERTA MEDIUM: OEE bajo: 44.7%
[15:16:32] src.services.analytics_service WARNING  ALERTA HIGH: Eficiencia baja: 47.0%
[15:16:32] src.services.analytics_service WARNING  ALERTA MEDIUM: OEE bajo: 44.7%
[15:16:36] src.web.api.control_api INFO     Cambio de etapa enviado: 2 (Pulido)
[15:16:36] src.core.scanner_manager INFO     Procesando comando web: cambiar_etapa
[15:16:36] src.core.scanner_manager INFO     Etapa cambiada de 1 a 2
[15:17:02] src.services.analytics_service WARNING  ALERTA HIGH: Eficiencia baja: 47.0%
[15:17:02] src.services.analytics_service WARNING  ALERTA MEDIUM: OEE bajo: 44.7%
[15:17:32] src.services.analytics_service WARNING  ALERTA HIGH: Eficiencia baja: 47.0%
[15:17:32] src.services.analytics_service WARNING  ALERTA MEDIUM: OEE bajo: 44.7%
[15:18:02] src.services.analytics_service WARNING  ALERTA HIGH: Eficiencia baja: 47.0%
[15:18:02] src.services.analytics_service WARNING  ALERTA MEDIUM: OEE bajo: 44.7%
[15:18:32] src.services.analytics_service WARNING  ALERTA HIGH: Eficiencia baja: 47.0%
[15:18:32] src.services.analytics_service WARNING  ALERTA MEDIUM: OEE bajo: 44.7%
[15:19:02] src.services.analytics_service WARNING  ALERTA HIGH: Eficiencia baja: 47.0%
[15:19:02] src.services.analytics_service WARNING  ALERTA MEDIUM: OEE bajo: 44.7%
[15:19:32] src.services.analytics_service WARNING  ALERTA HIGH: Eficiencia baja: 47.0%
[15:19:32] src.services.analytics_service WARNING  ALERTA MEDIUM: OEE bajo: 44.7%
[15:20:02] src.services.analytics_service WARNING  ALERTA HIGH: Eficiencia baja: 47.0%
[15:20:02] src.services.analytics_service WARNING  ALERTA MEDIUM: OEE bajo: 44.7%
[15:20:32] src.services.analytics_service WARNING  ALERTA HIGH: Eficiencia baja: 47.0%
[15:20:32] src.services.analytics_service WARNING  ALERTA MEDIUM: OEE bajo: 44.7%
[15:21:02] src.services.analytics_service WARNING  ALERTA HIGH: Eficiencia baja: 47.0%
[15:21:02] src.services.analytics_service WARNING  ALERTA MEDIUM: OEE bajo: 44.7%
[15:21:32] src.services.analytics_service WARNING  ALERTA HIGH: Eficiencia baja: 47.0%
[15:21:32] src.services.analytics_service WARNING  ALERTA MEDIUM: OEE bajo: 44.7%
[15:22:02] src.services.analytics_service WARNING  ALERTA HIGH: Eficiencia baja: 47.0%
[15:22:02] src.services.analytics_service WARNING  ALERTA MEDIUM: OEE bajo: 44.7%
[15:22:14] __main__             INFO     Señal recibida: 2
[15:22:17] __main__             INFO     Iniciando apagado del sistema...
[15:22:17] src.core.scanner_manager INFO     Iniciando apagado del sistema...
[15:22:17] src.hardware.zebra_scanner INFO     Desconectando Zebra DS3678...
[15:22:17] src.hardware.serial_interface INFO     Desconectando de puerto serie COM5...
[15:22:17] src.hardware.serial_interface INFO     Desconectado exitosamente
[15:22:17] src.hardware.zebra_scanner INFO     Zebra DS3678 desconectado
[15:22:17] src.core.scanner_manager INFO     Bucle de lectura del escáner terminado
[15:22:17] src.core.scanner_manager INFO     Bucle de procesamiento de comandos terminado
[15:22:17] src.core.scanner_manager INFO     Sistema apagado correctamente
[15:22:17] __main__             INFO     Scanner Manager detenido
[15:22:22] src.services.analytics_service INFO     Analytics Service detenido
[15:22:22] __main__             INFO     Servicio de Analytics detenido
[15:22:22] src.web.app          INFO     Servidor web detenido
[15:22:22] __main__             INFO     Aplicación Web detenida
[15:22:22] __main__             INFO     Sistema apagado correctamente
[15:22:22] __main__             INFO     ============================================================
[15:22:35] src.utils.logger     INFO     Sistema de logging Johnson Controls inicializado
[15:22:35] src.utils.logger     INFO     Nivel: INFO, Directorio: data\logs
[15:22:35] __main__             INFO     ============================================================
[15:22:35] __main__             INFO     JOHNSON CONTROLS - Sistema de Seguimiento Industrial
[15:22:35] __main__             INFO     Version 2.0 - Arquitectura Modular
[15:22:35] __main__             INFO     ============================================================
[15:22:35] __main__             INFO     Inicializando sistema...
[15:22:35] __main__             INFO     Planta: Planta Durango - Desarrollo (JCI_MX_DEV_001)
[15:22:35] __main__             INFO     Departamento: Manufactura - Testing
[15:22:35] __main__             INFO     Ambiente: development
[15:22:35] __main__             INFO     Puerto Serie: COM5
[15:22:35] __main__             INFO     Puerto Web: 5000
[15:22:35] __main__             INFO     Modo: full
[15:22:35] __main__             INFO     Directorios verificados/creados
[15:22:35] src.services.data_sync_service INFO     Data Sync Service inicializado
[15:22:35] src.services.analytics_service INFO     Analytics Service inicializado
[15:22:35] src.services.notification_service INFO     Notification Service inicializado
[15:22:35] src.core.scanner_manager INFO     Scanner Manager inicializado
[15:22:35] src.core.scanner_manager INFO     Iniciando sistema de escaneo Johnson Controls...
[15:22:35] src.services.data_sync_service INFO     Cargados 0 productos
[15:22:35] src.core.scanner_manager INFO     Cargados 0 productos existentes
[15:22:35] src.hardware.serial_interface INFO     Serial Interface inicializada para puerto COM5 @ 9600 baud
[15:22:35] src.hardware.zebra_scanner INFO     Zebra Scanner DS3678 inicializado para puerto COM5
[15:22:35] src.hardware.zebra_scanner INFO     Conectando a Zebra DS3678 en COM5...
[15:22:35] src.hardware.serial_interface INFO     Conectando a puerto serie COM5...
[15:22:35] src.hardware.serial_interface ERROR    Error de puerto serie: could not open port 'COM5': FileNotFoundError(2, 'El sistema no puede encontrar el archivo especificado.', None, 2)
[15:22:35] src.hardware.zebra_scanner ERROR    Error conectando interface serie
[15:22:35] src.core.scanner_manager WARNING  No se pudo conectar al escáner
[15:22:35] src.core.scanner_manager WARNING  Hardware no disponible - Modo simulación activado
[15:22:35] src.services.data_sync_service INFO     Estado inicial cargado correctamente
[15:22:35] src.services.data_sync_service INFO     Verificación de integridad completada
[15:22:35] src.services.data_sync_service INFO     Data Sync Service inicializado correctamente
[15:22:35] src.services.analytics_service INFO     Datos históricos cargados (simulado)
[15:22:35] src.services.analytics_service INFO     Analytics Service inicializado correctamente
[15:22:35] src.services.notification_service INFO     Notification Service inicializado correctamente
[15:22:35] src.core.scanner_manager INFO     Iniciando bucle de lectura del escáner
[15:22:35] src.core.scanner_manager INFO     Hilo de lectura del escáner iniciado
[15:22:35] src.core.scanner_manager INFO     Iniciando bucle de procesamiento de comandos
[15:22:35] src.core.scanner_manager INFO     Hilo de procesamiento de comandos iniciado
[15:22:35] src.core.scanner_manager INFO     Sistema de escaneo inicializado correctamente
[15:22:35] src.web.app          INFO     Web Application inicializada con archivos estáticos
[15:22:35] src.web.app          INFO     APIs registradas: data, control, analytics
[15:22:35] src.web.app          INFO     Web Application configurada correctamente
[15:22:35] src.services.analytics_service INFO     Analytics Service inicializado
[15:22:35] src.services.analytics_service INFO     Datos históricos cargados (simulado)
[15:22:35] src.services.analytics_service INFO     Analytics Service inicializado correctamente
[15:22:35] __main__             INFO     Sistema inicializado correctamente
[15:22:35] __main__             INFO     Iniciando sistema en modo: full
[15:22:35] __main__             INFO     Scanner Manager: Activo
[15:22:35] src.web.app          INFO     Iniciando servidor web en puerto 5000
[15:22:35] src.web.app          INFO     Servidor web iniciado
[15:22:35] __main__             INFO     Aplicación Web: http://localhost:5000
[15:22:35] src.services.analytics_service INFO     Iniciando bucle de analytics
[15:22:35] src.services.analytics_service INFO     Analytics Service iniciado
[15:22:35] src.services.analytics_service WARNING  ALERTA HIGH: Eficiencia baja: 47.0%
[15:22:35] __main__             INFO     Servicio de Analytics: Activo
[15:22:35] src.services.analytics_service WARNING  ALERTA MEDIUM: OEE bajo: 44.7%
[15:22:35] __main__             INFO     Sistema completo en ejecución...
[15:22:35] __main__             INFO     Presiona Ctrl+C para detener
[15:22:37] src.web.app          ERROR    Error renderizando dashboard: 'scanner_config' is undefined
[15:22:58] src.web.app          ERROR    Error renderizando dashboard: 'scanner_config' is undefined
[15:23:05] src.services.analytics_service WARNING  ALERTA HIGH: Eficiencia baja: 47.0%
[15:23:05] src.services.analytics_service WARNING  ALERTA MEDIUM: OEE bajo: 44.7%
[15:23:35] src.services.analytics_service WARNING  ALERTA HIGH: Eficiencia baja: 47.0%
[15:23:35] src.services.analytics_service WARNING  ALERTA MEDIUM: OEE bajo: 44.7%
[15:24:00] __main__             INFO     Señal recibida: 2
[15:24:05] src.services.analytics_service WARNING  ALERTA HIGH: Eficiencia baja: 47.0%
[15:24:05] src.services.analytics_service WARNING  ALERTA MEDIUM: OEE bajo: 44.7%
[15:24:05] __main__             INFO     Iniciando apagado del sistema...
[15:24:05] src.core.scanner_manager INFO     Iniciando apagado del sistema...
[15:24:05] src.hardware.zebra_scanner INFO     Desconectando Zebra DS3678...
[15:24:05] src.hardware.serial_interface INFO     Desconectando de puerto serie COM5...
[15:24:05] src.hardware.serial_interface INFO     Desconectado exitosamente
[15:24:05] src.hardware.zebra_scanner INFO     Zebra DS3678 desconectado
[15:24:05] src.core.scanner_manager INFO     Bucle de lectura del escáner terminado
[15:24:05] src.core.scanner_manager INFO     Bucle de procesamiento de comandos terminado
[15:24:05] src.core.scanner_manager INFO     Sistema apagado correctamente
[15:24:05] __main__             INFO     Scanner Manager detenido
[15:24:10] src.services.analytics_service INFO     Analytics Service detenido
[15:24:10] __main__             INFO     Servicio de Analytics detenido
[15:24:10] src.web.app          INFO     Servidor web detenido
[15:24:10] __main__             INFO     Aplicación Web detenida
[15:24:10] __main__             INFO     Sistema apagado correctamente
[15:24:10] __main__             INFO     ============================================================
[15:24:14] src.utils.logger     INFO     Sistema de logging Johnson Controls inicializado
[15:24:14] src.utils.logger     INFO     Nivel: INFO, Directorio: data\logs
[15:24:14] __main__             INFO     ============================================================
[15:24:14] __main__             INFO     JOHNSON CONTROLS - Sistema de Seguimiento Industrial
[15:24:14] __main__             INFO     Version 2.0 - Arquitectura Modular
[15:24:14] __main__             INFO     ============================================================
[15:24:14] __main__             INFO     Inicializando sistema...
[15:24:14] __main__             INFO     Planta: Planta Durango - Desarrollo (JCI_MX_DEV_001)
[15:24:14] __main__             INFO     Departamento: Manufactura - Testing
[15:24:14] __main__             INFO     Ambiente: development
[15:24:14] __main__             INFO     Puerto Serie: COM5
[15:24:14] __main__             INFO     Puerto Web: 5000
[15:24:14] __main__             INFO     Modo: full
[15:24:14] __main__             INFO     Directorios verificados/creados
[15:24:14] src.services.data_sync_service INFO     Data Sync Service inicializado
[15:24:14] src.services.analytics_service INFO     Analytics Service inicializado
[15:24:14] src.services.notification_service INFO     Notification Service inicializado
[15:24:14] src.core.scanner_manager INFO     Scanner Manager inicializado
[15:24:14] src.core.scanner_manager INFO     Iniciando sistema de escaneo Johnson Controls...
[15:24:14] src.services.data_sync_service INFO     Cargados 0 productos
[15:24:14] src.core.scanner_manager INFO     Cargados 0 productos existentes
[15:24:14] src.hardware.serial_interface INFO     Serial Interface inicializada para puerto COM5 @ 9600 baud
[15:24:14] src.hardware.zebra_scanner INFO     Zebra Scanner DS3678 inicializado para puerto COM5
[15:24:14] src.hardware.zebra_scanner INFO     Conectando a Zebra DS3678 en COM5...
[15:24:14] src.hardware.serial_interface INFO     Conectando a puerto serie COM5...
[15:24:14] src.hardware.serial_interface ERROR    Error de puerto serie: could not open port 'COM5': FileNotFoundError(2, 'El sistema no puede encontrar el archivo especificado.', None, 2)
[15:24:14] src.hardware.zebra_scanner ERROR    Error conectando interface serie
[15:24:14] src.core.scanner_manager WARNING  No se pudo conectar al escáner
[15:24:14] src.core.scanner_manager WARNING  Hardware no disponible - Modo simulación activado
[15:24:14] src.services.data_sync_service INFO     Estado inicial cargado correctamente
[15:24:14] src.services.data_sync_service INFO     Verificación de integridad completada
[15:24:14] src.services.data_sync_service INFO     Data Sync Service inicializado correctamente
[15:24:14] src.services.analytics_service INFO     Datos históricos cargados (simulado)
[15:24:14] src.services.analytics_service INFO     Analytics Service inicializado correctamente
[15:24:14] src.services.notification_service INFO     Notification Service inicializado correctamente
[15:24:14] src.core.scanner_manager INFO     Iniciando bucle de lectura del escáner
[15:24:14] src.core.scanner_manager INFO     Hilo de lectura del escáner iniciado
[15:24:14] src.core.scanner_manager INFO     Iniciando bucle de procesamiento de comandos
[15:24:14] src.core.scanner_manager INFO     Hilo de procesamiento de comandos iniciado
[15:24:14] src.core.scanner_manager INFO     Sistema de escaneo inicializado correctamente
[15:24:14] src.web.app          INFO     Web Application inicializada con archivos estáticos
[15:24:14] src.web.app          INFO     APIs registradas: data, control, analytics
[15:24:14] src.web.app          INFO     Web Application configurada correctamente
[15:24:14] src.services.analytics_service INFO     Analytics Service inicializado
[15:24:14] src.services.analytics_service INFO     Datos históricos cargados (simulado)
[15:24:14] src.services.analytics_service INFO     Analytics Service inicializado correctamente
[15:24:14] __main__             INFO     Sistema inicializado correctamente
[15:24:14] __main__             INFO     Iniciando sistema en modo: full
[15:24:14] __main__             INFO     Scanner Manager: Activo
[15:24:14] src.web.app          INFO     Iniciando servidor web en puerto 5000
[15:24:14] src.web.app          INFO     Servidor web iniciado
[15:24:14] __main__             INFO     Aplicación Web: http://localhost:5000
[15:24:14] src.services.analytics_service INFO     Iniciando bucle de analytics
[15:24:14] src.services.analytics_service INFO     Analytics Service iniciado
[15:24:14] src.services.analytics_service WARNING  ALERTA HIGH: Eficiencia baja: 47.0%
[15:24:14] __main__             INFO     Servicio de Analytics: Activo
[15:24:14] src.services.analytics_service WARNING  ALERTA MEDIUM: OEE bajo: 44.7%
[15:24:14] __main__             INFO     Sistema completo en ejecución...
[15:24:14] __main__             INFO     Presiona Ctrl+C para detener
[15:24:44] src.services.analytics_service WARNING  ALERTA HIGH: Eficiencia baja: 47.0%
[15:24:44] src.services.analytics_service WARNING  ALERTA MEDIUM: OEE bajo: 44.7%
[15:24:52] __main__             INFO     Señal recibida: 2
[15:24:54] __main__             INFO     Iniciando apagado del sistema...
[15:24:54] src.core.scanner_manager INFO     Iniciando apagado del sistema...
[15:24:54] src.hardware.zebra_scanner INFO     Desconectando Zebra DS3678...
[15:24:54] src.hardware.serial_interface INFO     Desconectando de puerto serie COM5...
[15:24:54] src.hardware.serial_interface INFO     Desconectado exitosamente
[15:24:54] src.hardware.zebra_scanner INFO     Zebra DS3678 desconectado
[15:24:54] src.core.scanner_manager INFO     Bucle de procesamiento de comandos terminado
[15:24:54] src.core.scanner_manager INFO     Bucle de lectura del escáner terminado
[15:24:54] src.core.scanner_manager INFO     Sistema apagado correctamente
[15:24:54] __main__             INFO     Scanner Manager detenido
[15:24:59] src.services.analytics_service INFO     Analytics Service detenido
[15:24:59] __main__             INFO     Servicio de Analytics detenido
[15:24:59] src.web.app          INFO     Servidor web detenido
[15:24:59] __main__             INFO     Aplicación Web detenida
[15:24:59] __main__             INFO     Sistema apagado correctamente
[15:24:59] __main__             INFO     ============================================================
[15:54:42] src.utils.logger     INFO     Sistema de logging Johnson Controls inicializado
[15:54:42] src.utils.logger     INFO     Nivel: INFO, Directorio: data\logs
[15:54:42] __main__             INFO     ============================================================
[15:54:42] __main__             INFO     JOHNSON CONTROLS - Sistema de Seguimiento Industrial
[15:54:42] __main__             INFO     Version 2.0 - Arquitectura Modular
[15:54:42] __main__             INFO     ============================================================
[15:54:42] __main__             INFO     Inicializando sistema...
[15:54:42] __main__             INFO     Planta: Planta Durango - Desarrollo (JCI_MX_DEV_001)
[15:54:42] __main__             INFO     Departamento: Manufactura - Testing
[15:54:42] __main__             INFO     Ambiente: development
[15:54:42] __main__             INFO     Puerto Serie: COM5
[15:54:42] __main__             INFO     Puerto Web: 5000
[15:54:42] __main__             INFO     Modo: full
[15:54:42] __main__             INFO     Directorios verificados/creados
[15:54:42] src.services.data_sync_service INFO     Data Sync Service inicializado
[15:54:42] src.services.analytics_service INFO     Analytics Service inicializado
[15:54:42] src.services.notification_service INFO     Notification Service inicializado
[15:54:42] src.core.scanner_manager INFO     Scanner Manager inicializado
[15:54:42] src.core.scanner_manager INFO     Iniciando sistema de escaneo Johnson Controls...
[15:54:42] src.services.data_sync_service INFO     Cargados 0 productos
[15:54:42] src.core.scanner_manager INFO     Cargados 0 productos existentes
[15:54:42] src.hardware.serial_interface INFO     Serial Interface inicializada para puerto COM5 @ 9600 baud
[15:54:42] src.hardware.zebra_scanner INFO     Zebra Scanner DS3678 inicializado para puerto COM5
[15:54:42] src.hardware.zebra_scanner INFO     Conectando a Zebra DS3678 en COM5...
[15:54:42] src.hardware.serial_interface INFO     Conectando a puerto serie COM5...
[15:54:42] src.hardware.serial_interface ERROR    Error de puerto serie: could not open port 'COM5': FileNotFoundError(2, 'El sistema no puede encontrar el archivo especificado.', None, 2)
[15:54:42] src.hardware.zebra_scanner ERROR    Error conectando interface serie
[15:54:42] src.core.scanner_manager WARNING  No se pudo conectar al escáner
[15:54:42] src.core.scanner_manager WARNING  Hardware no disponible - Modo simulación activado
[15:54:42] src.services.data_sync_service INFO     Estado inicial cargado correctamente
[15:54:42] src.services.data_sync_service INFO     Verificación de integridad completada
[15:54:42] src.services.data_sync_service INFO     Data Sync Service inicializado correctamente
[15:54:42] src.services.analytics_service INFO     Datos históricos cargados (simulado)
[15:54:42] src.services.analytics_service INFO     Analytics Service inicializado correctamente
[15:54:42] src.services.notification_service INFO     Notification Service inicializado correctamente
[15:54:42] src.core.scanner_manager INFO     Iniciando bucle de lectura del escáner
[15:54:42] src.core.scanner_manager INFO     Hilo de lectura del escáner iniciado
[15:54:42] src.core.scanner_manager INFO     Iniciando bucle de procesamiento de comandos
[15:54:42] src.core.scanner_manager INFO     Hilo de procesamiento de comandos iniciado
[15:54:42] src.core.scanner_manager INFO     Sistema de escaneo inicializado correctamente
[15:54:42] src.web.app          INFO     Web Application inicializada con archivos estáticos
[15:54:42] src.web.app          INFO     APIs registradas: data, control, analytics
[15:54:42] src.web.app          INFO     Web Application configurada correctamente
[15:54:42] src.services.analytics_service INFO     Analytics Service inicializado
[15:54:42] src.services.analytics_service INFO     Datos históricos cargados (simulado)
[15:54:42] src.services.analytics_service INFO     Analytics Service inicializado correctamente
[15:54:42] __main__             INFO     Sistema inicializado correctamente
[15:54:42] __main__             INFO     Iniciando sistema en modo: full
[15:54:42] __main__             INFO     Scanner Manager: Activo
[15:54:42] src.web.app          INFO     Iniciando servidor web en puerto 5000
[15:54:42] src.web.app          INFO     Servidor web iniciado
[15:54:42] __main__             INFO     Aplicación Web: http://localhost:5000
[15:54:42] src.services.analytics_service INFO     Iniciando bucle de analytics
[15:54:42] src.services.analytics_service INFO     Analytics Service iniciado
[15:54:42] src.services.analytics_service WARNING  ALERTA HIGH: Eficiencia baja: 47.0%
[15:54:42] __main__             INFO     Servicio de Analytics: Activo
[15:54:42] src.services.analytics_service WARNING  ALERTA MEDIUM: OEE bajo: 44.7%
[15:54:42] __main__             INFO     Sistema completo en ejecución...
[15:54:42] __main__             INFO     Presiona Ctrl+C para detener
[15:55:05] __main__             INFO     Señal recibida: 2
[15:55:07] __main__             INFO     Iniciando apagado del sistema...
[15:55:07] src.core.scanner_manager INFO     Iniciando apagado del sistema...
[15:55:07] src.hardware.zebra_scanner INFO     Desconectando Zebra DS3678...
[15:55:07] src.hardware.serial_interface INFO     Desconectando de puerto serie COM5...
[15:55:07] src.hardware.serial_interface INFO     Desconectado exitosamente
[15:55:07] src.hardware.zebra_scanner INFO     Zebra DS3678 desconectado
[15:55:07] src.core.scanner_manager INFO     Bucle de lectura del escáner terminado
[15:55:07] src.core.scanner_manager INFO     Bucle de procesamiento de comandos terminado
[15:55:07] src.core.scanner_manager INFO     Sistema apagado correctamente
[15:55:07] __main__             INFO     Scanner Manager detenido
[15:55:12] src.services.analytics_service INFO     Bucle de analytics terminado
[15:55:12] src.services.analytics_service INFO     Analytics Service detenido
[15:55:12] __main__             INFO     Servicio de Analytics detenido
[15:55:12] src.web.app          INFO     Servidor web detenido
[15:55:12] __main__             INFO     Aplicación Web detenida
[15:55:12] __main__             INFO     Sistema apagado correctamente
[15:55:12] __main__             INFO     ============================================================
[15:55:18] src.utils.logger     INFO     Sistema de logging Johnson Controls inicializado
[15:55:18] src.utils.logger     INFO     Nivel: INFO, Directorio: data\logs
[15:55:18] __main__             INFO     ============================================================
[15:55:18] __main__             INFO     JOHNSON CONTROLS - Sistema de Seguimiento Industrial
[15:55:18] __main__             INFO     Version 2.0 - Arquitectura Modular
[15:55:18] __main__             INFO     ============================================================
[15:55:18] __main__             INFO     Inicializando sistema...
[15:55:18] __main__             INFO     Planta: Planta Durango - Desarrollo (JCI_MX_DEV_001)
[15:55:18] __main__             INFO     Departamento: Manufactura - Testing
[15:55:18] __main__             INFO     Ambiente: development
[15:55:18] __main__             INFO     Puerto Serie: COM5
[15:55:18] __main__             INFO     Puerto Web: 5000
[15:55:18] __main__             INFO     Modo: full
[15:55:18] __main__             INFO     Directorios verificados/creados
[15:55:18] src.services.data_sync_service INFO     Data Sync Service inicializado
[15:55:18] src.services.analytics_service INFO     Analytics Service inicializado
[15:55:18] src.services.notification_service INFO     Notification Service inicializado
[15:55:18] src.core.scanner_manager INFO     Scanner Manager inicializado
[15:55:18] src.core.scanner_manager INFO     Iniciando sistema de escaneo Johnson Controls...
[15:55:18] src.services.data_sync_service INFO     Cargados 0 productos
[15:55:18] src.core.scanner_manager INFO     Cargados 0 productos existentes
[15:55:18] src.hardware.serial_interface INFO     Serial Interface inicializada para puerto COM5 @ 9600 baud
[15:55:18] src.hardware.zebra_scanner INFO     Zebra Scanner DS3678 inicializado para puerto COM5
[15:55:18] src.hardware.zebra_scanner INFO     Conectando a Zebra DS3678 en COM5...
[15:55:18] src.hardware.serial_interface INFO     Conectando a puerto serie COM5...
[15:55:18] src.hardware.serial_interface ERROR    Error de puerto serie: could not open port 'COM5': FileNotFoundError(2, 'El sistema no puede encontrar el archivo especificado.', None, 2)
[15:55:18] src.hardware.zebra_scanner ERROR    Error conectando interface serie
[15:55:18] src.core.scanner_manager WARNING  No se pudo conectar al escáner
[15:55:18] src.core.scanner_manager WARNING  Hardware no disponible - Modo simulación activado
[15:55:18] src.services.data_sync_service INFO     Estado inicial cargado correctamente
[15:55:18] src.services.data_sync_service INFO     Verificación de integridad completada
[15:55:18] src.services.data_sync_service INFO     Data Sync Service inicializado correctamente
[15:55:18] src.services.analytics_service INFO     Datos históricos cargados (simulado)
[15:55:18] src.services.analytics_service INFO     Analytics Service inicializado correctamente
[15:55:18] src.services.notification_service INFO     Notification Service inicializado correctamente
[15:55:18] src.core.scanner_manager INFO     Iniciando bucle de lectura del escáner
[15:55:18] src.core.scanner_manager INFO     Hilo de lectura del escáner iniciado
[15:55:18] src.core.scanner_manager INFO     Iniciando bucle de procesamiento de comandos
[15:55:18] src.core.scanner_manager INFO     Hilo de procesamiento de comandos iniciado
[15:55:18] src.core.scanner_manager INFO     Sistema de escaneo inicializado correctamente
[15:55:18] src.web.app          INFO     Web Application inicializada con archivos estáticos
[15:55:18] src.web.app          INFO     APIs registradas: data, control, analytics
[15:55:18] src.web.app          INFO     Web Application configurada correctamente
[15:55:18] src.services.analytics_service INFO     Analytics Service inicializado
[15:55:18] src.services.analytics_service INFO     Datos históricos cargados (simulado)
[15:55:18] src.services.analytics_service INFO     Analytics Service inicializado correctamente
[15:55:18] __main__             INFO     Sistema inicializado correctamente
[15:55:18] __main__             INFO     Iniciando sistema en modo: full
[15:55:18] __main__             INFO     Scanner Manager: Activo
[15:55:18] src.web.app          INFO     Iniciando servidor web en puerto 5000
[15:55:18] src.web.app          INFO     Servidor web iniciado
[15:55:18] __main__             INFO     Aplicación Web: http://localhost:5000
[15:55:18] src.services.analytics_service INFO     Iniciando bucle de analytics
[15:55:18] src.services.analytics_service INFO     Analytics Service iniciado
[15:55:18] src.services.analytics_service WARNING  ALERTA HIGH: Eficiencia baja: 47.0%
[15:55:18] __main__             INFO     Servicio de Analytics: Activo
[15:55:18] src.services.analytics_service WARNING  ALERTA MEDIUM: OEE bajo: 44.7%
[15:55:18] __main__             INFO     Sistema completo en ejecución...
[15:55:18] __main__             INFO     Presiona Ctrl+C para detener
[15:55:48] src.services.analytics_service WARNING  ALERTA HIGH: Eficiencia baja: 47.0%
[15:55:48] src.services.analytics_service WARNING  ALERTA MEDIUM: OEE bajo: 44.7%
[15:56:18] src.services.analytics_service WARNING  ALERTA HIGH: Eficiencia baja: 47.0%
[15:56:18] src.services.analytics_service WARNING  ALERTA MEDIUM: OEE bajo: 44.7%
[15:56:48] src.services.analytics_service WARNING  ALERTA HIGH: Eficiencia baja: 47.0%
[15:56:48] src.services.analytics_service WARNING  ALERTA MEDIUM: OEE bajo: 44.7%
[15:57:18] src.services.analytics_service WARNING  ALERTA HIGH: Eficiencia baja: 47.0%
[15:57:18] src.services.analytics_service WARNING  ALERTA MEDIUM: OEE bajo: 44.7%
[15:57:48] src.services.analytics_service WARNING  ALERTA HIGH: Eficiencia baja: 47.0%
[15:57:48] src.services.analytics_service WARNING  ALERTA MEDIUM: OEE bajo: 44.7%
[15:58:18] src.services.analytics_service WARNING  ALERTA HIGH: Eficiencia baja: 47.0%
[15:58:18] src.services.analytics_service WARNING  ALERTA MEDIUM: OEE bajo: 44.7%
[15:58:48] src.services.analytics_service WARNING  ALERTA HIGH: Eficiencia baja: 47.0%
[15:58:48] src.services.analytics_service WARNING  ALERTA MEDIUM: OEE bajo: 44.7%
[15:59:18] src.services.analytics_service WARNING  ALERTA HIGH: Eficiencia baja: 47.0%
[15:59:18] src.services.analytics_service WARNING  ALERTA MEDIUM: OEE bajo: 44.7%
[15:59:48] src.services.analytics_service WARNING  ALERTA HIGH: Eficiencia baja: 47.0%
[15:59:48] src.services.analytics_service WARNING  ALERTA MEDIUM: OEE bajo: 44.7%
[15:59:48] __main__             INFO     Señal recibida: 2
[15:59:53] __main__             INFO     Iniciando apagado del sistema...
[15:59:53] src.core.scanner_manager INFO     Iniciando apagado del sistema...
[15:59:53] src.hardware.zebra_scanner INFO     Desconectando Zebra DS3678...
[15:59:53] src.hardware.serial_interface INFO     Desconectando de puerto serie COM5...
[15:59:53] src.hardware.serial_interface INFO     Desconectado exitosamente
[15:59:53] src.hardware.zebra_scanner INFO     Zebra DS3678 desconectado
[15:59:53] src.core.scanner_manager INFO     Bucle de lectura del escáner terminado
[15:59:53] src.core.scanner_manager INFO     Bucle de procesamiento de comandos terminado
[15:59:53] src.core.scanner_manager INFO     Sistema apagado correctamente
[15:59:53] __main__             INFO     Scanner Manager detenido
[15:59:58] src.services.analytics_service INFO     Analytics Service detenido
[15:59:58] __main__             INFO     Servicio de Analytics detenido
[15:59:58] src.web.app          INFO     Servidor web detenido
[15:59:58] __main__             INFO     Aplicación Web detenida
[15:59:58] __main__             INFO     Sistema apagado correctamente
[15:59:58] __main__             INFO     ============================================================
[08:25:07] src.utils.logger     INFO     Sistema de logging Johnson Controls inicializado
[08:25:07] src.utils.logger     INFO     Nivel: INFO, Directorio: data\logs
[08:25:07] __main__             INFO     ============================================================
[08:25:07] __main__             INFO     JOHNSON CONTROLS - Sistema de Seguimiento Industrial
[08:25:07] __main__             INFO     Version 2.0 - Arquitectura Modular
[08:25:07] __main__             INFO     ============================================================
[08:25:07] __main__             INFO     Inicializando sistema...
[08:25:07] __main__             INFO     Planta: Planta Durango - Desarrollo (JCI_MX_DEV_001)
[08:25:07] __main__             INFO     Departamento: Manufactura - Testing
[08:25:07] __main__             INFO     Ambiente: development
[08:25:07] __main__             INFO     Puerto Serie: COM5
[08:25:07] __main__             INFO     Puerto Web: 5000
[08:25:07] __main__             INFO     Modo: full
[08:25:07] __main__             INFO     Directorios verificados/creados
[08:25:07] src.services.data_sync_service INFO     Data Sync Service inicializado
[08:25:07] src.services.analytics_service INFO     Analytics Service inicializado
[08:25:07] src.services.notification_service INFO     Notification Service inicializado
[08:25:07] src.core.scanner_manager INFO     Scanner Manager inicializado
[08:25:07] src.core.scanner_manager INFO     Iniciando sistema de escaneo Johnson Controls...
[08:25:07] src.services.data_sync_service INFO     Cargados 0 productos
[08:25:07] src.core.scanner_manager INFO     Cargados 0 productos existentes
[08:25:07] src.hardware.serial_interface INFO     Serial Interface inicializada para puerto COM5 @ 9600 baud
[08:25:07] src.hardware.zebra_scanner INFO     Zebra Scanner DS3678 inicializado para puerto COM5
[08:25:07] src.hardware.zebra_scanner INFO     Conectando a Zebra DS3678 en COM5...
[08:25:07] src.hardware.serial_interface INFO     Conectando a puerto serie COM5...
[08:25:07] src.hardware.serial_interface ERROR    Error de puerto serie: could not open port 'COM5': FileNotFoundError(2, 'El sistema no puede encontrar el archivo especificado.', None, 2)
[08:25:07] src.hardware.zebra_scanner ERROR    Error conectando interface serie
[08:25:07] src.core.scanner_manager WARNING  No se pudo conectar al escáner
[08:25:07] src.core.scanner_manager WARNING  Hardware no disponible - Modo simulación activado
[08:25:08] src.services.data_sync_service INFO     Estado inicial cargado correctamente
[08:25:08] src.services.data_sync_service INFO     Verificación de integridad completada
[08:25:08] src.services.data_sync_service INFO     Data Sync Service inicializado correctamente
[08:25:08] src.services.analytics_service INFO     Datos históricos cargados (simulado)
[08:25:08] src.services.analytics_service INFO     Analytics Service inicializado correctamente
[08:25:08] src.services.notification_service INFO     Notification Service inicializado correctamente
[08:25:08] src.core.scanner_manager INFO     Iniciando bucle de lectura del escáner
[08:25:08] src.core.scanner_manager INFO     Hilo de lectura del escáner iniciado
[08:25:08] src.core.scanner_manager INFO     Iniciando bucle de procesamiento de comandos
[08:25:08] src.core.scanner_manager INFO     Hilo de procesamiento de comandos iniciado
[08:25:08] src.core.scanner_manager INFO     Sistema de escaneo inicializado correctamente
[08:25:08] src.web.app          INFO     Web Application inicializada con archivos estáticos
[08:25:08] src.web.app          INFO     APIs registradas: data, control, analytics
[08:25:08] src.web.app          INFO     Web Application configurada correctamente
[08:25:08] src.services.analytics_service INFO     Analytics Service inicializado
[08:25:08] src.services.analytics_service INFO     Datos históricos cargados (simulado)
[08:25:08] src.services.analytics_service INFO     Analytics Service inicializado correctamente
[08:25:08] __main__             INFO     Sistema inicializado correctamente
[08:25:08] __main__             INFO     Iniciando sistema en modo: full
[08:25:08] __main__             INFO     Scanner Manager: Activo
[08:25:08] src.web.app          INFO     Iniciando servidor web en puerto 5000
[08:25:08] src.web.app          INFO     Servidor web iniciado
[08:25:08] __main__             INFO     Aplicación Web: http://localhost:5000
[08:25:08] src.services.analytics_service INFO     Iniciando bucle de analytics
[08:25:08] src.services.analytics_service INFO     Analytics Service iniciado
[08:25:08] src.services.analytics_service WARNING  ALERTA HIGH: Eficiencia baja: 47.0%
[08:25:08] __main__             INFO     Servicio de Analytics: Activo
[08:25:08] src.services.analytics_service WARNING  ALERTA MEDIUM: OEE bajo: 44.7%
[08:25:08] __main__             INFO     Sistema completo en ejecución...
[08:25:08] __main__             INFO     Presiona Ctrl+C para detener
[08:25:38] src.services.analytics_service WARNING  ALERTA HIGH: Eficiencia baja: 47.0%
[08:25:38] src.services.analytics_service WARNING  ALERTA MEDIUM: OEE bajo: 44.7%
[08:26:08] src.services.analytics_service WARNING  ALERTA HIGH: Eficiencia baja: 47.0%
[08:26:08] src.services.analytics_service WARNING  ALERTA MEDIUM: OEE bajo: 44.7%
[08:26:38] src.services.analytics_service WARNING  ALERTA HIGH: Eficiencia baja: 47.0%
[08:26:38] src.services.analytics_service WARNING  ALERTA MEDIUM: OEE bajo: 44.7%
[08:27:08] src.services.analytics_service WARNING  ALERTA HIGH: Eficiencia baja: 47.0%
[08:27:08] src.services.analytics_service WARNING  ALERTA MEDIUM: OEE bajo: 44.7%
[08:27:38] src.services.analytics_service WARNING  ALERTA HIGH: Eficiencia baja: 47.0%
[08:27:38] src.services.analytics_service WARNING  ALERTA MEDIUM: OEE bajo: 44.7%
[08:28:08] src.services.analytics_service WARNING  ALERTA HIGH: Eficiencia baja: 47.0%
[08:28:08] src.services.analytics_service WARNING  ALERTA MEDIUM: OEE bajo: 44.7%
[08:28:38] src.services.analytics_service WARNING  ALERTA HIGH: Eficiencia baja: 47.0%
[08:28:38] src.services.analytics_service WARNING  ALERTA MEDIUM: OEE bajo: 44.7%
[08:29:08] src.services.analytics_service WARNING  ALERTA HIGH: Eficiencia baja: 47.0%
[08:29:08] src.services.analytics_service WARNING  ALERTA MEDIUM: OEE bajo: 44.7%
[08:29:38] src.services.analytics_service WARNING  ALERTA HIGH: Eficiencia baja: 47.0%
[08:29:38] src.services.analytics_service WARNING  ALERTA MEDIUM: OEE bajo: 44.7%
[08:30:08] src.services.analytics_service WARNING  ALERTA HIGH: Eficiencia baja: 47.0%
[08:30:08] src.services.analytics_service WARNING  ALERTA MEDIUM: OEE bajo: 44.7%
[08:30:38] src.services.analytics_service WARNING  ALERTA HIGH: Eficiencia baja: 47.0%
[08:30:38] src.services.analytics_service WARNING  ALERTA MEDIUM: OEE bajo: 44.7%
[08:31:06] __main__             INFO     Señal recibida: 2
[08:31:08] src.services.analytics_service WARNING  ALERTA HIGH: Eficiencia baja: 47.0%
[08:31:08] src.services.analytics_service WARNING  ALERTA MEDIUM: OEE bajo: 44.7%
[08:31:08] __main__             INFO     Iniciando apagado del sistema...
[08:31:08] src.core.scanner_manager INFO     Iniciando apagado del sistema...
[08:31:08] src.hardware.zebra_scanner INFO     Desconectando Zebra DS3678...
[08:31:08] src.hardware.serial_interface INFO     Desconectando de puerto serie COM5...
[08:31:08] src.hardware.serial_interface INFO     Desconectado exitosamente
[08:31:08] src.hardware.zebra_scanner INFO     Zebra DS3678 desconectado
[08:31:08] src.core.scanner_manager INFO     Bucle de lectura del escáner terminado
[08:31:08] src.core.scanner_manager INFO     Bucle de procesamiento de comandos terminado
[08:31:08] src.core.scanner_manager INFO     Sistema apagado correctamente
[08:31:08] __main__             INFO     Scanner Manager detenido
[08:31:13] src.services.analytics_service INFO     Analytics Service detenido
[08:31:13] __main__             INFO     Servicio de Analytics detenido
[08:31:13] src.web.app          INFO     Servidor web detenido
[08:31:13] __main__             INFO     Aplicación Web detenida
[08:31:13] __main__             INFO     Sistema apagado correctamente
[08:31:13] __main__             INFO     ============================================================
[08:37:52] src.utils.logger     INFO     Sistema de logging Johnson Controls inicializado
[08:37:52] src.utils.logger     INFO     Nivel: INFO, Directorio: data\logs
[08:37:52] __main__             INFO     ============================================================
[08:37:52] __main__             INFO     JOHNSON CONTROLS - Sistema de Seguimiento Industrial
[08:37:52] __main__             INFO     Version 2.0 - Arquitectura Modular
[08:37:52] __main__             INFO     ============================================================
[08:37:52] __main__             INFO     Inicializando sistema...
[08:37:52] __main__             INFO     Planta: Planta Durango - Desarrollo (JCI_MX_DEV_001)
[08:37:52] __main__             INFO     Departamento: Manufactura - Testing
[08:37:52] __main__             INFO     Ambiente: development
[08:37:52] __main__             INFO     Puerto Serie: COM5
[08:37:52] __main__             INFO     Puerto Web: 5000
[08:37:52] __main__             INFO     Modo: full
[08:37:52] __main__             INFO     Directorios verificados/creados
[08:37:52] src.services.data_sync_service INFO     Data Sync Service inicializado
[08:37:52] src.services.analytics_service INFO     Analytics Service inicializado
[08:37:52] src.services.notification_service INFO     Notification Service inicializado
[08:37:52] src.core.scanner_manager INFO     Scanner Manager inicializado
[08:37:52] src.core.scanner_manager INFO     Iniciando sistema de escaneo Johnson Controls...
[08:37:52] src.services.data_sync_service INFO     Cargados 0 productos
[08:37:52] src.core.scanner_manager INFO     Cargados 0 productos existentes
[08:37:52] src.hardware.serial_interface INFO     Serial Interface inicializada para puerto COM5 @ 9600 baud
[08:37:52] src.hardware.zebra_scanner INFO     Zebra Scanner DS3678 inicializado para puerto COM5
[08:37:52] src.hardware.zebra_scanner INFO     Conectando a Zebra DS3678 en COM5...
[08:37:52] src.hardware.serial_interface INFO     Conectando a puerto serie COM5...
[08:37:52] src.hardware.serial_interface ERROR    Error de puerto serie: could not open port 'COM5': FileNotFoundError(2, 'El sistema no puede encontrar el archivo especificado.', None, 2)
[08:37:52] src.hardware.zebra_scanner ERROR    Error conectando interface serie
[08:37:52] src.core.scanner_manager WARNING  No se pudo conectar al escáner
[08:37:52] src.core.scanner_manager WARNING  Hardware no disponible - Modo simulación activado
[08:37:52] src.services.data_sync_service INFO     Estado inicial cargado correctamente
[08:37:52] src.services.data_sync_service INFO     Verificación de integridad completada
[08:37:52] src.services.data_sync_service INFO     Data Sync Service inicializado correctamente
[08:37:52] src.services.analytics_service INFO     Datos históricos cargados (simulado)
[08:37:52] src.services.analytics_service INFO     Analytics Service inicializado correctamente
[08:37:52] src.services.notification_service INFO     Notification Service inicializado correctamente
[08:37:52] src.core.scanner_manager INFO     Iniciando bucle de lectura del escáner
[08:37:52] src.core.scanner_manager INFO     Hilo de lectura del escáner iniciado
[08:37:52] src.core.scanner_manager INFO     Iniciando bucle de procesamiento de comandos
[08:37:52] src.core.scanner_manager INFO     Hilo de procesamiento de comandos iniciado
[08:37:52] src.core.scanner_manager INFO     Sistema de escaneo inicializado correctamente
[08:37:52] src.web.app          INFO     Web Application inicializada con archivos estáticos
[08:37:52] src.web.app          INFO     APIs registradas: data, control, analytics
[08:37:52] src.web.app          INFO     Web Application configurada correctamente
[08:37:52] src.services.analytics_service INFO     Analytics Service inicializado
[08:37:52] src.services.analytics_service INFO     Datos históricos cargados (simulado)
[08:37:52] src.services.analytics_service INFO     Analytics Service inicializado correctamente
[08:37:52] __main__             INFO     Sistema inicializado correctamente
[08:37:52] __main__             INFO     Iniciando sistema en modo: full
[08:37:52] __main__             INFO     Scanner Manager: Activo
[08:37:52] src.web.app          INFO     Iniciando servidor web en puerto 5000
[08:37:52] src.web.app          INFO     Servidor web iniciado
[08:37:52] __main__             INFO     Aplicación Web: http://localhost:5000
[08:37:52] src.services.analytics_service INFO     Iniciando bucle de analytics
[08:37:52] src.services.analytics_service INFO     Analytics Service iniciado
[08:37:52] src.services.analytics_service WARNING  ALERTA HIGH: Eficiencia baja: 47.0%
[08:37:52] __main__             INFO     Servicio de Analytics: Activo
[08:37:52] src.services.analytics_service WARNING  ALERTA MEDIUM: OEE bajo: 44.7%
[08:37:52] __main__             INFO     Sistema completo en ejecución...
[08:37:52] __main__             INFO     Presiona Ctrl+C para detener
[08:38:22] src.services.analytics_service WARNING  ALERTA HIGH: Eficiencia baja: 47.0%
[08:38:22] src.services.analytics_service WARNING  ALERTA MEDIUM: OEE bajo: 44.7%
[08:38:52] src.services.analytics_service WARNING  ALERTA HIGH: Eficiencia baja: 47.0%
[08:38:52] src.services.analytics_service WARNING  ALERTA MEDIUM: OEE bajo: 44.7%
[08:39:22] src.services.analytics_service WARNING  ALERTA HIGH: Eficiencia baja: 47.0%
[08:39:22] src.services.analytics_service WARNING  ALERTA MEDIUM: OEE bajo: 44.7%
[08:39:33] __main__             INFO     Señal recibida: 2
[08:39:37] __main__             INFO     Iniciando apagado del sistema...
[08:39:37] src.core.scanner_manager INFO     Iniciando apagado del sistema...
[08:39:37] src.hardware.zebra_scanner INFO     Desconectando Zebra DS3678...
[08:39:37] src.hardware.serial_interface INFO     Desconectando de puerto serie COM5...
[08:39:37] src.hardware.serial_interface INFO     Desconectado exitosamente
[08:39:37] src.hardware.zebra_scanner INFO     Zebra DS3678 desconectado
[08:39:37] src.core.scanner_manager INFO     Bucle de lectura del escáner terminado
[08:39:37] src.core.scanner_manager INFO     Bucle de procesamiento de comandos terminado
[08:39:37] src.core.scanner_manager INFO     Sistema apagado correctamente
[08:39:37] __main__             INFO     Scanner Manager detenido
[08:39:42] src.services.analytics_service INFO     Analytics Service detenido
[08:39:42] __main__             INFO     Servicio de Analytics detenido
[08:39:42] src.web.app          INFO     Servidor web detenido
[08:39:42] __main__             INFO     Aplicación Web detenida
[08:39:42] __main__             INFO     Sistema apagado correctamente
[08:39:42] __main__             INFO     ============================================================
[08:46:38] src.utils.logger     INFO     Sistema de logging Johnson Controls inicializado
[08:46:38] src.utils.logger     INFO     Nivel: INFO, Directorio: data\logs
[08:46:38] __main__             INFO     ============================================================
[08:46:38] __main__             INFO     JOHNSON CONTROLS - Sistema de Seguimiento Industrial
[08:46:38] __main__             INFO     Version 2.0 - Arquitectura Modular
[08:46:38] __main__             INFO     ============================================================
[08:46:38] __main__             INFO     Inicializando sistema...
[08:46:38] __main__             INFO     Planta: Planta Durango - Desarrollo (JCI_MX_DEV_001)
[08:46:38] __main__             INFO     Departamento: Manufactura - Testing
[08:46:38] __main__             INFO     Ambiente: development
[08:46:38] __main__             INFO     Puerto Serie: COM5
[08:46:38] __main__             INFO     Puerto Web: 5000
[08:46:38] __main__             INFO     Modo: full
[08:46:38] __main__             INFO     Directorios verificados/creados
[08:46:38] src.services.data_sync_service INFO     Data Sync Service inicializado
[08:46:38] src.services.analytics_service INFO     Analytics Service inicializado
[08:46:38] src.services.notification_service INFO     Notification Service inicializado
[08:46:38] src.core.scanner_manager INFO     Scanner Manager inicializado
[08:46:38] src.core.scanner_manager INFO     Iniciando sistema de escaneo Johnson Controls...
[08:46:38] src.services.data_sync_service INFO     Cargados 0 productos
[08:46:38] src.core.scanner_manager INFO     Cargados 0 productos existentes
[08:46:38] src.hardware.serial_interface INFO     Serial Interface inicializada para puerto COM5 @ 9600 baud
[08:46:38] src.hardware.zebra_scanner INFO     Zebra Scanner DS3678 inicializado para puerto COM5
[08:46:38] src.hardware.zebra_scanner INFO     Conectando a Zebra DS3678 en COM5...
[08:46:38] src.hardware.serial_interface INFO     Conectando a puerto serie COM5...
[08:46:38] src.hardware.serial_interface ERROR    Error de puerto serie: could not open port 'COM5': FileNotFoundError(2, 'El sistema no puede encontrar el archivo especificado.', None, 2)
[08:46:38] src.hardware.zebra_scanner ERROR    Error conectando interface serie
[08:46:38] src.core.scanner_manager WARNING  No se pudo conectar al escáner
[08:46:38] src.core.scanner_manager WARNING  Hardware no disponible - Modo simulación activado
[08:46:38] src.services.data_sync_service INFO     Estado inicial cargado correctamente
[08:46:38] src.services.data_sync_service INFO     Verificación de integridad completada
[08:46:38] src.services.data_sync_service INFO     Data Sync Service inicializado correctamente
[08:46:38] src.services.analytics_service INFO     Datos históricos cargados (simulado)
[08:46:38] src.services.analytics_service INFO     Analytics Service inicializado correctamente
[08:46:38] src.services.notification_service INFO     Notification Service inicializado correctamente
[08:46:38] src.core.scanner_manager INFO     Iniciando bucle de lectura del escáner
[08:46:38] src.core.scanner_manager INFO     Hilo de lectura del escáner iniciado
[08:46:38] src.core.scanner_manager INFO     Iniciando bucle de procesamiento de comandos
[08:46:38] src.core.scanner_manager INFO     Hilo de procesamiento de comandos iniciado
[08:46:38] src.core.scanner_manager INFO     Sistema de escaneo inicializado correctamente
[08:46:38] __main__             ERROR    Error en inicialización: name 'WebApplication' is not defined
[08:47:04] src.utils.logger     INFO     Sistema de logging Johnson Controls inicializado
[08:47:04] src.utils.logger     INFO     Nivel: INFO, Directorio: data\logs
[08:47:04] __main__             INFO     ============================================================
[08:47:04] __main__             INFO     JOHNSON CONTROLS - Sistema de Seguimiento Industrial
[08:47:04] __main__             INFO     Version 2.0 - Arquitectura Modular
[08:47:04] __main__             INFO     ============================================================
[08:47:04] __main__             INFO     Inicializando sistema...
[08:47:04] __main__             INFO     Planta: Planta Durango - Desarrollo (JCI_MX_DEV_001)
[08:47:04] __main__             INFO     Departamento: Manufactura - Testing
[08:47:04] __main__             INFO     Ambiente: development
[08:47:04] __main__             INFO     Puerto Serie: COM5
[08:47:04] __main__             INFO     Puerto Web: 5000
[08:47:04] __main__             INFO     Modo: full
[08:47:04] __main__             INFO     Directorios verificados/creados
[08:47:04] src.services.data_sync_service INFO     Data Sync Service inicializado
[08:47:04] src.services.analytics_service INFO     Analytics Service inicializado
[08:47:04] src.services.notification_service INFO     Notification Service inicializado
[08:47:04] src.core.scanner_manager INFO     Scanner Manager inicializado
[08:47:04] src.core.scanner_manager INFO     Iniciando sistema de escaneo Johnson Controls...
[08:47:04] src.services.data_sync_service INFO     Cargados 0 productos
[08:47:04] src.core.scanner_manager INFO     Cargados 0 productos existentes
[08:47:04] src.hardware.serial_interface INFO     Serial Interface inicializada para puerto COM5 @ 9600 baud
[08:47:04] src.hardware.zebra_scanner INFO     Zebra Scanner DS3678 inicializado para puerto COM5
[08:47:04] src.hardware.zebra_scanner INFO     Conectando a Zebra DS3678 en COM5...
[08:47:04] src.hardware.serial_interface INFO     Conectando a puerto serie COM5...
[08:47:04] src.hardware.serial_interface ERROR    Error de puerto serie: could not open port 'COM5': FileNotFoundError(2, 'El sistema no puede encontrar el archivo especificado.', None, 2)
[08:47:04] src.hardware.zebra_scanner ERROR    Error conectando interface serie
[08:47:04] src.core.scanner_manager WARNING  No se pudo conectar al escáner
[08:47:04] src.core.scanner_manager WARNING  Hardware no disponible - Modo simulación activado
[08:47:04] src.services.data_sync_service INFO     Estado inicial cargado correctamente
[08:47:04] src.services.data_sync_service INFO     Verificación de integridad completada
[08:47:04] src.services.data_sync_service INFO     Data Sync Service inicializado correctamente
[08:47:04] src.services.analytics_service INFO     Datos históricos cargados (simulado)
[08:47:04] src.services.analytics_service INFO     Analytics Service inicializado correctamente
[08:47:04] src.services.notification_service INFO     Notification Service inicializado correctamente
[08:47:04] src.core.scanner_manager INFO     Iniciando bucle de lectura del escáner
[08:47:04] src.core.scanner_manager INFO     Hilo de lectura del escáner iniciado
[08:47:04] src.core.scanner_manager INFO     Iniciando bucle de procesamiento de comandos
[08:47:04] src.core.scanner_manager INFO     Hilo de procesamiento de comandos iniciado
[08:47:04] src.core.scanner_manager INFO     Sistema de escaneo inicializado correctamente
[08:47:04] __main__             ERROR    Error en inicialización: 'EnhancedWebApp' object has no attribute 'initialize'
[08:49:20] src.utils.logger     INFO     Sistema de logging Johnson Controls inicializado
[08:49:20] src.utils.logger     INFO     Nivel: INFO, Directorio: data\logs
[08:49:20] __main__             INFO     ============================================================
[08:49:20] __main__             INFO     JOHNSON CONTROLS - Sistema de Seguimiento Industrial
[08:49:20] __main__             INFO     Version 2.0 - Arquitectura Modular
[08:49:20] __main__             INFO     ============================================================
[08:49:20] __main__             INFO     Inicializando sistema...
[08:49:20] __main__             INFO     Planta: Planta Durango - Desarrollo (JCI_MX_DEV_001)
[08:49:20] __main__             INFO     Departamento: Manufactura - Testing
[08:49:20] __main__             INFO     Ambiente: development
[08:49:20] __main__             INFO     Puerto Serie: COM5
[08:49:20] __main__             INFO     Puerto Web: 5000
[08:49:20] __main__             INFO     Modo: full
[08:49:20] __main__             INFO     Directorios verificados/creados
[08:49:20] src.services.data_sync_service INFO     Data Sync Service inicializado
[08:49:20] src.services.analytics_service INFO     Analytics Service inicializado
[08:49:20] src.services.notification_service INFO     Notification Service inicializado
[08:49:20] src.core.scanner_manager INFO     Scanner Manager inicializado
[08:49:20] src.core.scanner_manager INFO     Iniciando sistema de escaneo Johnson Controls...
[08:49:20] src.services.data_sync_service INFO     Cargados 0 productos
[08:49:20] src.core.scanner_manager INFO     Cargados 0 productos existentes
[08:49:20] src.hardware.serial_interface INFO     Serial Interface inicializada para puerto COM5 @ 9600 baud
[08:49:20] src.hardware.zebra_scanner INFO     Zebra Scanner DS3678 inicializado para puerto COM5
[08:49:20] src.hardware.zebra_scanner INFO     Conectando a Zebra DS3678 en COM5...
[08:49:20] src.hardware.serial_interface INFO     Conectando a puerto serie COM5...
[08:49:20] src.hardware.serial_interface ERROR    Error de puerto serie: could not open port 'COM5': FileNotFoundError(2, 'El sistema no puede encontrar el archivo especificado.', None, 2)
[08:49:20] src.hardware.zebra_scanner ERROR    Error conectando interface serie
[08:49:20] src.core.scanner_manager WARNING  No se pudo conectar al escáner
[08:49:20] src.core.scanner_manager WARNING  Hardware no disponible - Modo simulación activado
[08:49:20] src.services.data_sync_service INFO     Estado inicial cargado correctamente
[08:49:20] src.services.data_sync_service INFO     Verificación de integridad completada
[08:49:20] src.services.data_sync_service INFO     Data Sync Service inicializado correctamente
[08:49:20] src.services.analytics_service INFO     Datos históricos cargados (simulado)
[08:49:20] src.services.analytics_service INFO     Analytics Service inicializado correctamente
[08:49:20] src.services.notification_service INFO     Notification Service inicializado correctamente
[08:49:20] src.core.scanner_manager INFO     Iniciando bucle de lectura del escáner
[08:49:20] src.core.scanner_manager INFO     Hilo de lectura del escáner iniciado
[08:49:20] src.core.scanner_manager INFO     Iniciando bucle de procesamiento de comandos
[08:49:20] src.core.scanner_manager INFO     Hilo de procesamiento de comandos iniciado
[08:49:20] src.core.scanner_manager INFO     Sistema de escaneo inicializado correctamente
[08:49:20] __main__             ERROR    Error en inicialización: 'EnhancedWebApp' object has no attribute 'create_app'
[09:07:33] src.utils.logger     INFO     Sistema de logging Johnson Controls inicializado
[09:07:33] src.utils.logger     INFO     Nivel: INFO, Directorio: data\logs
[09:07:33] __main__             INFO     ============================================================
[09:07:33] __main__             INFO     JOHNSON CONTROLS - Sistema de Seguimiento Industrial
[09:07:33] __main__             INFO     Version 2.0 - Arquitectura Modular
[09:07:33] __main__             INFO     ============================================================
[09:07:33] __main__             INFO     Inicializando sistema...
[09:07:33] __main__             INFO     Planta: Planta Durango - Desarrollo (JCI_MX_DEV_001)
[09:07:33] __main__             INFO     Departamento: Manufactura - Testing
[09:07:33] __main__             INFO     Ambiente: development
[09:07:33] __main__             INFO     Puerto Serie: COM5
[09:07:33] __main__             INFO     Puerto Web: 5000
[09:07:33] __main__             INFO     Modo: full
[09:07:33] __main__             INFO     Directorios verificados/creados
[09:07:33] src.services.data_sync_service INFO     Data Sync Service inicializado
[09:07:33] src.services.analytics_service INFO     Analytics Service inicializado
[09:07:33] src.services.notification_service INFO     Notification Service inicializado
[09:07:33] src.core.scanner_manager INFO     Scanner Manager inicializado
[09:07:33] src.core.scanner_manager INFO     Iniciando sistema de escaneo Johnson Controls...
[09:07:33] src.services.data_sync_service INFO     Cargados 0 productos
[09:07:33] src.core.scanner_manager INFO     Cargados 0 productos existentes
[09:07:33] src.hardware.serial_interface INFO     Serial Interface inicializada para puerto COM5 @ 9600 baud
[09:07:33] src.hardware.zebra_scanner INFO     Zebra Scanner DS3678 inicializado para puerto COM5
[09:07:33] src.hardware.zebra_scanner INFO     Conectando a Zebra DS3678 en COM5...
[09:07:33] src.hardware.serial_interface INFO     Conectando a puerto serie COM5...
[09:07:33] src.hardware.serial_interface ERROR    Error de puerto serie: could not open port 'COM5': FileNotFoundError(2, 'El sistema no puede encontrar el archivo especificado.', None, 2)
[09:07:33] src.hardware.zebra_scanner ERROR    Error conectando interface serie
[09:07:33] src.core.scanner_manager WARNING  No se pudo conectar al escáner
[09:07:33] src.core.scanner_manager WARNING  Hardware no disponible - Modo simulación activado
[09:07:33] src.services.data_sync_service INFO     Estado inicial cargado correctamente
[09:07:33] src.services.data_sync_service INFO     Verificación de integridad completada
[09:07:33] src.services.data_sync_service INFO     Data Sync Service inicializado correctamente
[09:07:33] src.services.analytics_service INFO     Datos históricos cargados (simulado)
[09:07:33] src.services.analytics_service INFO     Analytics Service inicializado correctamente
[09:07:33] src.services.notification_service INFO     Notification Service inicializado correctamente
[09:07:33] src.core.scanner_manager INFO     Iniciando bucle de lectura del escáner
[09:07:33] src.core.scanner_manager INFO     Hilo de lectura del escáner iniciado
[09:07:33] src.core.scanner_manager INFO     Iniciando bucle de procesamiento de comandos
[09:07:33] src.core.scanner_manager INFO     Hilo de procesamiento de comandos iniciado
[09:07:33] src.core.scanner_manager INFO     Sistema de escaneo inicializado correctamente
[09:07:33] src.web.app          INFO     Web Application inicializada con archivos estáticos
[09:07:33] src.web.app          INFO     APIs registradas: data, control, analytics
[09:07:33] src.web.app          WARNING  Extensiones no disponibles
[09:07:33] src.web.app          INFO     Web Application configurada correctamente
[09:07:33] src.services.analytics_service INFO     Analytics Service inicializado
[09:07:33] src.services.analytics_service INFO     Datos históricos cargados (simulado)
[09:07:33] src.services.analytics_service INFO     Analytics Service inicializado correctamente
[09:07:33] __main__             INFO     Sistema inicializado correctamente
[09:07:33] __main__             INFO     Iniciando sistema en modo: full
[09:07:33] __main__             INFO     Scanner Manager: Activo
[09:07:33] src.web.app          INFO     Iniciando servidor web en puerto 5000
[09:07:33] src.web.app          INFO     Servidor web iniciado
[09:07:33] __main__             INFO     Aplicación Web: http://localhost:5000
[09:07:33] src.services.analytics_service INFO     Iniciando bucle de analytics
[09:07:33] src.services.analytics_service INFO     Analytics Service iniciado
[09:07:33] src.services.analytics_service WARNING  ALERTA HIGH: Eficiencia baja: 47.0%
[09:07:33] __main__             INFO     Servicio de Analytics: Activo
[09:07:33] src.services.analytics_service WARNING  ALERTA MEDIUM: OEE bajo: 44.7%
[09:07:33] __main__             INFO     Sistema completo en ejecución...
[09:07:33] __main__             INFO     Presiona Ctrl+C para detener
[09:08:03] src.services.analytics_service WARNING  ALERTA HIGH: Eficiencia baja: 47.0%
[09:08:03] src.services.analytics_service WARNING  ALERTA MEDIUM: OEE bajo: 44.7%
[09:08:33] src.services.analytics_service WARNING  ALERTA HIGH: Eficiencia baja: 47.0%
[09:08:33] src.services.analytics_service WARNING  ALERTA MEDIUM: OEE bajo: 44.7%
[09:09:03] src.services.analytics_service WARNING  ALERTA HIGH: Eficiencia baja: 47.0%
[09:09:03] src.services.analytics_service WARNING  ALERTA MEDIUM: OEE bajo: 44.7%
[09:09:33] src.services.analytics_service WARNING  ALERTA HIGH: Eficiencia baja: 47.0%
[09:09:33] src.services.analytics_service WARNING  ALERTA MEDIUM: OEE bajo: 44.7%
[09:10:03] src.services.analytics_service WARNING  ALERTA HIGH: Eficiencia baja: 47.0%
[09:10:03] src.services.analytics_service WARNING  ALERTA MEDIUM: OEE bajo: 44.7%
[09:10:13] __main__             INFO     Señal recibida: 2
[09:10:13] __main__             INFO     Iniciando apagado del sistema...
[09:10:13] src.core.scanner_manager INFO     Iniciando apagado del sistema...
[09:10:13] src.hardware.zebra_scanner INFO     Desconectando Zebra DS3678...
[09:10:13] src.hardware.serial_interface INFO     Desconectando de puerto serie COM5...
[09:10:13] src.hardware.serial_interface INFO     Desconectado exitosamente
[09:10:13] src.hardware.zebra_scanner INFO     Zebra DS3678 desconectado
[09:10:13] src.core.scanner_manager INFO     Bucle de lectura del escáner terminado
[09:10:13] src.core.scanner_manager INFO     Bucle de procesamiento de comandos terminado
[09:10:13] src.core.scanner_manager INFO     Sistema apagado correctamente
[09:10:13] __main__             INFO     Scanner Manager detenido
[09:10:18] src.services.analytics_service INFO     Analytics Service detenido
[09:10:18] __main__             INFO     Servicio de Analytics detenido
[09:10:18] src.web.app          INFO     Servidor web detenido
[09:10:18] __main__             INFO     Aplicación Web detenida
[09:10:18] __main__             INFO     Sistema apagado correctamente
[09:10:18] __main__             INFO     ============================================================
[09:10:22] src.utils.logger     INFO     Sistema de logging Johnson Controls inicializado
[09:10:22] src.utils.logger     INFO     Nivel: INFO, Directorio: data\logs
[09:10:22] __main__             INFO     ============================================================
[09:10:22] __main__             INFO     JOHNSON CONTROLS - Sistema de Seguimiento Industrial
[09:10:22] __main__             INFO     Version 2.0 - Arquitectura Modular
[09:10:22] __main__             INFO     ============================================================
[09:10:22] __main__             INFO     Inicializando sistema...
[09:10:22] __main__             INFO     Planta: Planta Durango - Desarrollo (JCI_MX_DEV_001)
[09:10:22] __main__             INFO     Departamento: Manufactura - Testing
[09:10:22] __main__             INFO     Ambiente: development
[09:10:22] __main__             INFO     Puerto Serie: COM5
[09:10:22] __main__             INFO     Puerto Web: 5000
[09:10:22] __main__             INFO     Modo: full
[09:10:22] __main__             INFO     Directorios verificados/creados
[09:10:22] src.services.data_sync_service INFO     Data Sync Service inicializado
[09:10:22] src.services.analytics_service INFO     Analytics Service inicializado
[09:10:22] src.services.notification_service INFO     Notification Service inicializado
[09:10:22] src.core.scanner_manager INFO     Scanner Manager inicializado
[09:10:22] src.core.scanner_manager INFO     Iniciando sistema de escaneo Johnson Controls...
[09:10:22] src.services.data_sync_service INFO     Cargados 0 productos
[09:10:22] src.core.scanner_manager INFO     Cargados 0 productos existentes
[09:10:22] src.hardware.serial_interface INFO     Serial Interface inicializada para puerto COM5 @ 9600 baud
[09:10:22] src.hardware.zebra_scanner INFO     Zebra Scanner DS3678 inicializado para puerto COM5
[09:10:22] src.hardware.zebra_scanner INFO     Conectando a Zebra DS3678 en COM5...
[09:10:22] src.hardware.serial_interface INFO     Conectando a puerto serie COM5...
[09:10:22] src.hardware.serial_interface ERROR    Error de puerto serie: could not open port 'COM5': FileNotFoundError(2, 'El sistema no puede encontrar el archivo especificado.', None, 2)
[09:10:22] src.hardware.zebra_scanner ERROR    Error conectando interface serie
[09:10:22] src.core.scanner_manager WARNING  No se pudo conectar al escáner
[09:10:22] src.core.scanner_manager WARNING  Hardware no disponible - Modo simulación activado
[09:10:22] src.services.data_sync_service INFO     Estado inicial cargado correctamente
[09:10:22] src.services.data_sync_service INFO     Verificación de integridad completada
[09:10:22] src.services.data_sync_service INFO     Data Sync Service inicializado correctamente
[09:10:22] src.services.analytics_service INFO     Datos históricos cargados (simulado)
[09:10:22] src.services.analytics_service INFO     Analytics Service inicializado correctamente
[09:10:22] src.services.notification_service INFO     Notification Service inicializado correctamente
[09:10:22] src.core.scanner_manager INFO     Iniciando bucle de lectura del escáner
[09:10:22] src.core.scanner_manager INFO     Hilo de lectura del escáner iniciado
[09:10:22] src.core.scanner_manager INFO     Iniciando bucle de procesamiento de comandos
[09:10:22] src.core.scanner_manager INFO     Hilo de procesamiento de comandos iniciado
[09:10:22] src.core.scanner_manager INFO     Sistema de escaneo inicializado correctamente
[09:10:22] src.web.app          INFO     Web Application inicializada con archivos estáticos
[09:10:22] src.web.app          INFO     APIs registradas: data, control, analytics
[09:10:22] src.web.app          WARNING  Extensiones no disponibles
[09:10:22] src.web.app          INFO     Web Application configurada correctamente
[09:10:22] src.services.analytics_service INFO     Analytics Service inicializado
[09:10:22] src.services.analytics_service INFO     Datos históricos cargados (simulado)
[09:10:22] src.services.analytics_service INFO     Analytics Service inicializado correctamente
[09:10:22] __main__             INFO     Sistema inicializado correctamente
[09:10:22] __main__             INFO     Iniciando sistema en modo: full
[09:10:22] __main__             INFO     Scanner Manager: Activo
[09:10:22] src.web.app          INFO     Iniciando servidor web en puerto 5000
[09:10:22] src.web.app          INFO     Servidor web iniciado
[09:10:22] __main__             INFO     Aplicación Web: http://localhost:5000
[09:10:22] src.services.analytics_service INFO     Iniciando bucle de analytics
[09:10:22] src.services.analytics_service INFO     Analytics Service iniciado
[09:10:22] src.services.analytics_service WARNING  ALERTA HIGH: Eficiencia baja: 47.0%
[09:10:22] __main__             INFO     Servicio de Analytics: Activo
[09:10:22] src.services.analytics_service WARNING  ALERTA MEDIUM: OEE bajo: 44.7%
[09:10:22] __main__             INFO     Sistema completo en ejecución...
[09:10:22] __main__             INFO     Presiona Ctrl+C para detener
[09:10:52] src.services.analytics_service WARNING  ALERTA HIGH: Eficiencia baja: 47.0%
[09:10:52] src.services.analytics_service WARNING  ALERTA MEDIUM: OEE bajo: 44.7%
[09:11:22] src.services.analytics_service WARNING  ALERTA HIGH: Eficiencia baja: 47.0%
[09:11:22] src.services.analytics_service WARNING  ALERTA MEDIUM: OEE bajo: 44.7%
[09:11:51] __main__             INFO     Señal recibida: 2
[09:11:52] src.services.analytics_service WARNING  ALERTA HIGH: Eficiencia baja: 47.0%
[09:11:52] src.services.analytics_service WARNING  ALERTA MEDIUM: OEE bajo: 44.7%
[09:11:52] __main__             INFO     Iniciando apagado del sistema...
[09:11:52] src.core.scanner_manager INFO     Iniciando apagado del sistema...
[09:11:52] src.hardware.zebra_scanner INFO     Desconectando Zebra DS3678...
[09:11:52] src.hardware.serial_interface INFO     Desconectando de puerto serie COM5...
[09:11:52] src.hardware.serial_interface INFO     Desconectado exitosamente
[09:11:52] src.hardware.zebra_scanner INFO     Zebra DS3678 desconectado
[09:11:52] src.core.scanner_manager INFO     Bucle de lectura del escáner terminado
[09:11:52] src.core.scanner_manager INFO     Bucle de procesamiento de comandos terminado
[09:11:52] src.core.scanner_manager INFO     Sistema apagado correctamente
[09:11:52] __main__             INFO     Scanner Manager detenido
[09:11:57] src.services.analytics_service INFO     Analytics Service detenido
[09:11:57] __main__             INFO     Servicio de Analytics detenido
[09:11:57] src.web.app          INFO     Servidor web detenido
[09:11:57] __main__             INFO     Aplicación Web detenida
[09:11:57] __main__             INFO     Sistema apagado correctamente
[09:11:57] __main__             INFO     ============================================================
[09:16:40] src.utils.logger     INFO     Sistema de logging Johnson Controls inicializado
[09:16:40] src.utils.logger     INFO     Nivel: INFO, Directorio: data\logs
[09:16:40] __main__             INFO     ============================================================
[09:16:40] __main__             INFO     JOHNSON CONTROLS - Sistema de Seguimiento Industrial
[09:16:40] __main__             INFO     Version 2.0 - Arquitectura Modular
[09:16:40] __main__             INFO     ============================================================
[09:16:40] __main__             INFO     Inicializando sistema...
[09:16:40] __main__             INFO     Planta: Planta Durango - Desarrollo (JCI_MX_DEV_001)
[09:16:40] __main__             INFO     Departamento: Manufactura - Testing
[09:16:40] __main__             INFO     Ambiente: development
[09:16:40] __main__             INFO     Puerto Serie: COM5
[09:16:40] __main__             INFO     Puerto Web: 5000
[09:16:40] __main__             INFO     Modo: full
[09:16:40] __main__             INFO     Directorios verificados/creados
[09:16:40] src.services.data_sync_service INFO     Data Sync Service inicializado
[09:16:40] src.services.analytics_service INFO     Analytics Service inicializado
[09:16:40] src.services.notification_service INFO     Notification Service inicializado
[09:16:40] src.core.scanner_manager INFO     Scanner Manager inicializado
[09:16:40] src.core.scanner_manager INFO     Iniciando sistema de escaneo Johnson Controls...
[09:16:40] src.services.data_sync_service INFO     Cargados 0 productos
[09:16:40] src.core.scanner_manager INFO     Cargados 0 productos existentes
[09:16:40] src.hardware.serial_interface INFO     Serial Interface inicializada para puerto COM5 @ 9600 baud
[09:16:40] src.hardware.zebra_scanner INFO     Zebra Scanner DS3678 inicializado para puerto COM5
[09:16:40] src.hardware.zebra_scanner INFO     Conectando a Zebra DS3678 en COM5...
[09:16:40] src.hardware.serial_interface INFO     Conectando a puerto serie COM5...
[09:16:40] src.hardware.serial_interface ERROR    Error de puerto serie: could not open port 'COM5': FileNotFoundError(2, 'El sistema no puede encontrar el archivo especificado.', None, 2)
[09:16:40] src.hardware.zebra_scanner ERROR    Error conectando interface serie
[09:16:40] src.core.scanner_manager WARNING  No se pudo conectar al escáner
[09:16:40] src.core.scanner_manager WARNING  Hardware no disponible - Modo simulación activado
[09:16:40] src.services.data_sync_service INFO     Estado inicial cargado correctamente
[09:16:40] src.services.data_sync_service INFO     Verificación de integridad completada
[09:16:40] src.services.data_sync_service INFO     Data Sync Service inicializado correctamente
[09:16:40] src.services.analytics_service INFO     Datos históricos cargados (simulado)
[09:16:40] src.services.analytics_service INFO     Analytics Service inicializado correctamente
[09:16:40] src.services.notification_service INFO     Notification Service inicializado correctamente
[09:16:40] src.core.scanner_manager INFO     Iniciando bucle de lectura del escáner
[09:16:40] src.core.scanner_manager INFO     Hilo de lectura del escáner iniciado
[09:16:40] src.core.scanner_manager INFO     Iniciando bucle de procesamiento de comandos
[09:16:40] src.core.scanner_manager INFO     Hilo de procesamiento de comandos iniciado
[09:16:40] src.core.scanner_manager INFO     Sistema de escaneo inicializado correctamente
[09:16:40] src.web.app          INFO     Web Application inicializada con archivos estáticos
[09:16:40] src.web.app          INFO     WebApplication Extension inicializada
[09:16:40] src.web.app          INFO     WebApplication extension aplicada exitosamente
[09:16:40] src.web.app          INFO     APIs registradas: data, control, analytics
[09:16:40] src.web.app          INFO     Web Application configurada correctamente
[09:16:40] src.services.analytics_service INFO     Analytics Service inicializado
[09:16:40] src.services.analytics_service INFO     Datos históricos cargados (simulado)
[09:16:40] src.services.analytics_service INFO     Analytics Service inicializado correctamente
[09:16:40] __main__             INFO     Sistema inicializado correctamente
[09:16:40] __main__             INFO     Iniciando sistema en modo: full
[09:16:40] __main__             INFO     Scanner Manager: Activo
[09:16:40] src.web.app          INFO     Iniciando servidor web en puerto 5000
[09:16:40] src.web.app          INFO     Servidor web iniciado
[09:16:40] __main__             INFO     Aplicación Web: http://localhost:5000
[09:16:40] src.services.analytics_service INFO     Iniciando bucle de analytics
[09:16:40] src.services.analytics_service INFO     Analytics Service iniciado
[09:16:40] src.services.analytics_service WARNING  ALERTA HIGH: Eficiencia baja: 47.0%
[09:16:40] __main__             INFO     Servicio de Analytics: Activo
[09:16:40] src.services.analytics_service WARNING  ALERTA MEDIUM: OEE bajo: 44.7%
[09:16:40] __main__             INFO     Sistema completo en ejecución...
[09:16:40] __main__             INFO     Presiona Ctrl+C para detener
[09:17:10] src.services.analytics_service WARNING  ALERTA HIGH: Eficiencia baja: 47.0%
[09:17:10] src.services.analytics_service WARNING  ALERTA MEDIUM: OEE bajo: 44.7%
[09:17:40] src.services.analytics_service WARNING  ALERTA HIGH: Eficiencia baja: 47.0%
[09:17:40] src.services.analytics_service WARNING  ALERTA MEDIUM: OEE bajo: 44.7%
[09:18:10] src.services.analytics_service WARNING  ALERTA HIGH: Eficiencia baja: 47.0%
[09:18:10] src.services.analytics_service WARNING  ALERTA MEDIUM: OEE bajo: 44.7%
[09:18:40] src.services.analytics_service WARNING  ALERTA HIGH: Eficiencia baja: 47.0%
[09:18:40] src.services.analytics_service WARNING  ALERTA MEDIUM: OEE bajo: 44.7%
[09:19:10] src.services.analytics_service WARNING  ALERTA HIGH: Eficiencia baja: 47.0%
[09:19:10] src.services.analytics_service WARNING  ALERTA MEDIUM: OEE bajo: 44.7%
[09:19:40] src.services.analytics_service WARNING  ALERTA HIGH: Eficiencia baja: 47.0%
[09:19:40] src.services.analytics_service WARNING  ALERTA MEDIUM: OEE bajo: 44.7%
[09:20:10] src.services.analytics_service WARNING  ALERTA HIGH: Eficiencia baja: 47.0%
[09:20:10] src.services.analytics_service WARNING  ALERTA MEDIUM: OEE bajo: 44.7%
[09:20:40] src.services.analytics_service WARNING  ALERTA HIGH: Eficiencia baja: 47.0%
[09:20:40] src.services.analytics_service WARNING  ALERTA MEDIUM: OEE bajo: 44.7%
[09:21:10] src.services.analytics_service WARNING  ALERTA HIGH: Eficiencia baja: 47.0%
[09:21:10] src.services.analytics_service WARNING  ALERTA MEDIUM: OEE bajo: 44.7%
[09:21:40] src.services.analytics_service WARNING  ALERTA HIGH: Eficiencia baja: 47.0%
[09:21:40] src.services.analytics_service WARNING  ALERTA MEDIUM: OEE bajo: 44.7%
[09:22:10] src.services.analytics_service WARNING  ALERTA HIGH: Eficiencia baja: 47.0%
[09:22:10] src.services.analytics_service WARNING  ALERTA MEDIUM: OEE bajo: 44.7%
[09:22:40] src.services.analytics_service WARNING  ALERTA HIGH: Eficiencia baja: 47.0%
[09:22:40] src.services.analytics_service WARNING  ALERTA MEDIUM: OEE bajo: 44.7%
[09:23:10] src.services.analytics_service WARNING  ALERTA HIGH: Eficiencia baja: 47.0%
[09:23:10] src.services.analytics_service WARNING  ALERTA MEDIUM: OEE bajo: 44.7%
[09:23:40] src.services.analytics_service WARNING  ALERTA HIGH: Eficiencia baja: 47.0%
[09:23:40] src.services.analytics_service WARNING  ALERTA MEDIUM: OEE bajo: 44.7%
[09:24:10] src.services.analytics_service WARNING  ALERTA HIGH: Eficiencia baja: 47.0%
[09:24:10] src.services.analytics_service WARNING  ALERTA MEDIUM: OEE bajo: 44.7%
[09:24:40] src.services.analytics_service WARNING  ALERTA HIGH: Eficiencia baja: 47.0%
[09:24:40] src.services.analytics_service WARNING  ALERTA MEDIUM: OEE bajo: 44.7%
[09:25:10] src.services.analytics_service WARNING  ALERTA HIGH: Eficiencia baja: 47.0%
[09:25:10] src.services.analytics_service WARNING  ALERTA MEDIUM: OEE bajo: 44.7%
[09:25:40] src.services.analytics_service WARNING  ALERTA HIGH: Eficiencia baja: 47.0%
[09:25:40] src.services.analytics_service WARNING  ALERTA MEDIUM: OEE bajo: 44.7%
[09:26:10] src.services.analytics_service WARNING  ALERTA HIGH: Eficiencia baja: 47.0%
[09:26:10] src.services.analytics_service WARNING  ALERTA MEDIUM: OEE bajo: 44.7%
[09:26:15] __main__             INFO     Señal recibida: 2
[09:26:15] __main__             INFO     Iniciando apagado del sistema...
[09:26:15] src.core.scanner_manager INFO     Iniciando apagado del sistema...
[09:26:15] src.hardware.zebra_scanner INFO     Desconectando Zebra DS3678...
[09:26:15] src.hardware.serial_interface INFO     Desconectando de puerto serie COM5...
[09:26:15] src.hardware.serial_interface INFO     Desconectado exitosamente
[09:26:15] src.hardware.zebra_scanner INFO     Zebra DS3678 desconectado
[09:26:15] src.core.scanner_manager INFO     Bucle de lectura del escáner terminado
[09:26:16] src.core.scanner_manager INFO     Bucle de procesamiento de comandos terminado
[09:26:16] src.core.scanner_manager INFO     Sistema apagado correctamente
[09:26:16] __main__             INFO     Scanner Manager detenido
[09:26:21] src.services.analytics_service INFO     Analytics Service detenido
[09:26:21] __main__             INFO     Servicio de Analytics detenido
[09:26:21] src.web.app          INFO     Servidor web detenido
[09:26:21] __main__             INFO     Aplicación Web detenida
[09:26:21] __main__             INFO     Sistema apagado correctamente
[09:26:21] __main__             INFO     ============================================================
[09:26:56] src.utils.logger     INFO     Sistema de logging Johnson Controls inicializado
[09:26:56] src.utils.logger     INFO     Nivel: INFO, Directorio: data\logs
[09:26:56] __main__             INFO     ============================================================
[09:26:56] __main__             INFO     JOHNSON CONTROLS - Sistema de Seguimiento Industrial
[09:26:56] __main__             INFO     Version 2.0 - Arquitectura Modular
[09:26:56] __main__             INFO     ============================================================
[09:26:56] __main__             INFO     Inicializando sistema...
[09:26:56] __main__             INFO     Planta: Planta Durango - Desarrollo (JCI_MX_DEV_001)
[09:26:56] __main__             INFO     Departamento: Manufactura - Testing
[09:26:56] __main__             INFO     Ambiente: development
[09:26:56] __main__             INFO     Puerto Serie: COM5
[09:26:56] __main__             INFO     Puerto Web: 5000
[09:26:56] __main__             INFO     Modo: full
[09:26:56] __main__             INFO     Directorios verificados/creados
[09:26:56] src.services.data_sync_service INFO     Data Sync Service inicializado
[09:26:56] src.services.analytics_service INFO     Analytics Service inicializado
[09:26:56] src.services.notification_service INFO     Notification Service inicializado
[09:26:56] src.core.scanner_manager INFO     Scanner Manager inicializado
[09:26:56] src.core.scanner_manager INFO     Iniciando sistema de escaneo Johnson Controls...
[09:26:56] src.services.data_sync_service INFO     Cargados 0 productos
[09:26:56] src.core.scanner_manager INFO     Cargados 0 productos existentes
[09:26:56] src.hardware.serial_interface INFO     Serial Interface inicializada para puerto COM5 @ 9600 baud
[09:26:56] src.hardware.zebra_scanner INFO     Zebra Scanner DS3678 inicializado para puerto COM5
[09:26:56] src.hardware.zebra_scanner INFO     Conectando a Zebra DS3678 en COM5...
[09:26:56] src.hardware.serial_interface INFO     Conectando a puerto serie COM5...
[09:26:56] src.hardware.serial_interface INFO     Conectado exitosamente a COM5
[09:26:56] src.hardware.zebra_scanner WARNING  No se pudo verificar comunicación con Zebra DS3678
[09:26:57] src.hardware.zebra_scanner INFO     Configuración de Zebra DS3678 aplicada
[09:26:57] src.hardware.zebra_scanner INFO     Zebra DS3678 conectado exitosamente
[09:26:57] src.core.scanner_manager INFO     Escáner Zebra conectado en COM5
[09:26:57] src.services.data_sync_service INFO     Estado inicial cargado correctamente
[09:26:57] src.services.data_sync_service INFO     Verificación de integridad completada
[09:26:57] src.services.data_sync_service INFO     Data Sync Service inicializado correctamente
[09:26:57] src.services.analytics_service INFO     Datos históricos cargados (simulado)
[09:26:57] src.services.analytics_service INFO     Analytics Service inicializado correctamente
[09:26:57] src.services.notification_service INFO     Notification Service inicializado correctamente
[09:26:57] src.core.scanner_manager INFO     Iniciando bucle de lectura del escáner
[09:26:57] src.core.scanner_manager INFO     Hilo de lectura del escáner iniciado
[09:26:57] src.core.scanner_manager INFO     Iniciando bucle de procesamiento de comandos
[09:26:57] src.core.scanner_manager INFO     Hilo de procesamiento de comandos iniciado
[09:26:57] src.core.scanner_manager INFO     Sistema de escaneo inicializado correctamente
[09:26:57] src.web.app          INFO     Web Application inicializada con archivos estáticos
[09:26:57] src.web.app          INFO     WebApplication Extension inicializada
[09:26:57] src.web.app          INFO     WebApplication extension aplicada exitosamente
[09:26:57] src.web.app          INFO     APIs registradas: data, control, analytics
[09:26:57] src.web.app          INFO     Web Application configurada correctamente
[09:26:57] src.services.analytics_service INFO     Analytics Service inicializado
[09:26:57] src.services.analytics_service INFO     Datos históricos cargados (simulado)
[09:26:57] src.services.analytics_service INFO     Analytics Service inicializado correctamente
[09:26:57] __main__             INFO     Sistema inicializado correctamente
[09:26:57] __main__             INFO     Iniciando sistema en modo: full
[09:26:57] __main__             INFO     Scanner Manager: Activo
[09:26:57] src.web.app          INFO     Iniciando servidor web en puerto 5000
[09:26:57] src.web.app          INFO     Servidor web iniciado
[09:26:57] __main__             INFO     Aplicación Web: http://localhost:5000
[09:26:57] src.services.analytics_service INFO     Iniciando bucle de analytics
[09:26:57] src.services.analytics_service INFO     Analytics Service iniciado
[09:26:57] src.services.analytics_service WARNING  ALERTA HIGH: Eficiencia baja: 47.0%
[09:26:57] __main__             INFO     Servicio de Analytics: Activo
[09:26:57] src.services.analytics_service WARNING  ALERTA MEDIUM: OEE bajo: 44.7%
[09:26:57] __main__             INFO     Sistema completo en ejecución...
[09:26:57] __main__             INFO     Presiona Ctrl+C para detener
[09:27:27] src.services.analytics_service WARNING  ALERTA HIGH: Eficiencia baja: 47.0%
[09:27:27] src.services.analytics_service WARNING  ALERTA MEDIUM: OEE bajo: 44.7%
[09:27:53] src.core.scanner_manager INFO     Código escaneado: fewygfyu3
[09:27:53] src.core.scanner_manager WARNING  Producto no encontrado: fewygfyu3
[09:27:53] src.services.notification_service ERROR    Error del Sistema: Producto no encontrado: fewygfyu3
[09:27:57] src.services.analytics_service WARNING  ALERTA HIGH: Eficiencia baja: 47.0%
[09:27:57] src.services.analytics_service WARNING  ALERTA MEDIUM: OEE bajo: 44.7%
[09:28:06] src.hardware.serial_interface ERROR    Error leyendo del puerto serie: ClearCommError failed (PermissionError(13, 'El dispositivo no reconoce el comando.', None, 22))
[09:28:27] src.services.analytics_service WARNING  ALERTA HIGH: Eficiencia baja: 47.0%
[09:28:27] src.services.analytics_service WARNING  ALERTA MEDIUM: OEE bajo: 44.7%
[09:28:57] src.services.analytics_service WARNING  ALERTA HIGH: Eficiencia baja: 47.0%
[09:28:57] src.services.analytics_service WARNING  ALERTA MEDIUM: OEE bajo: 44.7%
[09:29:27] src.services.analytics_service WARNING  ALERTA HIGH: Eficiencia baja: 47.0%
[09:29:27] src.services.analytics_service WARNING  ALERTA MEDIUM: OEE bajo: 44.7%
[09:29:57] src.services.analytics_service WARNING  ALERTA HIGH: Eficiencia baja: 47.0%
[09:29:57] src.services.analytics_service WARNING  ALERTA MEDIUM: OEE bajo: 44.7%
[09:30:27] src.services.analytics_service WARNING  ALERTA HIGH: Eficiencia baja: 47.0%
[09:30:27] src.services.analytics_service WARNING  ALERTA MEDIUM: OEE bajo: 44.7%
[09:30:57] src.services.analytics_service WARNING  ALERTA HIGH: Eficiencia baja: 47.0%
[09:30:57] src.services.analytics_service WARNING  ALERTA MEDIUM: OEE bajo: 44.7%
[09:31:27] src.services.analytics_service WARNING  ALERTA HIGH: Eficiencia baja: 47.0%
[09:31:27] src.services.analytics_service WARNING  ALERTA MEDIUM: OEE bajo: 44.7%
[09:31:57] src.services.analytics_service WARNING  ALERTA HIGH: Eficiencia baja: 47.0%
[09:31:57] src.services.analytics_service WARNING  ALERTA MEDIUM: OEE bajo: 44.7%
[09:32:27] src.services.analytics_service WARNING  ALERTA HIGH: Eficiencia baja: 47.0%
[09:32:27] src.services.analytics_service WARNING  ALERTA MEDIUM: OEE bajo: 44.7%
[09:32:57] src.services.analytics_service WARNING  ALERTA HIGH: Eficiencia baja: 47.0%
[09:32:57] src.services.analytics_service WARNING  ALERTA MEDIUM: OEE bajo: 44.7%
[09:33:27] src.services.analytics_service WARNING  ALERTA HIGH: Eficiencia baja: 47.0%
[09:33:27] src.services.analytics_service WARNING  ALERTA MEDIUM: OEE bajo: 44.7%
[09:33:57] src.services.analytics_service WARNING  ALERTA HIGH: Eficiencia baja: 47.0%
[09:33:57] src.services.analytics_service WARNING  ALERTA MEDIUM: OEE bajo: 44.7%
[09:34:27] src.services.analytics_service WARNING  ALERTA HIGH: Eficiencia baja: 47.0%
[09:34:27] src.services.analytics_service WARNING  ALERTA MEDIUM: OEE bajo: 44.7%
[09:34:57] src.services.analytics_service WARNING  ALERTA HIGH: Eficiencia baja: 47.0%
[09:34:57] src.services.analytics_service WARNING  ALERTA MEDIUM: OEE bajo: 44.7%
[09:35:27] src.services.analytics_service WARNING  ALERTA HIGH: Eficiencia baja: 47.0%
[09:35:27] src.services.analytics_service WARNING  ALERTA MEDIUM: OEE bajo: 44.7%
[09:35:57] src.services.analytics_service WARNING  ALERTA HIGH: Eficiencia baja: 47.0%
[09:35:57] src.services.analytics_service WARNING  ALERTA MEDIUM: OEE bajo: 44.7%
[09:36:27] src.services.analytics_service WARNING  ALERTA HIGH: Eficiencia baja: 47.0%
[09:36:27] src.services.analytics_service WARNING  ALERTA MEDIUM: OEE bajo: 44.7%
[09:36:57] src.services.analytics_service WARNING  ALERTA HIGH: Eficiencia baja: 47.0%
[09:36:57] src.services.analytics_service WARNING  ALERTA MEDIUM: OEE bajo: 44.7%
[09:37:27] src.services.analytics_service WARNING  ALERTA HIGH: Eficiencia baja: 47.0%
[09:37:27] src.services.analytics_service WARNING  ALERTA MEDIUM: OEE bajo: 44.7%
[09:37:57] src.services.analytics_service WARNING  ALERTA HIGH: Eficiencia baja: 47.0%
[09:37:57] src.services.analytics_service WARNING  ALERTA MEDIUM: OEE bajo: 44.7%
[09:38:27] src.services.analytics_service WARNING  ALERTA HIGH: Eficiencia baja: 47.0%
[09:38:27] src.services.analytics_service WARNING  ALERTA MEDIUM: OEE bajo: 44.7%
[09:38:57] src.services.analytics_service WARNING  ALERTA HIGH: Eficiencia baja: 47.0%
[09:38:57] src.services.analytics_service WARNING  ALERTA MEDIUM: OEE bajo: 44.7%
[09:39:27] src.services.analytics_service WARNING  ALERTA HIGH: Eficiencia baja: 47.0%
[09:39:27] src.services.analytics_service WARNING  ALERTA MEDIUM: OEE bajo: 44.7%
[09:39:57] src.services.analytics_service WARNING  ALERTA HIGH: Eficiencia baja: 47.0%
[09:39:57] src.services.analytics_service WARNING  ALERTA MEDIUM: OEE bajo: 44.7%
[09:40:27] src.services.analytics_service WARNING  ALERTA HIGH: Eficiencia baja: 47.0%
[09:40:27] src.services.analytics_service WARNING  ALERTA MEDIUM: OEE bajo: 44.7%
[09:40:57] src.services.analytics_service WARNING  ALERTA HIGH: Eficiencia baja: 47.0%
[09:40:57] src.services.analytics_service WARNING  ALERTA MEDIUM: OEE bajo: 44.7%
[09:41:27] src.services.analytics_service WARNING  ALERTA HIGH: Eficiencia baja: 47.0%
[09:41:27] src.services.analytics_service WARNING  ALERTA MEDIUM: OEE bajo: 44.7%
[09:41:57] src.services.analytics_service WARNING  ALERTA HIGH: Eficiencia baja: 47.0%
[09:41:57] src.services.analytics_service WARNING  ALERTA MEDIUM: OEE bajo: 44.7%
[09:42:27] src.services.analytics_service WARNING  ALERTA HIGH: Eficiencia baja: 47.0%
[09:42:27] src.services.analytics_service WARNING  ALERTA MEDIUM: OEE bajo: 44.7%
[09:42:57] src.services.analytics_service WARNING  ALERTA HIGH: Eficiencia baja: 47.0%
[09:42:57] src.services.analytics_service WARNING  ALERTA MEDIUM: OEE bajo: 44.7%
[09:43:27] src.services.analytics_service WARNING  ALERTA HIGH: Eficiencia baja: 47.0%
[09:43:27] src.services.analytics_service WARNING  ALERTA MEDIUM: OEE bajo: 44.7%
[09:43:57] src.services.analytics_service WARNING  ALERTA HIGH: Eficiencia baja: 47.0%
[09:43:57] src.services.analytics_service WARNING  ALERTA MEDIUM: OEE bajo: 44.7%
[09:44:27] src.services.analytics_service WARNING  ALERTA HIGH: Eficiencia baja: 47.0%
[09:44:27] src.services.analytics_service WARNING  ALERTA MEDIUM: OEE bajo: 44.7%
[09:44:57] src.services.analytics_service WARNING  ALERTA HIGH: Eficiencia baja: 47.0%
[09:44:57] src.services.analytics_service WARNING  ALERTA MEDIUM: OEE bajo: 44.7%
[09:45:27] src.services.analytics_service WARNING  ALERTA HIGH: Eficiencia baja: 47.0%
[09:45:27] src.services.analytics_service WARNING  ALERTA MEDIUM: OEE bajo: 44.7%
[09:45:57] src.services.analytics_service WARNING  ALERTA HIGH: Eficiencia baja: 47.0%
[09:45:57] src.services.analytics_service WARNING  ALERTA MEDIUM: OEE bajo: 44.7%
[09:46:27] src.services.analytics_service WARNING  ALERTA HIGH: Eficiencia baja: 47.0%
[09:46:27] src.services.analytics_service WARNING  ALERTA MEDIUM: OEE bajo: 44.7%
[09:46:57] src.services.analytics_service WARNING  ALERTA HIGH: Eficiencia baja: 47.0%
[09:46:57] src.services.analytics_service WARNING  ALERTA MEDIUM: OEE bajo: 44.7%
[09:47:27] src.services.analytics_service WARNING  ALERTA HIGH: Eficiencia baja: 47.0%
[09:47:27] src.services.analytics_service WARNING  ALERTA MEDIUM: OEE bajo: 44.7%
[09:47:57] src.services.analytics_service WARNING  ALERTA HIGH: Eficiencia baja: 47.0%
[09:47:57] src.services.analytics_service WARNING  ALERTA MEDIUM: OEE bajo: 44.7%
[09:48:27] src.services.analytics_service WARNING  ALERTA HIGH: Eficiencia baja: 47.0%
[09:48:27] src.services.analytics_service WARNING  ALERTA MEDIUM: OEE bajo: 44.7%
[09:48:57] src.services.analytics_service WARNING  ALERTA HIGH: Eficiencia baja: 47.0%
[09:48:57] src.services.analytics_service WARNING  ALERTA MEDIUM: OEE bajo: 44.7%
[09:49:27] src.services.analytics_service WARNING  ALERTA HIGH: Eficiencia baja: 47.0%
[09:49:27] src.services.analytics_service WARNING  ALERTA MEDIUM: OEE bajo: 44.7%
[09:49:57] src.services.analytics_service WARNING  ALERTA HIGH: Eficiencia baja: 47.0%
[09:49:57] src.services.analytics_service WARNING  ALERTA MEDIUM: OEE bajo: 44.7%
[09:50:27] src.services.analytics_service WARNING  ALERTA HIGH: Eficiencia baja: 47.0%
[09:50:27] src.services.analytics_service WARNING  ALERTA MEDIUM: OEE bajo: 44.7%
[09:50:57] src.services.analytics_service WARNING  ALERTA HIGH: Eficiencia baja: 47.0%
[09:50:57] src.services.analytics_service WARNING  ALERTA MEDIUM: OEE bajo: 44.7%
[09:51:27] src.services.analytics_service WARNING  ALERTA HIGH: Eficiencia baja: 47.0%
[09:51:27] src.services.analytics_service WARNING  ALERTA MEDIUM: OEE bajo: 44.7%
[09:51:57] src.services.analytics_service WARNING  ALERTA HIGH: Eficiencia baja: 47.0%
[09:51:57] src.services.analytics_service WARNING  ALERTA MEDIUM: OEE bajo: 44.7%
[09:52:27] src.services.analytics_service WARNING  ALERTA HIGH: Eficiencia baja: 47.0%
[09:52:27] src.services.analytics_service WARNING  ALERTA MEDIUM: OEE bajo: 44.7%
[09:52:57] src.services.analytics_service WARNING  ALERTA HIGH: Eficiencia baja: 47.0%
[09:52:57] src.services.analytics_service WARNING  ALERTA MEDIUM: OEE bajo: 44.7%
[09:53:14] __main__             INFO     Señal recibida: 2
[09:53:17] __main__             INFO     Iniciando apagado del sistema...
[09:53:17] src.core.scanner_manager INFO     Iniciando apagado del sistema...
[09:53:17] src.hardware.zebra_scanner INFO     Desconectando Zebra DS3678...
[09:53:17] src.hardware.serial_interface INFO     Desconectando de puerto serie COM5...
[09:53:17] src.hardware.serial_interface INFO     Desconectado exitosamente
[09:53:17] src.hardware.zebra_scanner INFO     Zebra DS3678 desconectado
[09:53:17] src.core.scanner_manager INFO     Bucle de lectura del escáner terminado
[09:53:17] src.core.scanner_manager INFO     Bucle de procesamiento de comandos terminado
[09:53:17] src.core.scanner_manager INFO     Sistema apagado correctamente
[09:53:17] __main__             INFO     Scanner Manager detenido
[09:53:22] src.services.analytics_service INFO     Analytics Service detenido
[09:53:22] __main__             INFO     Servicio de Analytics detenido
[09:53:22] src.web.app          INFO     Servidor web detenido
[09:53:22] __main__             INFO     Aplicación Web detenida
[09:53:22] __main__             INFO     Sistema apagado correctamente
[09:53:22] __main__             INFO     ============================================================
[15:21:46] src.utils.logger     INFO     Sistema de logging Johnson Controls inicializado
[15:21:46] src.utils.logger     INFO     Nivel: INFO, Directorio: data\logs
[15:21:46] __main__             INFO     ============================================================
[15:21:46] __main__             INFO     JOHNSON CONTROLS - Sistema de Seguimiento Industrial
[15:21:46] __main__             INFO     Version 2.0 - Arquitectura Modular
[15:21:46] __main__             INFO     ============================================================
[15:21:46] __main__             INFO     Inicializando sistema...
[15:21:46] __main__             INFO     Planta: Planta Durango - Desarrollo (JCI_MX_DEV_001)
[15:21:46] __main__             INFO     Departamento: Manufactura - Testing
[15:21:46] __main__             INFO     Ambiente: development
[15:21:46] __main__             INFO     Puerto Serie: COM5
[15:21:46] __main__             INFO     Puerto Web: 5000
[15:21:46] __main__             INFO     Modo: full
[15:21:46] __main__             INFO     Directorios verificados/creados
[15:21:46] src.services.data_sync_service INFO     Data Sync Service inicializado
[15:21:46] src.services.analytics_service INFO     Analytics Service inicializado
[15:21:46] src.services.notification_service INFO     Notification Service inicializado
[15:21:46] src.core.scanner_manager INFO     Scanner Manager inicializado
[15:21:46] src.core.scanner_manager INFO     Iniciando sistema de escaneo Johnson Controls...
[15:21:46] src.services.data_sync_service INFO     Cargados 0 productos
[15:21:46] src.core.scanner_manager INFO     Cargados 0 productos existentes
[15:21:46] src.hardware.serial_interface INFO     Serial Interface inicializada para puerto COM5 @ 9600 baud
[15:21:46] src.hardware.zebra_scanner INFO     Zebra Scanner DS3678 inicializado para puerto COM5
[15:21:46] src.hardware.zebra_scanner INFO     Conectando a Zebra DS3678 en COM5...
[15:21:46] src.hardware.serial_interface INFO     Conectando a puerto serie COM5...
[15:21:46] src.hardware.serial_interface INFO     Conectado exitosamente a COM5
[15:21:46] src.hardware.zebra_scanner WARNING  No se pudo verificar comunicación con Zebra DS3678
[15:21:47] src.hardware.zebra_scanner INFO     Configuración de Zebra DS3678 aplicada
[15:21:47] src.hardware.zebra_scanner INFO     Zebra DS3678 conectado exitosamente
[15:21:47] src.core.scanner_manager INFO     Escáner Zebra conectado en COM5
[15:21:47] src.services.data_sync_service INFO     Estado inicial cargado correctamente
[15:21:47] src.services.data_sync_service INFO     Verificación de integridad completada
[15:21:47] src.services.data_sync_service INFO     Data Sync Service inicializado correctamente
[15:21:47] src.services.analytics_service INFO     Datos históricos cargados (simulado)
[15:21:47] src.services.analytics_service INFO     Analytics Service inicializado correctamente
[15:21:47] src.services.notification_service INFO     Notification Service inicializado correctamente
[15:21:47] src.core.scanner_manager INFO     Iniciando bucle de lectura del escáner
[15:21:47] src.core.scanner_manager INFO     Hilo de lectura del escáner iniciado
[15:21:47] src.core.scanner_manager INFO     Iniciando bucle de procesamiento de comandos
[15:21:47] src.core.scanner_manager INFO     Hilo de procesamiento de comandos iniciado
[15:21:47] src.core.scanner_manager INFO     Sistema de escaneo inicializado correctamente
[15:21:47] src.web.app          INFO     Web Application inicializada con archivos estáticos
[15:21:47] src.web.app          INFO     WebApplication Extension inicializada
[15:21:47] src.web.app          INFO     WebApplication extension aplicada exitosamente
[15:21:47] src.web.app          INFO     APIs registradas: data, control, analytics
[15:21:47] src.web.app          INFO     Web Application configurada correctamente
[15:21:47] src.services.analytics_service INFO     Analytics Service inicializado
[15:21:47] src.services.analytics_service INFO     Datos históricos cargados (simulado)
[15:21:47] src.services.analytics_service INFO     Analytics Service inicializado correctamente
[15:21:47] __main__             INFO     Sistema inicializado correctamente
[15:21:47] __main__             INFO     Iniciando sistema en modo: full
[15:21:47] __main__             INFO     Scanner Manager: Activo
[15:21:47] src.web.app          INFO     Iniciando servidor web en puerto 5000
[15:21:47] src.web.app          INFO     Servidor web iniciado
[15:21:47] __main__             INFO     Aplicación Web: http://localhost:5000
[15:21:47] src.services.analytics_service INFO     Iniciando bucle de analytics
[15:21:47] src.services.analytics_service INFO     Analytics Service iniciado
[15:21:47] src.services.analytics_service WARNING  ALERTA HIGH: Eficiencia baja: 47.0%
[15:21:47] __main__             INFO     Servicio de Analytics: Activo
[15:21:47] src.services.analytics_service WARNING  ALERTA MEDIUM: OEE bajo: 44.7%
[15:21:47] __main__             INFO     Sistema completo en ejecución...
[15:21:47] __main__             INFO     Presiona Ctrl+C para detener
[15:22:17] src.services.analytics_service WARNING  ALERTA HIGH: Eficiencia baja: 47.0%
[15:22:17] src.services.analytics_service WARNING  ALERTA MEDIUM: OEE bajo: 44.7%
[15:22:26] __main__             INFO     Señal recibida: 2
[15:22:27] __main__             INFO     Iniciando apagado del sistema...
[15:22:27] src.core.scanner_manager INFO     Iniciando apagado del sistema...
[15:22:27] src.hardware.zebra_scanner INFO     Desconectando Zebra DS3678...
[15:22:27] src.hardware.serial_interface INFO     Desconectando de puerto serie COM5...
[15:22:27] src.hardware.serial_interface INFO     Desconectado exitosamente
[15:22:27] src.hardware.zebra_scanner INFO     Zebra DS3678 desconectado
[15:22:27] src.core.scanner_manager INFO     Bucle de procesamiento de comandos terminado
[15:22:27] src.core.scanner_manager INFO     Bucle de lectura del escáner terminado
[15:22:27] src.core.scanner_manager INFO     Sistema apagado correctamente
[15:22:27] __main__             INFO     Scanner Manager detenido
[15:22:32] src.services.analytics_service INFO     Analytics Service detenido
[15:22:32] __main__             INFO     Servicio de Analytics detenido
[15:22:32] src.web.app          INFO     Servidor web detenido
[15:22:32] __main__             INFO     Aplicación Web detenida
[15:22:32] __main__             INFO     Sistema apagado correctamente
[15:22:32] __main__             INFO     ============================================================
[15:39:43] src.utils.logger     INFO     Sistema de logging Johnson Controls inicializado
[15:39:43] src.utils.logger     INFO     Nivel: INFO, Directorio: data\logs
[15:39:43] __main__             INFO     ============================================================
[15:39:43] __main__             INFO     JOHNSON CONTROLS - Sistema de Seguimiento Industrial
[15:39:43] __main__             INFO     Version 2.0 - Arquitectura Modular
[15:39:43] __main__             INFO     ============================================================
[15:39:43] __main__             INFO     Inicializando sistema...
[15:39:43] __main__             INFO     Planta: Planta Durango - Desarrollo (JCI_MX_DEV_001)
[15:39:43] __main__             INFO     Departamento: Manufactura - Testing
[15:39:43] __main__             INFO     Ambiente: development
[15:39:43] __main__             INFO     Puerto Serie: COM5
[15:39:43] __main__             INFO     Puerto Web: 5000
[15:39:43] __main__             INFO     Modo: full
[15:39:43] __main__             INFO     Directorios verificados/creados
[15:39:43] src.services.data_sync_service INFO     Data Sync Service inicializado
[15:39:43] src.services.analytics_service INFO     Analytics Service inicializado
[15:39:43] src.services.notification_service INFO     Notification Service inicializado
[15:39:43] src.core.scanner_manager INFO     Scanner Manager inicializado
[15:39:44] src.core.scanner_manager INFO     Iniciando sistema de escaneo Johnson Controls...
[15:39:44] src.services.data_sync_service INFO     Cargados 0 productos
[15:39:44] src.core.scanner_manager INFO     Cargados 0 productos existentes
[15:39:44] src.hardware.serial_interface INFO     Serial Interface inicializada para puerto COM5 @ 9600 baud
[15:39:44] src.hardware.zebra_scanner INFO     Zebra Scanner DS3678 inicializado para puerto COM5
[15:39:44] src.hardware.zebra_scanner INFO     Conectando a Zebra DS3678 en COM5...
[15:39:44] src.hardware.serial_interface INFO     Conectando a puerto serie COM5...
[15:39:44] src.hardware.serial_interface INFO     Conectado exitosamente a COM5
[15:39:44] src.hardware.zebra_scanner WARNING  No se pudo verificar comunicación con Zebra DS3678
[15:39:44] src.hardware.zebra_scanner INFO     Configuración de Zebra DS3678 aplicada
[15:39:44] src.hardware.zebra_scanner INFO     Zebra DS3678 conectado exitosamente
[15:39:44] src.core.scanner_manager INFO     Escáner Zebra conectado en COM5
[15:39:44] src.services.data_sync_service INFO     Estado inicial cargado correctamente
[15:39:44] src.services.data_sync_service INFO     Verificación de integridad completada
[15:39:44] src.services.data_sync_service INFO     Data Sync Service inicializado correctamente
[15:39:44] src.services.analytics_service INFO     Datos históricos cargados (simulado)
[15:39:44] src.services.analytics_service INFO     Analytics Service inicializado correctamente
[15:39:44] src.services.notification_service INFO     Notification Service inicializado correctamente
[15:39:44] src.core.scanner_manager INFO     Iniciando bucle de lectura del escáner
[15:39:44] src.core.scanner_manager INFO     Hilo de lectura del escáner iniciado
[15:39:44] src.core.scanner_manager INFO     Iniciando bucle de procesamiento de comandos
[15:39:44] src.core.scanner_manager INFO     Hilo de procesamiento de comandos iniciado
[15:39:44] src.core.scanner_manager INFO     Sistema de escaneo inicializado correctamente
[15:39:44] src.web.app          INFO     Web Application inicializada con archivos estáticos
[15:39:44] src.web.app          INFO     WebApplication Extension inicializada
[15:39:44] src.web.app          INFO     WebApplication extension aplicada exitosamente
[15:39:44] src.web.app          INFO     APIs registradas: data, control, analytics
[15:39:44] src.web.app          INFO     Web Application configurada correctamente
[15:39:44] src.services.analytics_service INFO     Analytics Service inicializado
[15:39:44] src.services.analytics_service INFO     Datos históricos cargados (simulado)
[15:39:44] src.services.analytics_service INFO     Analytics Service inicializado correctamente
[15:39:44] __main__             INFO     Sistema inicializado correctamente
[15:39:44] __main__             INFO     Iniciando sistema en modo: full
[15:39:44] __main__             INFO     Scanner Manager: Activo
[15:39:44] src.web.app          INFO     Iniciando servidor web en puerto 5000
[15:39:44] src.web.app          INFO     Servidor web iniciado
[15:39:44] __main__             INFO     Aplicación Web: http://localhost:5000
[15:39:44] src.services.analytics_service INFO     Iniciando bucle de analytics
[15:39:44] src.services.analytics_service INFO     Analytics Service iniciado
[15:39:44] src.services.analytics_service WARNING  ALERTA HIGH: Eficiencia baja: 47.0%
[15:39:44] __main__             INFO     Servicio de Analytics: Activo
[15:39:44] src.services.analytics_service WARNING  ALERTA MEDIUM: OEE bajo: 44.7%
[15:39:44] __main__             INFO     Sistema completo en ejecución...
[15:39:44] __main__             INFO     Presiona Ctrl+C para detener
[15:40:14] src.services.analytics_service WARNING  ALERTA HIGH: Eficiencia baja: 47.0%
[15:40:14] src.services.analytics_service WARNING  ALERTA MEDIUM: OEE bajo: 44.7%
[15:40:44] src.services.analytics_service WARNING  ALERTA HIGH: Eficiencia baja: 47.0%
[15:40:44] src.services.analytics_service WARNING  ALERTA MEDIUM: OEE bajo: 44.7%
[15:41:14] src.services.analytics_service WARNING  ALERTA HIGH: Eficiencia baja: 47.0%
[15:41:14] src.services.analytics_service WARNING  ALERTA MEDIUM: OEE bajo: 44.7%
[15:41:44] src.services.analytics_service WARNING  ALERTA HIGH: Eficiencia baja: 47.0%
[15:41:44] src.services.analytics_service WARNING  ALERTA MEDIUM: OEE bajo: 44.7%
[15:42:14] src.services.analytics_service WARNING  ALERTA HIGH: Eficiencia baja: 47.0%
[15:42:14] src.services.analytics_service WARNING  ALERTA MEDIUM: OEE bajo: 44.7%
[15:42:44] src.services.analytics_service WARNING  ALERTA HIGH: Eficiencia baja: 47.0%
[15:42:44] src.services.analytics_service WARNING  ALERTA MEDIUM: OEE bajo: 44.7%
[15:43:14] src.services.analytics_service WARNING  ALERTA HIGH: Eficiencia baja: 47.0%
[15:43:14] src.services.analytics_service WARNING  ALERTA MEDIUM: OEE bajo: 44.7%
[15:43:44] src.services.analytics_service WARNING  ALERTA HIGH: Eficiencia baja: 47.0%
[15:43:44] src.services.analytics_service WARNING  ALERTA MEDIUM: OEE bajo: 44.7%
[15:43:46] __main__             INFO     Señal recibida: 2
[15:43:49] __main__             INFO     Iniciando apagado del sistema...
[15:43:49] src.core.scanner_manager INFO     Iniciando apagado del sistema...
[15:43:49] src.hardware.zebra_scanner INFO     Desconectando Zebra DS3678...
[15:43:49] src.hardware.serial_interface INFO     Desconectando de puerto serie COM5...
[15:43:49] src.core.scanner_manager INFO     Bucle de lectura del escáner terminado
[15:43:49] src.hardware.serial_interface INFO     Desconectado exitosamente
[15:43:49] src.hardware.zebra_scanner INFO     Zebra DS3678 desconectado
[15:43:50] src.core.scanner_manager INFO     Bucle de procesamiento de comandos terminado
[15:43:50] src.core.scanner_manager INFO     Sistema apagado correctamente
[15:43:50] __main__             INFO     Scanner Manager detenido
[15:43:55] src.services.analytics_service INFO     Analytics Service detenido
[15:43:55] __main__             INFO     Servicio de Analytics detenido
[15:43:55] src.web.app          INFO     Servidor web detenido
[15:43:55] __main__             INFO     Aplicación Web detenida
[15:43:55] __main__             INFO     Sistema apagado correctamente
[15:43:55] __main__             INFO     ============================================================
[20:06:25] src.utils.logger     INFO     Sistema de logging Johnson Controls inicializado
[20:06:25] src.utils.logger     INFO     Nivel: INFO, Directorio: data\logs
[20:06:25] __main__             INFO     ============================================================
[20:06:25] __main__             INFO     JOHNSON CONTROLS - Sistema de Seguimiento Industrial
[20:06:25] __main__             INFO     Version 2.0 - Arquitectura Modular
[20:06:25] __main__             INFO     ============================================================
[20:06:25] __main__             INFO     Inicializando sistema...
[20:06:25] __main__             INFO     Planta: Planta Durango - Desarrollo (JCI_MX_DEV_001)
[20:06:25] __main__             INFO     Departamento: Manufactura - Testing
[20:06:25] __main__             INFO     Ambiente: development
[20:06:25] __main__             INFO     Puerto Serie: COM5
[20:06:25] __main__             INFO     Puerto Web: 5000
[20:06:25] __main__             INFO     Modo: full
[20:06:25] __main__             INFO     Directorios verificados/creados
[20:06:25] src.services.data_sync_service INFO     Data Sync Service inicializado
[20:06:25] src.services.analytics_service INFO     Analytics Service inicializado
[20:06:25] src.services.notification_service INFO     Notification Service inicializado
[20:06:25] src.core.scanner_manager INFO     Scanner Manager inicializado
[20:06:25] src.core.scanner_manager INFO     Iniciando sistema de escaneo Johnson Controls...
[20:06:25] src.services.data_sync_service INFO     Cargados 0 productos
[20:06:25] src.core.scanner_manager INFO     Cargados 0 productos existentes
[20:06:25] src.hardware.serial_interface INFO     Serial Interface inicializada para puerto COM5 @ 9600 baud
[20:06:25] src.hardware.zebra_scanner INFO     Zebra Scanner DS3678 inicializado para puerto COM5
[20:06:25] src.hardware.zebra_scanner INFO     Conectando a Zebra DS3678 en COM5...
[20:06:25] src.hardware.serial_interface INFO     Conectando a puerto serie COM5...
[20:06:25] src.hardware.serial_interface ERROR    Error de puerto serie: could not open port 'COM5': FileNotFoundError(2, 'El sistema no puede encontrar el archivo especificado.', None, 2)
[20:06:25] src.hardware.zebra_scanner ERROR    Error conectando interface serie
[20:06:25] src.core.scanner_manager WARNING  No se pudo conectar al escáner
[20:06:25] src.core.scanner_manager WARNING  Hardware no disponible - Modo simulación activado
[20:06:25] src.services.data_sync_service INFO     Estado inicial cargado correctamente
[20:06:25] src.services.data_sync_service WARNING  Inconsistencia de datos: JSON=3, Excel=0
[20:06:25] src.services.data_sync_service INFO     Verificación de integridad completada
[20:06:25] src.services.data_sync_service INFO     Data Sync Service inicializado correctamente
[20:06:25] src.services.analytics_service INFO     Datos históricos cargados (simulado)
[20:06:25] src.services.analytics_service INFO     Analytics Service inicializado correctamente
[20:06:25] src.services.notification_service INFO     Notification Service inicializado correctamente
[20:06:25] src.core.scanner_manager INFO     Iniciando bucle de lectura del escáner
[20:06:25] src.core.scanner_manager INFO     Hilo de lectura del escáner iniciado
[20:06:25] src.core.scanner_manager INFO     Iniciando bucle de procesamiento de comandos
[20:06:25] src.core.scanner_manager INFO     Hilo de procesamiento de comandos iniciado
[20:06:25] src.core.scanner_manager INFO     Sistema de escaneo inicializado correctamente
[20:06:25] src.web.app          INFO     Web Application inicializada con archivos estáticos
[20:06:25] src.web.app          INFO     WebApplication Extension inicializada
[20:06:25] src.web.app          INFO     WebApplication extension aplicada exitosamente
[20:06:25] src.web.app          INFO     APIs registradas: data, control, analytics
[20:06:25] src.web.app          INFO     Web Application configurada correctamente
[20:06:25] src.services.analytics_service INFO     Analytics Service inicializado
[20:06:25] src.services.analytics_service INFO     Datos históricos cargados (simulado)
[20:06:25] src.services.analytics_service INFO     Analytics Service inicializado correctamente
[20:06:25] __main__             INFO     Sistema inicializado correctamente
[20:06:25] __main__             INFO     Iniciando sistema en modo: full
[20:06:25] __main__             INFO     Scanner Manager: Activo
[20:06:25] src.web.app          INFO     Iniciando servidor web en puerto 5000
[20:06:25] src.web.app          INFO     Servidor web iniciado
[20:06:25] __main__             INFO     Aplicación Web: http://localhost:5000
[20:06:25] src.services.analytics_service INFO     Iniciando bucle de analytics
[20:06:25] src.services.analytics_service INFO     Analytics Service iniciado
[20:06:25] src.services.analytics_service WARNING  ALERTA HIGH: Eficiencia baja: 47.0%
[20:06:25] __main__             INFO     Servicio de Analytics: Activo
[20:06:25] src.services.analytics_service WARNING  ALERTA MEDIUM: OEE bajo: 44.7%
[20:06:25] __main__             INFO     Sistema completo en ejecución...
[20:06:25] __main__             INFO     Presiona Ctrl+C para detener
[20:06:55] src.services.analytics_service WARNING  ALERTA HIGH: Eficiencia baja: 47.0%
[20:06:55] src.services.analytics_service WARNING  ALERTA MEDIUM: OEE bajo: 44.7%
[20:07:25] src.services.analytics_service WARNING  ALERTA HIGH: Eficiencia baja: 47.0%
[20:07:25] src.services.analytics_service WARNING  ALERTA MEDIUM: OEE bajo: 44.7%
[20:07:55] src.services.analytics_service WARNING  ALERTA HIGH: Eficiencia baja: 47.0%
[20:07:55] src.services.analytics_service WARNING  ALERTA MEDIUM: OEE bajo: 44.7%
[20:08:25] src.services.analytics_service WARNING  ALERTA HIGH: Eficiencia baja: 47.0%
[20:08:25] src.services.analytics_service WARNING  ALERTA MEDIUM: OEE bajo: 44.7%
[20:08:55] src.services.analytics_service WARNING  ALERTA HIGH: Eficiencia baja: 47.0%
[20:08:55] src.services.analytics_service WARNING  ALERTA MEDIUM: OEE bajo: 44.7%
[20:09:02] __main__             INFO     Señal recibida: 2
[20:09:05] __main__             INFO     Iniciando apagado del sistema...
[20:09:05] src.core.scanner_manager INFO     Iniciando apagado del sistema...
[20:09:05] src.hardware.zebra_scanner INFO     Desconectando Zebra DS3678...
[20:09:05] src.hardware.serial_interface INFO     Desconectando de puerto serie COM5...
[20:09:05] src.hardware.serial_interface INFO     Desconectado exitosamente
[20:09:05] src.hardware.zebra_scanner INFO     Zebra DS3678 desconectado
[20:09:05] src.core.scanner_manager INFO     Bucle de lectura del escáner terminado
[20:09:05] src.core.scanner_manager INFO     Bucle de procesamiento de comandos terminado
[20:09:05] src.core.scanner_manager INFO     Sistema apagado correctamente
[20:09:05] __main__             INFO     Scanner Manager detenido
[20:09:10] src.services.analytics_service INFO     Analytics Service detenido
[20:09:10] __main__             INFO     Servicio de Analytics detenido
[20:09:10] src.web.app          INFO     Servidor web detenido
[20:09:10] __main__             INFO     Aplicación Web detenida
[20:09:10] __main__             INFO     Sistema apagado correctamente
[20:09:10] __main__             INFO     ============================================================
[20:09:41] src.utils.logger     INFO     Sistema de logging Johnson Controls inicializado
[20:09:41] src.utils.logger     INFO     Nivel: INFO, Directorio: data\logs
[20:09:41] __main__             INFO     ============================================================
[20:09:41] __main__             INFO     JOHNSON CONTROLS - Sistema de Seguimiento Industrial
[20:09:41] __main__             INFO     Version 2.0 - Arquitectura Modular
[20:09:41] __main__             INFO     ============================================================
[20:09:41] __main__             INFO     Inicializando sistema...
[20:09:41] __main__             INFO     Planta: Planta Durango - Desarrollo (JCI_MX_DEV_001)
[20:09:41] __main__             INFO     Departamento: Manufactura - Testing
[20:09:41] __main__             INFO     Ambiente: development
[20:09:41] __main__             INFO     Puerto Serie: COM5
[20:09:41] __main__             INFO     Puerto Web: 5000
[20:09:41] __main__             INFO     Modo: full
[20:09:41] __main__             INFO     Directorios verificados/creados
[20:09:41] src.services.data_sync_service INFO     Data Sync Service inicializado
[20:09:41] src.services.analytics_service INFO     Analytics Service inicializado
[20:09:41] src.services.notification_service INFO     Notification Service inicializado
[20:09:41] src.core.scanner_manager INFO     Scanner Manager inicializado
[20:09:41] src.core.scanner_manager INFO     Iniciando sistema de escaneo Johnson Controls...
[20:09:41] src.services.data_sync_service INFO     Cargados 0 productos
[20:09:41] src.core.scanner_manager INFO     Cargados 0 productos existentes
[20:09:41] src.hardware.serial_interface INFO     Serial Interface inicializada para puerto COM5 @ 9600 baud
[20:09:41] src.hardware.zebra_scanner INFO     Zebra Scanner DS3678 inicializado para puerto COM5
[20:09:41] src.hardware.zebra_scanner INFO     Conectando a Zebra DS3678 en COM5...
[20:09:41] src.hardware.serial_interface INFO     Conectando a puerto serie COM5...
[20:09:41] src.hardware.serial_interface ERROR    Error de puerto serie: could not open port 'COM5': FileNotFoundError(2, 'El sistema no puede encontrar el archivo especificado.', None, 2)
[20:09:41] src.hardware.zebra_scanner ERROR    Error conectando interface serie
[20:09:41] src.core.scanner_manager WARNING  No se pudo conectar al escáner
[20:09:41] src.core.scanner_manager WARNING  Hardware no disponible - Modo simulación activado
[20:09:41] src.services.data_sync_service INFO     Estado inicial cargado correctamente
[20:09:41] src.services.data_sync_service INFO     Verificación de integridad completada
[20:09:41] src.services.data_sync_service INFO     Data Sync Service inicializado correctamente
[20:09:41] src.services.analytics_service INFO     Datos históricos cargados (simulado)
[20:09:41] src.services.analytics_service INFO     Analytics Service inicializado correctamente
[20:09:41] src.services.notification_service INFO     Notification Service inicializado correctamente
[20:09:41] src.core.scanner_manager INFO     Iniciando bucle de lectura del escáner
[20:09:41] src.core.scanner_manager INFO     Hilo de lectura del escáner iniciado
[20:09:41] src.core.scanner_manager INFO     Iniciando bucle de procesamiento de comandos
[20:09:41] src.core.scanner_manager INFO     Hilo de procesamiento de comandos iniciado
[20:09:41] src.core.scanner_manager INFO     Sistema de escaneo inicializado correctamente
[20:09:41] src.web.app          INFO     Web Application inicializada con archivos estáticos
[20:09:41] src.web.app          INFO     WebApplication Extension inicializada
[20:09:41] src.web.app          INFO     WebApplication extension aplicada exitosamente
[20:09:41] src.web.app          INFO     APIs registradas: data, control, analytics
[20:09:41] src.web.app          INFO     Web Application configurada correctamente
[20:09:41] src.services.analytics_service INFO     Analytics Service inicializado
[20:09:41] src.services.analytics_service INFO     Datos históricos cargados (simulado)
[20:09:41] src.services.analytics_service INFO     Analytics Service inicializado correctamente
[20:09:41] __main__             INFO     Sistema inicializado correctamente
[20:09:41] __main__             INFO     Iniciando sistema en modo: full
[20:09:41] __main__             INFO     Scanner Manager: Activo
[20:09:41] src.web.app          INFO     Iniciando servidor web en puerto 5000
[20:09:41] src.web.app          INFO     Servidor web iniciado
[20:09:41] __main__             INFO     Aplicación Web: http://localhost:5000
[20:09:41] src.services.analytics_service INFO     Iniciando bucle de analytics
[20:09:41] src.services.analytics_service INFO     Analytics Service iniciado
[20:09:41] src.services.analytics_service WARNING  ALERTA HIGH: Eficiencia baja: 47.0%
[20:09:41] __main__             INFO     Servicio de Analytics: Activo
[20:09:41] src.services.analytics_service WARNING  ALERTA MEDIUM: OEE bajo: 44.7%
[20:09:41] __main__             INFO     Sistema completo en ejecución...
[20:09:41] __main__             INFO     Presiona Ctrl+C para detener
[20:10:11] src.services.analytics_service WARNING  ALERTA HIGH: Eficiencia baja: 47.0%
[20:10:11] src.services.analytics_service WARNING  ALERTA MEDIUM: OEE bajo: 44.7%
[20:10:41] src.services.analytics_service WARNING  ALERTA HIGH: Eficiencia baja: 47.0%
[20:10:41] src.services.analytics_service WARNING  ALERTA MEDIUM: OEE bajo: 44.7%
[20:11:11] src.services.analytics_service WARNING  ALERTA HIGH: Eficiencia baja: 47.0%
[20:11:11] src.services.analytics_service WARNING  ALERTA MEDIUM: OEE bajo: 44.7%
[20:11:41] src.services.analytics_service WARNING  ALERTA HIGH: Eficiencia baja: 47.0%
[20:11:41] src.services.analytics_service WARNING  ALERTA MEDIUM: OEE bajo: 44.7%
[20:12:11] src.services.analytics_service WARNING  ALERTA HIGH: Eficiencia baja: 47.0%
[20:12:11] src.services.analytics_service WARNING  ALERTA MEDIUM: OEE bajo: 44.7%
[20:12:41] src.services.analytics_service WARNING  ALERTA HIGH: Eficiencia baja: 47.0%
[20:12:41] src.services.analytics_service WARNING  ALERTA MEDIUM: OEE bajo: 44.7%
[20:13:11] src.services.analytics_service WARNING  ALERTA HIGH: Eficiencia baja: 47.0%
[20:13:11] src.services.analytics_service WARNING  ALERTA MEDIUM: OEE bajo: 44.7%
[20:13:15] __main__             INFO     Señal recibida: 2
[20:13:16] __main__             INFO     Iniciando apagado del sistema...
[20:13:16] src.core.scanner_manager INFO     Iniciando apagado del sistema...
[20:13:16] src.hardware.zebra_scanner INFO     Desconectando Zebra DS3678...
[20:13:16] src.hardware.serial_interface INFO     Desconectando de puerto serie COM5...
[20:13:16] src.hardware.serial_interface INFO     Desconectado exitosamente
[20:13:16] src.hardware.zebra_scanner INFO     Zebra DS3678 desconectado
[20:13:16] src.core.scanner_manager INFO     Bucle de lectura del escáner terminado
[20:13:16] src.core.scanner_manager INFO     Bucle de procesamiento de comandos terminado
[20:13:16] src.core.scanner_manager INFO     Sistema apagado correctamente
[20:13:16] __main__             INFO     Scanner Manager detenido
[20:13:21] src.services.analytics_service INFO     Analytics Service detenido
[20:13:21] __main__             INFO     Servicio de Analytics detenido
[20:13:21] src.web.app          INFO     Servidor web detenido
[20:13:21] __main__             INFO     Aplicación Web detenida
[20:13:21] __main__             INFO     Sistema apagado correctamente
[20:13:21] __main__             INFO     ============================================================
[20:16:48] src.utils.logger     INFO     Sistema de logging Johnson Controls inicializado
[20:16:48] src.utils.logger     INFO     Nivel: INFO, Directorio: data\logs
[20:16:48] __main__             INFO     ============================================================
[20:16:48] __main__             INFO     JOHNSON CONTROLS - Sistema de Seguimiento Industrial
[20:16:48] __main__             INFO     Version 2.0 - Arquitectura Modular
[20:16:48] __main__             INFO     ============================================================
[20:16:48] __main__             INFO     Inicializando sistema...
[20:16:48] __main__             INFO     Planta: Planta Durango - Desarrollo (JCI_MX_DEV_001)
[20:16:48] __main__             INFO     Departamento: Manufactura - Testing
[20:16:48] __main__             INFO     Ambiente: development
[20:16:48] __main__             INFO     Puerto Serie: COM5
[20:16:48] __main__             INFO     Puerto Web: 5000
[20:16:48] __main__             INFO     Modo: full
[20:16:48] __main__             INFO     Directorios verificados/creados
[20:16:48] src.services.data_sync_service INFO     Data Sync Service inicializado
[20:16:48] src.services.analytics_service INFO     Analytics Service inicializado
[20:16:48] src.services.notification_service INFO     Notification Service inicializado
[20:16:48] src.core.scanner_manager INFO     Scanner Manager inicializado
[20:16:48] src.core.scanner_manager INFO     Iniciando sistema de escaneo Johnson Controls...
[20:16:48] src.services.data_sync_service INFO     Cargados 0 productos
[20:16:48] src.core.scanner_manager INFO     Cargados 0 productos existentes
[20:16:48] src.hardware.serial_interface INFO     Serial Interface inicializada para puerto COM5 @ 9600 baud
[20:16:48] src.hardware.zebra_scanner INFO     Zebra Scanner DS3678 inicializado para puerto COM5
[20:16:48] src.hardware.zebra_scanner INFO     Conectando a Zebra DS3678 en COM5...
[20:16:48] src.hardware.serial_interface INFO     Conectando a puerto serie COM5...
[20:16:48] src.hardware.serial_interface ERROR    Error de puerto serie: could not open port 'COM5': FileNotFoundError(2, 'El sistema no puede encontrar el archivo especificado.', None, 2)
[20:16:48] src.hardware.zebra_scanner ERROR    Error conectando interface serie
[20:16:48] src.core.scanner_manager WARNING  No se pudo conectar al escáner
[20:16:48] src.core.scanner_manager WARNING  Hardware no disponible - Modo simulación activado
[20:16:48] src.services.data_sync_service INFO     Estado inicial cargado correctamente
[20:16:48] src.services.data_sync_service INFO     Verificación de integridad completada
[20:16:48] src.services.data_sync_service INFO     Data Sync Service inicializado correctamente
[20:16:48] src.services.analytics_service INFO     Datos históricos cargados (simulado)
[20:16:48] src.services.analytics_service INFO     Analytics Service inicializado correctamente
[20:16:48] src.services.notification_service INFO     Notification Service inicializado correctamente
[20:16:48] src.core.scanner_manager INFO     Iniciando bucle de lectura del escáner
[20:16:48] src.core.scanner_manager INFO     Hilo de lectura del escáner iniciado
[20:16:48] src.core.scanner_manager INFO     Iniciando bucle de procesamiento de comandos
[20:16:48] src.core.scanner_manager INFO     Hilo de procesamiento de comandos iniciado
[20:16:48] src.core.scanner_manager INFO     Sistema de escaneo inicializado correctamente
[20:16:48] src.web.app          INFO     Web Application inicializada con archivos estáticos
[20:16:48] src.web.app          INFO     WebApplication Extension inicializada
[20:16:48] src.web.app          INFO     WebApplication extension aplicada exitosamente
[20:16:48] src.web.app          INFO     APIs registradas: data, control, analytics
[20:16:48] src.web.app          INFO     Web Application configurada correctamente
[20:16:48] src.services.analytics_service INFO     Analytics Service inicializado
[20:16:48] src.services.analytics_service INFO     Datos históricos cargados (simulado)
[20:16:48] src.services.analytics_service INFO     Analytics Service inicializado correctamente
[20:16:48] __main__             INFO     Sistema inicializado correctamente
[20:16:48] __main__             INFO     Iniciando sistema en modo: full
[20:16:48] __main__             INFO     Scanner Manager: Activo
[20:16:48] src.web.app          INFO     Iniciando servidor web en puerto 5000
[20:16:48] src.web.app          INFO     Servidor web iniciado
[20:16:48] __main__             INFO     Aplicación Web: http://localhost:5000
[20:16:48] src.services.analytics_service INFO     Iniciando bucle de analytics
[20:16:48] src.services.analytics_service INFO     Analytics Service iniciado
[20:16:48] src.services.analytics_service WARNING  ALERTA HIGH: Eficiencia baja: 47.0%
[20:16:48] __main__             INFO     Servicio de Analytics: Activo
[20:16:48] src.services.analytics_service WARNING  ALERTA MEDIUM: OEE bajo: 44.7%
[20:16:48] __main__             INFO     Sistema completo en ejecución...
[20:16:48] __main__             INFO     Presiona Ctrl+C para detener
[20:17:18] src.services.analytics_service WARNING  ALERTA HIGH: Eficiencia baja: 47.0%
[20:17:18] src.services.analytics_service WARNING  ALERTA MEDIUM: OEE bajo: 44.7%
[20:17:48] src.services.analytics_service WARNING  ALERTA HIGH: Eficiencia baja: 47.0%
[20:17:48] src.services.analytics_service WARNING  ALERTA MEDIUM: OEE bajo: 44.7%
[20:17:54] __main__             INFO     Señal recibida: 2
[20:17:58] __main__             INFO     Iniciando apagado del sistema...
[20:17:58] src.core.scanner_manager INFO     Iniciando apagado del sistema...
[20:17:58] src.hardware.zebra_scanner INFO     Desconectando Zebra DS3678...
[20:17:58] src.hardware.serial_interface INFO     Desconectando de puerto serie COM5...
[20:17:58] src.hardware.serial_interface INFO     Desconectado exitosamente
[20:17:58] src.hardware.zebra_scanner INFO     Zebra DS3678 desconectado
[20:17:58] src.core.scanner_manager INFO     Bucle de lectura del escáner terminado
[20:17:58] src.core.scanner_manager INFO     Bucle de procesamiento de comandos terminado
[20:17:58] src.core.scanner_manager INFO     Sistema apagado correctamente
[20:17:58] __main__             INFO     Scanner Manager detenido
[20:18:03] src.services.analytics_service INFO     Analytics Service detenido
[20:18:03] __main__             INFO     Servicio de Analytics detenido
[20:18:03] src.web.app          INFO     Servidor web detenido
[20:18:03] __main__             INFO     Aplicación Web detenida
[20:18:03] __main__             INFO     Sistema apagado correctamente
[20:18:03] __main__             INFO     ============================================================
[20:23:04] src.utils.logger     INFO     Sistema de logging Johnson Controls inicializado
[20:23:04] src.utils.logger     INFO     Nivel: INFO, Directorio: data\logs
[20:23:04] __main__             INFO     ============================================================
[20:23:04] __main__             INFO     JOHNSON CONTROLS - Sistema de Seguimiento Industrial
[20:23:04] __main__             INFO     Version 2.0 - Arquitectura Modular
[20:23:04] __main__             INFO     ============================================================
[20:23:04] __main__             INFO     Inicializando sistema...
[20:23:04] __main__             INFO     Planta: Planta Durango - Desarrollo (JCI_MX_DEV_001)
[20:23:04] __main__             INFO     Departamento: Manufactura - Testing
[20:23:04] __main__             INFO     Ambiente: development
[20:23:04] __main__             INFO     Puerto Serie: COM5
[20:23:04] __main__             INFO     Puerto Web: 5000
[20:23:04] __main__             INFO     Modo: full
[20:23:04] __main__             INFO     Directorios verificados/creados
[20:23:04] src.services.data_sync_service INFO     Data Sync Service inicializado
[20:23:04] src.services.analytics_service INFO     Analytics Service inicializado
[20:23:04] src.services.notification_service INFO     Notification Service inicializado
[20:23:04] src.core.scanner_manager INFO     Scanner Manager inicializado
[20:23:04] src.core.scanner_manager INFO     Iniciando sistema de escaneo Johnson Controls...
[20:23:04] src.services.data_sync_service INFO     Cargados 0 productos
[20:23:04] src.core.scanner_manager INFO     Cargados 0 productos existentes
[20:23:04] src.hardware.serial_interface INFO     Serial Interface inicializada para puerto COM5 @ 9600 baud
[20:23:04] src.hardware.zebra_scanner INFO     Zebra Scanner DS3678 inicializado para puerto COM5
[20:23:04] src.hardware.zebra_scanner INFO     Conectando a Zebra DS3678 en COM5...
[20:23:04] src.hardware.serial_interface INFO     Conectando a puerto serie COM5...
[20:23:04] src.hardware.serial_interface ERROR    Error de puerto serie: could not open port 'COM5': FileNotFoundError(2, 'El sistema no puede encontrar el archivo especificado.', None, 2)
[20:23:04] src.hardware.zebra_scanner ERROR    Error conectando interface serie
[20:23:04] src.core.scanner_manager WARNING  No se pudo conectar al escáner
[20:23:04] src.core.scanner_manager WARNING  Hardware no disponible - Modo simulación activado
[20:23:04] src.services.data_sync_service INFO     Estado inicial cargado correctamente
[20:23:04] src.services.data_sync_service INFO     Verificación de integridad completada
[20:23:04] src.services.data_sync_service INFO     Data Sync Service inicializado correctamente
[20:23:04] src.services.analytics_service INFO     Datos históricos cargados (simulado)
[20:23:04] src.services.analytics_service INFO     Analytics Service inicializado correctamente
[20:23:04] src.services.notification_service INFO     Notification Service inicializado correctamente
[20:23:04] src.core.scanner_manager INFO     Iniciando bucle de lectura del escáner
[20:23:04] src.core.scanner_manager INFO     Hilo de lectura del escáner iniciado
[20:23:04] src.core.scanner_manager INFO     Iniciando bucle de procesamiento de comandos
[20:23:04] src.core.scanner_manager INFO     Hilo de procesamiento de comandos iniciado
[20:23:04] src.core.scanner_manager INFO     Sistema de escaneo inicializado correctamente
[20:23:04] src.web.app          INFO     Web Application inicializada con archivos estáticos
[20:23:04] src.web.app          INFO     WebApplication Extension inicializada
[20:23:04] src.web.app          INFO     WebApplication extension aplicada exitosamente
[20:23:04] src.web.app          INFO     APIs registradas: data, control, analytics
[20:23:04] src.web.app          INFO     Web Application configurada correctamente
[20:23:04] src.services.analytics_service INFO     Analytics Service inicializado
[20:23:04] src.services.analytics_service INFO     Datos históricos cargados (simulado)
[20:23:04] src.services.analytics_service INFO     Analytics Service inicializado correctamente
[20:23:04] __main__             INFO     Sistema inicializado correctamente
[20:23:04] __main__             INFO     Iniciando sistema en modo: full
[20:23:04] __main__             INFO     Scanner Manager: Activo
[20:23:04] src.web.app          INFO     Iniciando servidor web en puerto 5000
[20:23:04] src.web.app          INFO     Servidor web iniciado
[20:23:04] __main__             INFO     Aplicación Web: http://localhost:5000
[20:23:04] src.services.analytics_service INFO     Iniciando bucle de analytics
[20:23:04] src.services.analytics_service INFO     Analytics Service iniciado
[20:23:04] src.services.analytics_service WARNING  ALERTA HIGH: Eficiencia baja: 47.0%
[20:23:04] __main__             INFO     Servicio de Analytics: Activo
[20:23:04] src.services.analytics_service WARNING  ALERTA MEDIUM: OEE bajo: 44.7%
[20:23:04] __main__             INFO     Sistema completo en ejecución...
[20:23:04] __main__             INFO     Presiona Ctrl+C para detener
[20:23:34] src.services.analytics_service WARNING  ALERTA HIGH: Eficiencia baja: 47.0%
[20:23:34] src.services.analytics_service WARNING  ALERTA MEDIUM: OEE bajo: 44.7%
[20:23:39] __main__             INFO     Señal recibida: 2
[20:23:39] __main__             INFO     Iniciando apagado del sistema...
[20:23:39] src.core.scanner_manager INFO     Iniciando apagado del sistema...
[20:23:39] src.hardware.zebra_scanner INFO     Desconectando Zebra DS3678...
[20:23:39] src.hardware.serial_interface INFO     Desconectando de puerto serie COM5...
[20:23:39] src.hardware.serial_interface INFO     Desconectado exitosamente
[20:23:39] src.hardware.zebra_scanner INFO     Zebra DS3678 desconectado
[20:23:39] src.core.scanner_manager INFO     Bucle de lectura del escáner terminado
[20:23:39] src.core.scanner_manager INFO     Bucle de procesamiento de comandos terminado
[20:23:39] src.core.scanner_manager INFO     Sistema apagado correctamente
[20:23:39] __main__             INFO     Scanner Manager detenido
[20:23:44] src.services.analytics_service INFO     Analytics Service detenido
[20:23:44] __main__             INFO     Servicio de Analytics detenido
[20:23:44] src.web.app          INFO     Servidor web detenido
[20:23:44] __main__             INFO     Aplicación Web detenida
[20:23:44] __main__             INFO     Sistema apagado correctamente
[20:23:44] __main__             INFO     ============================================================
[20:24:41] src.utils.logger     INFO     Sistema de logging Johnson Controls inicializado
[20:24:41] src.utils.logger     INFO     Nivel: INFO, Directorio: data\logs
[20:24:41] __main__             INFO     ============================================================
[20:24:41] __main__             INFO     JOHNSON CONTROLS - Sistema de Seguimiento Industrial
[20:24:41] __main__             INFO     Version 2.0 - Arquitectura Modular
[20:24:41] __main__             INFO     ============================================================
[20:24:41] __main__             INFO     Inicializando sistema...
[20:24:41] __main__             INFO     Planta: Planta Durango - Desarrollo (JCI_MX_DEV_001)
[20:24:41] __main__             INFO     Departamento: Manufactura - Testing
[20:24:41] __main__             INFO     Ambiente: development
[20:24:41] __main__             INFO     Puerto Serie: COM5
[20:24:41] __main__             INFO     Puerto Web: 5000
[20:24:41] __main__             INFO     Modo: full
[20:24:41] __main__             INFO     Directorios verificados/creados
[20:24:41] src.services.data_sync_service INFO     Data Sync Service inicializado
[20:24:41] src.services.analytics_service INFO     Analytics Service inicializado
[20:24:41] src.services.notification_service INFO     Notification Service inicializado
[20:24:41] src.core.scanner_manager INFO     Scanner Manager inicializado
[20:24:41] src.core.scanner_manager INFO     Iniciando sistema de escaneo Johnson Controls...
[20:24:41] src.services.data_sync_service INFO     Cargados 0 productos
[20:24:41] src.core.scanner_manager INFO     Cargados 0 productos existentes
[20:24:41] src.hardware.serial_interface INFO     Serial Interface inicializada para puerto COM5 @ 9600 baud
[20:24:41] src.hardware.zebra_scanner INFO     Zebra Scanner DS3678 inicializado para puerto COM5
[20:24:41] src.hardware.zebra_scanner INFO     Conectando a Zebra DS3678 en COM5...
[20:24:41] src.hardware.serial_interface INFO     Conectando a puerto serie COM5...
[20:24:41] src.hardware.serial_interface ERROR    Error de puerto serie: could not open port 'COM5': FileNotFoundError(2, 'El sistema no puede encontrar el archivo especificado.', None, 2)
[20:24:41] src.hardware.zebra_scanner ERROR    Error conectando interface serie
[20:24:41] src.core.scanner_manager WARNING  No se pudo conectar al escáner
[20:24:41] src.core.scanner_manager WARNING  Hardware no disponible - Modo simulación activado
[20:24:41] src.services.data_sync_service INFO     Estado inicial cargado correctamente
[20:24:41] src.services.data_sync_service INFO     Verificación de integridad completada
[20:24:41] src.services.data_sync_service INFO     Data Sync Service inicializado correctamente
[20:24:41] src.services.analytics_service INFO     Datos históricos cargados (simulado)
[20:24:41] src.services.analytics_service INFO     Analytics Service inicializado correctamente
[20:24:41] src.services.notification_service INFO     Notification Service inicializado correctamente
[20:24:41] src.core.scanner_manager INFO     Iniciando bucle de lectura del escáner
[20:24:41] src.core.scanner_manager INFO     Hilo de lectura del escáner iniciado
[20:24:41] src.core.scanner_manager INFO     Iniciando bucle de procesamiento de comandos
[20:24:41] src.core.scanner_manager INFO     Hilo de procesamiento de comandos iniciado
[20:24:41] src.core.scanner_manager INFO     Sistema de escaneo inicializado correctamente
[20:24:41] src.web.app          INFO     Web Application inicializada con archivos estáticos
[20:24:41] src.web.app          INFO     WebApplication Extension inicializada
[20:24:41] src.web.app          INFO     WebApplication extension aplicada exitosamente
[20:24:41] src.web.app          INFO     APIs registradas: data, control, analytics
[20:24:41] src.web.app          INFO     Web Application configurada correctamente
[20:24:41] src.services.analytics_service INFO     Analytics Service inicializado
[20:24:41] src.services.analytics_service INFO     Datos históricos cargados (simulado)
[20:24:41] src.services.analytics_service INFO     Analytics Service inicializado correctamente
[20:24:41] __main__             INFO     Sistema inicializado correctamente
[20:24:41] __main__             INFO     Iniciando sistema en modo: full
[20:24:41] __main__             INFO     Scanner Manager: Activo
[20:24:41] src.web.app          INFO     Iniciando servidor web en puerto 5000
[20:24:41] src.web.app          INFO     Servidor web iniciado
[20:24:41] __main__             INFO     Aplicación Web: http://localhost:5000
[20:24:41] src.services.analytics_service INFO     Iniciando bucle de analytics
[20:24:41] src.services.analytics_service INFO     Analytics Service iniciado
[20:24:41] src.services.analytics_service WARNING  ALERTA HIGH: Eficiencia baja: 47.0%
[20:24:41] __main__             INFO     Servicio de Analytics: Activo
[20:24:41] src.services.analytics_service WARNING  ALERTA MEDIUM: OEE bajo: 44.7%
[20:24:41] __main__             INFO     Sistema completo en ejecución...
[20:24:41] __main__             INFO     Presiona Ctrl+C para detener
[20:24:57] __main__             INFO     Señal recibida: 2
[20:25:01] __main__             INFO     Iniciando apagado del sistema...
[20:25:01] src.core.scanner_manager INFO     Iniciando apagado del sistema...
[20:25:01] src.hardware.zebra_scanner INFO     Desconectando Zebra DS3678...
[20:25:01] src.hardware.serial_interface INFO     Desconectando de puerto serie COM5...
[20:25:01] src.hardware.serial_interface INFO     Desconectado exitosamente
[20:25:01] src.hardware.zebra_scanner INFO     Zebra DS3678 desconectado
[20:25:01] src.core.scanner_manager INFO     Bucle de procesamiento de comandos terminado
[20:25:01] src.core.scanner_manager INFO     Bucle de lectura del escáner terminado
[20:25:01] src.core.scanner_manager INFO     Sistema apagado correctamente
[20:25:01] __main__             INFO     Scanner Manager detenido
[20:25:06] src.services.analytics_service INFO     Analytics Service detenido
[20:25:06] __main__             INFO     Servicio de Analytics detenido
[20:25:06] src.web.app          INFO     Servidor web detenido
[20:25:06] __main__             INFO     Aplicación Web detenida
[20:25:06] __main__             INFO     Sistema apagado correctamente
[20:25:06] __main__             INFO     ============================================================
[20:25:44] src.utils.logger     INFO     Sistema de logging Johnson Controls inicializado
[20:25:44] src.utils.logger     INFO     Nivel: INFO, Directorio: data\logs
[20:25:44] __main__             INFO     ============================================================
[20:25:44] __main__             INFO     JOHNSON CONTROLS - Sistema de Seguimiento Industrial
[20:25:44] __main__             INFO     Version 2.0 - Arquitectura Modular
[20:25:44] __main__             INFO     ============================================================
[20:25:44] __main__             INFO     Inicializando sistema...
[20:25:44] __main__             INFO     Planta: Planta Durango - Desarrollo (JCI_MX_DEV_001)
[20:25:44] __main__             INFO     Departamento: Manufactura - Testing
[20:25:44] __main__             INFO     Ambiente: development
[20:25:44] __main__             INFO     Puerto Serie: COM5
[20:25:44] __main__             INFO     Puerto Web: 5000
[20:25:44] __main__             INFO     Modo: full
[20:25:44] __main__             INFO     Directorios verificados/creados
[20:25:44] src.services.data_sync_service INFO     Data Sync Service inicializado
[20:25:44] src.services.analytics_service INFO     Analytics Service inicializado
[20:25:44] src.services.notification_service INFO     Notification Service inicializado
[20:25:44] src.core.scanner_manager INFO     Scanner Manager inicializado
[20:25:44] src.core.scanner_manager INFO     Iniciando sistema de escaneo Johnson Controls...
[20:25:44] src.services.data_sync_service INFO     Cargados 0 productos
[20:25:44] src.core.scanner_manager INFO     Cargados 0 productos existentes
[20:25:44] src.hardware.serial_interface INFO     Serial Interface inicializada para puerto COM5 @ 9600 baud
[20:25:44] src.hardware.zebra_scanner INFO     Zebra Scanner DS3678 inicializado para puerto COM5
[20:25:44] src.hardware.zebra_scanner INFO     Conectando a Zebra DS3678 en COM5...
[20:25:44] src.hardware.serial_interface INFO     Conectando a puerto serie COM5...
[20:25:44] src.hardware.serial_interface ERROR    Error de puerto serie: could not open port 'COM5': FileNotFoundError(2, 'El sistema no puede encontrar el archivo especificado.', None, 2)
[20:25:44] src.hardware.zebra_scanner ERROR    Error conectando interface serie
[20:25:44] src.core.scanner_manager WARNING  No se pudo conectar al escáner
[20:25:44] src.core.scanner_manager WARNING  Hardware no disponible - Modo simulación activado
[20:25:44] src.services.data_sync_service INFO     Estado inicial cargado correctamente
[20:25:44] src.services.data_sync_service INFO     Verificación de integridad completada
[20:25:44] src.services.data_sync_service INFO     Data Sync Service inicializado correctamente
[20:25:44] src.services.analytics_service INFO     Datos históricos cargados (simulado)
[20:25:44] src.services.analytics_service INFO     Analytics Service inicializado correctamente
[20:25:44] src.services.notification_service INFO     Notification Service inicializado correctamente
[20:25:44] src.core.scanner_manager INFO     Iniciando bucle de lectura del escáner
[20:25:44] src.core.scanner_manager INFO     Hilo de lectura del escáner iniciado
[20:25:44] src.core.scanner_manager INFO     Iniciando bucle de procesamiento de comandos
[20:25:44] src.core.scanner_manager INFO     Hilo de procesamiento de comandos iniciado
[20:25:44] src.core.scanner_manager INFO     Sistema de escaneo inicializado correctamente
[20:25:44] src.web.app          INFO     Web Application inicializada con archivos estáticos
[20:25:44] src.web.app          INFO     WebApplication Extension inicializada
[20:25:44] src.web.app          INFO     WebApplication extension aplicada exitosamente
[20:25:44] src.web.app          INFO     APIs registradas: data, control, analytics
[20:25:44] src.web.app          INFO     Web Application configurada correctamente
[20:25:44] src.services.analytics_service INFO     Analytics Service inicializado
[20:25:44] src.services.analytics_service INFO     Datos históricos cargados (simulado)
[20:25:44] src.services.analytics_service INFO     Analytics Service inicializado correctamente
[20:25:44] __main__             INFO     Sistema inicializado correctamente
[20:25:44] __main__             INFO     Iniciando sistema en modo: full
[20:25:44] __main__             INFO     Scanner Manager: Activo
[20:25:44] src.web.app          INFO     Iniciando servidor web en puerto 5000
[20:25:44] src.web.app          INFO     Servidor web iniciado
[20:25:44] __main__             INFO     Aplicación Web: http://localhost:5000
[20:25:44] src.services.analytics_service INFO     Iniciando bucle de analytics
[20:25:44] src.services.analytics_service INFO     Analytics Service iniciado
[20:25:44] src.services.analytics_service WARNING  ALERTA HIGH: Eficiencia baja: 47.0%
[20:25:44] __main__             INFO     Servicio de Analytics: Activo
[20:25:44] src.services.analytics_service WARNING  ALERTA MEDIUM: OEE bajo: 44.7%
[20:25:44] __main__             INFO     Sistema completo en ejecución...
[20:25:44] __main__             INFO     Presiona Ctrl+C para detener
[20:26:08] __main__             INFO     Señal recibida: 2
[20:26:09] __main__             INFO     Iniciando apagado del sistema...
[20:26:09] src.core.scanner_manager INFO     Iniciando apagado del sistema...
[20:26:09] src.hardware.zebra_scanner INFO     Desconectando Zebra DS3678...
[20:26:09] src.hardware.serial_interface INFO     Desconectando de puerto serie COM5...
[20:26:09] src.hardware.serial_interface INFO     Desconectado exitosamente
[20:26:09] src.hardware.zebra_scanner INFO     Zebra DS3678 desconectado
[20:26:09] src.core.scanner_manager INFO     Bucle de procesamiento de comandos terminado
[20:26:09] src.core.scanner_manager INFO     Bucle de lectura del escáner terminado
[20:26:09] src.core.scanner_manager INFO     Sistema apagado correctamente
[20:26:09] __main__             INFO     Scanner Manager detenido
[20:26:14] src.services.analytics_service INFO     Bucle de analytics terminado
[20:26:14] src.services.analytics_service INFO     Analytics Service detenido
[20:26:14] __main__             INFO     Servicio de Analytics detenido
[20:26:14] src.web.app          INFO     Servidor web detenido
[20:26:14] __main__             INFO     Aplicación Web detenida
[20:26:14] __main__             INFO     Sistema apagado correctamente
[20:26:14] __main__             INFO     ============================================================
[20:34:09] src.utils.logger     INFO     Sistema de logging Johnson Controls inicializado
[20:34:09] src.utils.logger     INFO     Nivel: INFO, Directorio: data\logs
[20:34:09] __main__             INFO     ============================================================
[20:34:09] __main__             INFO     JOHNSON CONTROLS - Sistema de Seguimiento Industrial
[20:34:09] __main__             INFO     Version 2.0 - Arquitectura Modular
[20:34:09] __main__             INFO     ============================================================
[20:34:09] __main__             INFO     Inicializando sistema...
[20:34:09] __main__             INFO     Planta: Planta Durango - Desarrollo (JCI_MX_DEV_001)
[20:34:09] __main__             INFO     Departamento: Manufactura - Testing
[20:34:09] __main__             INFO     Ambiente: development
[20:34:09] __main__             INFO     Puerto Serie: COM5
[20:34:09] __main__             INFO     Puerto Web: 5000
[20:34:09] __main__             INFO     Modo: full
[20:34:09] __main__             INFO     Directorios verificados/creados
[20:34:09] src.services.data_sync_service INFO     Data Sync Service inicializado
[20:34:09] src.services.analytics_service INFO     Analytics Service inicializado
[20:34:09] src.services.notification_service INFO     Notification Service inicializado
[20:34:09] src.core.scanner_manager INFO     Scanner Manager inicializado
[20:34:09] src.core.scanner_manager INFO     Iniciando sistema de escaneo Johnson Controls...
[20:34:09] src.services.data_sync_service INFO     Cargados 0 productos
[20:34:09] src.core.scanner_manager INFO     Cargados 0 productos existentes
[20:34:09] src.hardware.serial_interface INFO     Serial Interface inicializada para puerto COM5 @ 9600 baud
[20:34:09] src.hardware.zebra_scanner INFO     Zebra Scanner DS3678 inicializado para puerto COM5
[20:34:09] src.hardware.zebra_scanner INFO     Conectando a Zebra DS3678 en COM5...
[20:34:09] src.hardware.serial_interface INFO     Conectando a puerto serie COM5...
[20:34:09] src.hardware.serial_interface ERROR    Error de puerto serie: could not open port 'COM5': FileNotFoundError(2, 'El sistema no puede encontrar el archivo especificado.', None, 2)
[20:34:09] src.hardware.zebra_scanner ERROR    Error conectando interface serie
[20:34:09] src.core.scanner_manager WARNING  No se pudo conectar al escáner
[20:34:09] src.core.scanner_manager WARNING  Hardware no disponible - Modo simulación activado
[20:34:09] src.services.data_sync_service INFO     Estado inicial cargado correctamente
[20:34:09] src.services.data_sync_service WARNING  Inconsistencia de datos: JSON=3, Excel=0
[20:34:09] src.services.data_sync_service INFO     Verificación de integridad completada
[20:34:09] src.services.data_sync_service INFO     Data Sync Service inicializado correctamente
[20:34:09] src.services.analytics_service INFO     Datos históricos cargados (simulado)
[20:34:09] src.services.analytics_service INFO     Analytics Service inicializado correctamente
[20:34:09] src.services.notification_service INFO     Notification Service inicializado correctamente
[20:34:09] src.core.scanner_manager INFO     Iniciando bucle de lectura del escáner
[20:34:09] src.core.scanner_manager INFO     Hilo de lectura del escáner iniciado
[20:34:09] src.core.scanner_manager INFO     Iniciando bucle de procesamiento de comandos
[20:34:09] src.core.scanner_manager INFO     Hilo de procesamiento de comandos iniciado
[20:34:09] src.core.scanner_manager INFO     Sistema de escaneo inicializado correctamente
[20:34:09] src.web.app          INFO     Web Application inicializada con archivos estáticos
[20:34:09] src.web.app          INFO     WebApplication Extension inicializada
[20:34:09] src.web.app          INFO     WebApplication extension aplicada exitosamente
[20:34:09] src.web.app          INFO     APIs registradas: data, control, analytics
[20:34:09] src.web.app          INFO     Web Application configurada correctamente
[20:34:09] src.services.analytics_service INFO     Analytics Service inicializado
[20:34:09] src.services.analytics_service INFO     Datos históricos cargados (simulado)
[20:34:09] src.services.analytics_service INFO     Analytics Service inicializado correctamente
[20:34:09] __main__             INFO     Sistema inicializado correctamente
[20:34:09] __main__             INFO     Iniciando sistema en modo: full
[20:34:09] __main__             INFO     Scanner Manager: Activo
[20:34:09] src.web.app          INFO     Iniciando servidor web en puerto 5000
[20:34:09] src.web.app          INFO     Servidor web iniciado
[20:34:09] __main__             INFO     Aplicación Web: http://localhost:5000
[20:34:09] src.services.analytics_service INFO     Iniciando bucle de analytics
[20:34:09] src.services.analytics_service INFO     Analytics Service iniciado
[20:34:09] src.services.analytics_service WARNING  ALERTA HIGH: Eficiencia baja: 47.0%
[20:34:09] __main__             INFO     Servicio de Analytics: Activo
[20:34:09] src.services.analytics_service WARNING  ALERTA MEDIUM: OEE bajo: 44.7%
[20:34:09] __main__             INFO     Sistema completo en ejecución...
[20:34:09] __main__             INFO     Presiona Ctrl+C para detener
[20:34:39] src.services.analytics_service WARNING  ALERTA HIGH: Eficiencia baja: 47.0%
[20:34:39] src.services.analytics_service WARNING  ALERTA MEDIUM: OEE bajo: 44.7%
[20:35:09] src.services.analytics_service WARNING  ALERTA HIGH: Eficiencia baja: 47.0%
[20:35:09] src.services.analytics_service WARNING  ALERTA MEDIUM: OEE bajo: 44.7%
[20:35:39] src.services.analytics_service WARNING  ALERTA HIGH: Eficiencia baja: 47.0%
[20:35:39] src.services.analytics_service WARNING  ALERTA MEDIUM: OEE bajo: 44.7%
[20:36:09] src.services.analytics_service WARNING  ALERTA HIGH: Eficiencia baja: 47.0%
[20:36:09] src.services.analytics_service WARNING  ALERTA MEDIUM: OEE bajo: 44.7%
[20:36:39] src.services.analytics_service WARNING  ALERTA HIGH: Eficiencia baja: 47.0%
[20:36:39] src.services.analytics_service WARNING  ALERTA MEDIUM: OEE bajo: 44.7%
[20:37:09] src.services.analytics_service WARNING  ALERTA HIGH: Eficiencia baja: 47.0%
[20:37:09] src.services.analytics_service WARNING  ALERTA MEDIUM: OEE bajo: 44.7%
[20:37:39] src.services.analytics_service WARNING  ALERTA HIGH: Eficiencia baja: 47.0%
[20:37:39] src.services.analytics_service WARNING  ALERTA MEDIUM: OEE bajo: 44.7%
[20:38:09] src.services.analytics_service WARNING  ALERTA HIGH: Eficiencia baja: 47.0%
[20:38:09] src.services.analytics_service WARNING  ALERTA MEDIUM: OEE bajo: 44.7%
[20:38:35] __main__             INFO     Señal recibida: 2
[20:38:39] src.services.analytics_service WARNING  ALERTA HIGH: Eficiencia baja: 47.0%
[20:38:39] src.services.analytics_service WARNING  ALERTA MEDIUM: OEE bajo: 44.7%
[20:38:39] __main__             INFO     Iniciando apagado del sistema...
[20:38:39] src.core.scanner_manager INFO     Iniciando apagado del sistema...
[20:38:39] src.hardware.zebra_scanner INFO     Desconectando Zebra DS3678...
[20:38:39] src.hardware.serial_interface INFO     Desconectando de puerto serie COM5...
[20:38:39] src.hardware.serial_interface INFO     Desconectado exitosamente
[20:38:39] src.hardware.zebra_scanner INFO     Zebra DS3678 desconectado
[20:38:39] src.core.scanner_manager INFO     Bucle de lectura del escáner terminado
[20:38:40] src.core.scanner_manager INFO     Bucle de procesamiento de comandos terminado
[20:38:40] src.core.scanner_manager INFO     Sistema apagado correctamente
[20:38:40] __main__             INFO     Scanner Manager detenido
[20:38:45] src.services.analytics_service INFO     Analytics Service detenido
[20:38:45] __main__             INFO     Servicio de Analytics detenido
[20:38:45] src.web.app          INFO     Servidor web detenido
[20:38:45] __main__             INFO     Aplicación Web detenida
[20:38:45] __main__             INFO     Sistema apagado correctamente
[20:38:45] __main__             INFO     ============================================================
[20:42:17] src.utils.logger     INFO     Sistema de logging Johnson Controls inicializado
[20:42:17] src.utils.logger     INFO     Nivel: INFO, Directorio: data\logs
[20:42:17] __main__             INFO     ============================================================
[20:42:17] __main__             INFO     JOHNSON CONTROLS - Sistema de Seguimiento Industrial
[20:42:17] __main__             INFO     Version 2.0 - Arquitectura Modular
[20:42:17] __main__             INFO     ============================================================
[20:42:17] __main__             INFO     Inicializando sistema...
[20:42:17] __main__             INFO     Planta: Planta Durango - Desarrollo (JCI_MX_DEV_001)
[20:42:17] __main__             INFO     Departamento: Manufactura - Testing
[20:42:17] __main__             INFO     Ambiente: development
[20:42:17] __main__             INFO     Puerto Serie: COM5
[20:42:17] __main__             INFO     Puerto Web: 5000
[20:42:17] __main__             INFO     Modo: full
[20:42:17] __main__             INFO     Directorios verificados/creados
[20:42:17] src.services.data_sync_service INFO     Data Sync Service inicializado
[20:42:17] src.services.analytics_service INFO     Analytics Service inicializado
[20:42:17] src.services.notification_service INFO     Notification Service inicializado
[20:42:17] src.core.scanner_manager INFO     Scanner Manager inicializado
[20:42:17] src.core.scanner_manager INFO     Iniciando sistema de escaneo Johnson Controls...
[20:42:17] src.services.data_sync_service INFO     Cargados 0 productos
[20:42:17] src.core.scanner_manager INFO     Cargados 0 productos existentes
[20:42:17] src.hardware.serial_interface INFO     Serial Interface inicializada para puerto COM5 @ 9600 baud
[20:42:17] src.hardware.zebra_scanner INFO     Zebra Scanner DS3678 inicializado para puerto COM5
[20:42:17] src.hardware.zebra_scanner INFO     Conectando a Zebra DS3678 en COM5...
[20:42:17] src.hardware.serial_interface INFO     Conectando a puerto serie COM5...
[20:42:17] src.hardware.serial_interface ERROR    Error de puerto serie: could not open port 'COM5': FileNotFoundError(2, 'El sistema no puede encontrar el archivo especificado.', None, 2)
[20:42:17] src.hardware.zebra_scanner ERROR    Error conectando interface serie
[20:42:17] src.core.scanner_manager WARNING  No se pudo conectar al escáner
[20:42:17] src.core.scanner_manager WARNING  Hardware no disponible - Modo simulación activado
[20:42:17] src.services.data_sync_service INFO     Estado inicial cargado correctamente
[20:42:17] src.services.data_sync_service INFO     Verificación de integridad completada
[20:42:17] src.services.data_sync_service INFO     Data Sync Service inicializado correctamente
[20:42:17] src.services.analytics_service INFO     Datos históricos cargados (simulado)
[20:42:17] src.services.analytics_service INFO     Analytics Service inicializado correctamente
[20:42:17] src.services.notification_service INFO     Notification Service inicializado correctamente
[20:42:17] src.core.scanner_manager INFO     Iniciando bucle de lectura del escáner
[20:42:17] src.core.scanner_manager INFO     Hilo de lectura del escáner iniciado
[20:42:17] src.core.scanner_manager INFO     Iniciando bucle de procesamiento de comandos
[20:42:17] src.core.scanner_manager INFO     Hilo de procesamiento de comandos iniciado
[20:42:17] src.core.scanner_manager INFO     Sistema de escaneo inicializado correctamente
[20:42:17] src.web.app          INFO     Web Application inicializada con archivos estáticos
[20:42:17] src.web.app          INFO     WebApplication Extension inicializada
[20:42:17] src.web.app          INFO     WebApplication extension aplicada exitosamente
[20:42:17] src.web.app          INFO     APIs registradas: data, control, analytics
[20:42:17] src.web.app          INFO     Web Application configurada correctamente
[20:42:17] src.services.analytics_service INFO     Analytics Service inicializado
[20:42:17] src.services.analytics_service INFO     Datos históricos cargados (simulado)
[20:42:17] src.services.analytics_service INFO     Analytics Service inicializado correctamente
[20:42:17] __main__             INFO     Sistema inicializado correctamente
[20:42:17] __main__             INFO     Iniciando sistema en modo: full
[20:42:17] __main__             INFO     Scanner Manager: Activo
[20:42:17] src.web.app          INFO     Iniciando servidor web en puerto 5000
[20:42:17] src.web.app          INFO     Servidor web iniciado
[20:42:17] __main__             INFO     Aplicación Web: http://localhost:5000
[20:42:17] src.services.analytics_service INFO     Iniciando bucle de analytics
[20:42:17] src.services.analytics_service INFO     Analytics Service iniciado
[20:42:17] src.services.analytics_service WARNING  ALERTA HIGH: Eficiencia baja: 47.0%
[20:42:17] __main__             INFO     Servicio de Analytics: Activo
[20:42:17] src.services.analytics_service WARNING  ALERTA MEDIUM: OEE bajo: 44.7%
[20:42:17] __main__             INFO     Sistema completo en ejecución...
[20:42:17] __main__             INFO     Presiona Ctrl+C para detener
[20:42:47] src.services.analytics_service WARNING  ALERTA HIGH: Eficiencia baja: 47.0%
[20:42:47] src.services.analytics_service WARNING  ALERTA MEDIUM: OEE bajo: 44.7%
[20:43:17] src.services.analytics_service WARNING  ALERTA HIGH: Eficiencia baja: 47.0%
[20:43:17] src.services.analytics_service WARNING  ALERTA MEDIUM: OEE bajo: 44.7%
[20:43:35] __main__             INFO     Señal recibida: 2
[20:43:37] __main__             INFO     Iniciando apagado del sistema...
[20:43:37] src.core.scanner_manager INFO     Iniciando apagado del sistema...
[20:43:37] src.hardware.zebra_scanner INFO     Desconectando Zebra DS3678...
[20:43:37] src.hardware.serial_interface INFO     Desconectando de puerto serie COM5...
[20:43:37] src.hardware.serial_interface INFO     Desconectado exitosamente
[20:43:37] src.hardware.zebra_scanner INFO     Zebra DS3678 desconectado
[20:43:37] src.core.scanner_manager INFO     Bucle de lectura del escáner terminado
[20:43:37] src.core.scanner_manager INFO     Bucle de procesamiento de comandos terminado
[20:43:37] src.core.scanner_manager INFO     Sistema apagado correctamente
[20:43:37] __main__             INFO     Scanner Manager detenido
[20:43:42] src.services.analytics_service INFO     Analytics Service detenido
[20:43:42] __main__             INFO     Servicio de Analytics detenido
[20:43:42] src.web.app          INFO     Servidor web detenido
[20:43:42] __main__             INFO     Aplicación Web detenida
[20:43:42] __main__             INFO     Sistema apagado correctamente
[20:43:42] __main__             INFO     ============================================================
[20:48:36] src.utils.logger     INFO     Sistema de logging Johnson Controls inicializado
[20:48:36] src.utils.logger     INFO     Nivel: INFO, Directorio: data\logs
[20:48:36] __main__             INFO     ============================================================
[20:48:36] __main__             INFO     JOHNSON CONTROLS - Sistema de Seguimiento Industrial
[20:48:36] __main__             INFO     Version 2.0 - Arquitectura Modular
[20:48:36] __main__             INFO     ============================================================
[20:48:36] __main__             INFO     Inicializando sistema...
[20:48:36] __main__             INFO     Planta: Planta Durango - Desarrollo (JCI_MX_DEV_001)
[20:48:36] __main__             INFO     Departamento: Manufactura - Testing
[20:48:36] __main__             INFO     Ambiente: development
[20:48:36] __main__             INFO     Puerto Serie: COM5
[20:48:36] __main__             INFO     Puerto Web: 5000
[20:48:36] __main__             INFO     Modo: full
[20:48:36] __main__             INFO     Directorios verificados/creados
[20:48:36] src.services.data_sync_service INFO     Data Sync Service inicializado
[20:48:36] src.services.analytics_service INFO     Analytics Service inicializado
[20:48:36] src.services.notification_service INFO     Notification Service inicializado
[20:48:36] src.core.scanner_manager INFO     Scanner Manager inicializado
[20:48:36] src.core.scanner_manager INFO     Iniciando sistema de escaneo Johnson Controls...
[20:48:36] src.services.data_sync_service INFO     Cargados 0 productos
[20:48:36] src.core.scanner_manager INFO     Cargados 0 productos existentes
[20:48:36] src.hardware.serial_interface INFO     Serial Interface inicializada para puerto COM5 @ 9600 baud
[20:48:36] src.hardware.zebra_scanner INFO     Zebra Scanner DS3678 inicializado para puerto COM5
[20:48:36] src.hardware.zebra_scanner INFO     Conectando a Zebra DS3678 en COM5...
[20:48:36] src.hardware.serial_interface INFO     Conectando a puerto serie COM5...
[20:48:36] src.hardware.serial_interface ERROR    Error de puerto serie: could not open port 'COM5': FileNotFoundError(2, 'El sistema no puede encontrar el archivo especificado.', None, 2)
[20:48:36] src.hardware.zebra_scanner ERROR    Error conectando interface serie
[20:48:36] src.core.scanner_manager WARNING  No se pudo conectar al escáner
[20:48:36] src.core.scanner_manager WARNING  Hardware no disponible - Modo simulación activado
[20:48:36] src.services.data_sync_service INFO     Estado inicial cargado correctamente
[20:48:36] src.services.data_sync_service WARNING  Inconsistencia de datos: JSON=2, Excel=0
[20:48:36] src.services.data_sync_service INFO     Verificación de integridad completada
[20:48:36] src.services.data_sync_service INFO     Data Sync Service inicializado correctamente
[20:48:36] src.services.analytics_service INFO     Datos históricos cargados (simulado)
[20:48:36] src.services.analytics_service INFO     Analytics Service inicializado correctamente
[20:48:36] src.services.notification_service INFO     Notification Service inicializado correctamente
[20:48:36] src.core.scanner_manager INFO     Iniciando bucle de lectura del escáner
[20:48:36] src.core.scanner_manager INFO     Hilo de lectura del escáner iniciado
[20:48:36] src.core.scanner_manager INFO     Iniciando bucle de procesamiento de comandos
[20:48:36] src.core.scanner_manager INFO     Hilo de procesamiento de comandos iniciado
[20:48:36] src.core.scanner_manager INFO     Sistema de escaneo inicializado correctamente
[20:48:36] src.web.app          INFO     Web Application inicializada con archivos estáticos
[20:48:36] src.web.app          INFO     WebApplication Extension inicializada
[20:48:36] src.web.app          INFO     WebApplication extension aplicada exitosamente
[20:48:36] src.web.app          INFO     APIs registradas: data, control, analytics
[20:48:36] src.web.app          INFO     Web Application configurada correctamente
[20:48:36] src.services.analytics_service INFO     Analytics Service inicializado
[20:48:36] src.services.analytics_service INFO     Datos históricos cargados (simulado)
[20:48:36] src.services.analytics_service INFO     Analytics Service inicializado correctamente
[20:48:36] __main__             INFO     Sistema inicializado correctamente
[20:48:36] __main__             INFO     Iniciando sistema en modo: full
[20:48:36] __main__             INFO     Scanner Manager: Activo
[20:48:36] src.web.app          INFO     Iniciando servidor web en puerto 5000
[20:48:36] src.web.app          INFO     Servidor web iniciado
[20:48:36] __main__             INFO     Aplicación Web: http://localhost:5000
[20:48:36] src.services.analytics_service INFO     Iniciando bucle de analytics
[20:48:36] src.services.analytics_service INFO     Analytics Service iniciado
[20:48:36] src.services.analytics_service WARNING  ALERTA HIGH: Eficiencia baja: 47.0%
[20:48:36] __main__             INFO     Servicio de Analytics: Activo
[20:48:36] src.services.analytics_service WARNING  ALERTA MEDIUM: OEE bajo: 44.7%
[20:48:36] __main__             INFO     Sistema completo en ejecución...
[20:48:36] __main__             INFO     Presiona Ctrl+C para detener
[20:49:06] src.services.analytics_service WARNING  ALERTA HIGH: Eficiencia baja: 47.0%
[20:49:06] src.services.analytics_service WARNING  ALERTA MEDIUM: OEE bajo: 44.7%
[20:49:18] __main__             INFO     Señal recibida: 2
[20:49:21] __main__             INFO     Iniciando apagado del sistema...
[20:49:21] src.core.scanner_manager INFO     Iniciando apagado del sistema...
[20:49:21] src.hardware.zebra_scanner INFO     Desconectando Zebra DS3678...
[20:49:21] src.hardware.serial_interface INFO     Desconectando de puerto serie COM5...
[20:49:21] src.hardware.serial_interface INFO     Desconectado exitosamente
[20:49:21] src.hardware.zebra_scanner INFO     Zebra DS3678 desconectado
[20:49:21] src.core.scanner_manager INFO     Bucle de lectura del escáner terminado
[20:49:21] src.core.scanner_manager INFO     Bucle de procesamiento de comandos terminado
[20:49:21] src.core.scanner_manager INFO     Sistema apagado correctamente
[20:49:21] __main__             INFO     Scanner Manager detenido
[20:49:26] src.services.analytics_service INFO     Analytics Service detenido
[20:49:26] __main__             INFO     Servicio de Analytics detenido
[20:49:26] src.web.app          INFO     Servidor web detenido
[20:49:26] __main__             INFO     Aplicación Web detenida
[20:49:26] __main__             INFO     Sistema apagado correctamente
[20:49:26] __main__             INFO     ============================================================
[20:50:49] src.utils.logger     INFO     Sistema de logging Johnson Controls inicializado
[20:50:49] src.utils.logger     INFO     Nivel: INFO, Directorio: data\logs
[20:50:49] __main__             INFO     ============================================================
[20:50:49] __main__             INFO     JOHNSON CONTROLS - Sistema de Seguimiento Industrial
[20:50:49] __main__             INFO     Version 2.0 - Arquitectura Modular
[20:50:49] __main__             INFO     ============================================================
[20:50:49] __main__             INFO     Inicializando sistema...
[20:50:49] __main__             INFO     Planta: Planta Durango - Desarrollo (JCI_MX_DEV_001)
[20:50:49] __main__             INFO     Departamento: Manufactura - Testing
[20:50:49] __main__             INFO     Ambiente: development
[20:50:49] __main__             INFO     Puerto Serie: COM5
[20:50:49] __main__             INFO     Puerto Web: 5000
[20:50:49] __main__             INFO     Modo: full
[20:50:49] __main__             INFO     Directorios verificados/creados
[20:50:49] src.services.data_sync_service INFO     Data Sync Service inicializado
[20:50:49] src.services.analytics_service INFO     Analytics Service inicializado
[20:50:49] src.services.notification_service INFO     Notification Service inicializado
[20:50:49] src.core.scanner_manager INFO     Scanner Manager inicializado
[20:50:49] src.core.scanner_manager INFO     Iniciando sistema de escaneo Johnson Controls...
[20:50:49] src.services.data_sync_service INFO     Cargados 0 productos
[20:50:49] src.core.scanner_manager INFO     Cargados 0 productos existentes
[20:50:49] src.hardware.serial_interface INFO     Serial Interface inicializada para puerto COM5 @ 9600 baud
[20:50:49] src.hardware.zebra_scanner INFO     Zebra Scanner DS3678 inicializado para puerto COM5
[20:50:49] src.hardware.zebra_scanner INFO     Conectando a Zebra DS3678 en COM5...
[20:50:49] src.hardware.serial_interface INFO     Conectando a puerto serie COM5...
[20:50:49] src.hardware.serial_interface ERROR    Error de puerto serie: could not open port 'COM5': FileNotFoundError(2, 'El sistema no puede encontrar el archivo especificado.', None, 2)
[20:50:49] src.hardware.zebra_scanner ERROR    Error conectando interface serie
[20:50:49] src.core.scanner_manager WARNING  No se pudo conectar al escáner
[20:50:49] src.core.scanner_manager WARNING  Hardware no disponible - Modo simulación activado
[20:50:49] src.services.data_sync_service INFO     Estado inicial cargado correctamente
[20:50:49] src.services.data_sync_service INFO     Verificación de integridad completada
[20:50:49] src.services.data_sync_service INFO     Data Sync Service inicializado correctamente
[20:50:49] src.services.analytics_service INFO     Datos históricos cargados (simulado)
[20:50:49] src.services.analytics_service INFO     Analytics Service inicializado correctamente
[20:50:49] src.services.notification_service INFO     Notification Service inicializado correctamente
[20:50:49] src.core.scanner_manager INFO     Iniciando bucle de lectura del escáner
[20:50:49] src.core.scanner_manager INFO     Hilo de lectura del escáner iniciado
[20:50:49] src.core.scanner_manager INFO     Iniciando bucle de procesamiento de comandos
[20:50:49] src.core.scanner_manager INFO     Hilo de procesamiento de comandos iniciado
[20:50:49] src.core.scanner_manager INFO     Sistema de escaneo inicializado correctamente
[20:50:49] src.web.app          INFO     Web Application inicializada con archivos estáticos
[20:50:49] src.web.app          INFO     WebApplication Extension inicializada
[20:50:49] src.web.app          INFO     WebApplication extension aplicada exitosamente
[20:50:49] src.web.app          INFO     APIs registradas: data, control, analytics
[20:50:49] src.web.app          INFO     Web Application configurada correctamente
[20:50:49] src.services.analytics_service INFO     Analytics Service inicializado
[20:50:49] src.services.analytics_service INFO     Datos históricos cargados (simulado)
[20:50:49] src.services.analytics_service INFO     Analytics Service inicializado correctamente
[20:50:49] __main__             INFO     Sistema inicializado correctamente
[20:50:49] __main__             INFO     Iniciando sistema en modo: full
[20:50:49] __main__             INFO     Scanner Manager: Activo
[20:50:49] src.web.app          INFO     Iniciando servidor web en puerto 5000
[20:50:49] src.web.app          INFO     Servidor web iniciado
[20:50:49] __main__             INFO     Aplicación Web: http://localhost:5000
[20:50:49] src.services.analytics_service INFO     Iniciando bucle de analytics
[20:50:49] src.services.analytics_service INFO     Analytics Service iniciado
[20:50:49] src.services.analytics_service WARNING  ALERTA HIGH: Eficiencia baja: 47.0%
[20:50:49] __main__             INFO     Servicio de Analytics: Activo
[20:50:49] src.services.analytics_service WARNING  ALERTA MEDIUM: OEE bajo: 44.7%
[20:50:49] __main__             INFO     Sistema completo en ejecución...
[20:50:49] __main__             INFO     Presiona Ctrl+C para detener
[20:51:19] src.services.analytics_service WARNING  ALERTA HIGH: Eficiencia baja: 47.0%
[20:51:19] src.services.analytics_service WARNING  ALERTA MEDIUM: OEE bajo: 44.7%
[20:51:49] src.services.analytics_service WARNING  ALERTA HIGH: Eficiencia baja: 47.0%
[20:51:49] src.services.analytics_service WARNING  ALERTA MEDIUM: OEE bajo: 44.7%
[20:52:19] src.services.analytics_service WARNING  ALERTA HIGH: Eficiencia baja: 47.0%
[20:52:19] src.services.analytics_service WARNING  ALERTA MEDIUM: OEE bajo: 44.7%
[20:52:49] src.services.analytics_service WARNING  ALERTA HIGH: Eficiencia baja: 47.0%
[20:52:49] src.services.analytics_service WARNING  ALERTA MEDIUM: OEE bajo: 44.7%
[20:53:19] src.services.analytics_service WARNING  ALERTA HIGH: Eficiencia baja: 47.0%
[20:53:19] src.services.analytics_service WARNING  ALERTA MEDIUM: OEE bajo: 44.7%
[20:53:35] __main__             INFO     Señal recibida: 2
[20:53:39] __main__             INFO     Iniciando apagado del sistema...
[20:53:39] src.core.scanner_manager INFO     Iniciando apagado del sistema...
[20:53:39] src.hardware.zebra_scanner INFO     Desconectando Zebra DS3678...
[20:53:39] src.hardware.serial_interface INFO     Desconectando de puerto serie COM5...
[20:53:39] src.hardware.serial_interface INFO     Desconectado exitosamente
[20:53:39] src.hardware.zebra_scanner INFO     Zebra DS3678 desconectado
[20:53:39] src.core.scanner_manager INFO     Bucle de lectura del escáner terminado
[20:53:39] src.core.scanner_manager INFO     Bucle de procesamiento de comandos terminado
[20:53:39] src.core.scanner_manager INFO     Sistema apagado correctamente
[20:53:39] __main__             INFO     Scanner Manager detenido
[20:53:44] src.services.analytics_service INFO     Analytics Service detenido
[20:53:44] __main__             INFO     Servicio de Analytics detenido
[20:53:44] src.web.app          INFO     Servidor web detenido
[20:53:44] __main__             INFO     Aplicación Web detenida
[20:53:44] __main__             INFO     Sistema apagado correctamente
[20:53:44] __main__             INFO     ============================================================
[20:57:25] src.utils.logger     INFO     Sistema de logging Johnson Controls inicializado
[20:57:25] src.utils.logger     INFO     Nivel: INFO, Directorio: data\logs
[20:57:25] __main__             INFO     ============================================================
[20:57:25] __main__             INFO     JOHNSON CONTROLS - Sistema de Seguimiento Industrial
[20:57:25] __main__             INFO     Version 2.0 - Arquitectura Modular
[20:57:25] __main__             INFO     ============================================================
[20:57:25] __main__             INFO     Inicializando sistema...
[20:57:25] __main__             INFO     Planta: Planta Durango - Desarrollo (JCI_MX_DEV_001)
[20:57:25] __main__             INFO     Departamento: Manufactura - Testing
[20:57:25] __main__             INFO     Ambiente: development
[20:57:25] __main__             INFO     Puerto Serie: COM5
[20:57:25] __main__             INFO     Puerto Web: 5000
[20:57:25] __main__             INFO     Modo: full
[20:57:25] __main__             INFO     Directorios verificados/creados
[20:57:25] src.services.data_sync_service INFO     Data Sync Service inicializado
[20:57:25] src.services.analytics_service INFO     Analytics Service inicializado
[20:57:25] src.services.notification_service INFO     Notification Service inicializado
[20:57:25] src.core.scanner_manager INFO     Scanner Manager inicializado
[20:57:25] src.core.scanner_manager INFO     Iniciando sistema de escaneo Johnson Controls...
[20:57:25] src.services.data_sync_service INFO     Cargados 0 productos
[20:57:25] src.core.scanner_manager INFO     Cargados 0 productos existentes
[20:57:25] src.hardware.serial_interface INFO     Serial Interface inicializada para puerto COM5 @ 9600 baud
[20:57:25] src.hardware.zebra_scanner INFO     Zebra Scanner DS3678 inicializado para puerto COM5
[20:57:25] src.hardware.zebra_scanner INFO     Conectando a Zebra DS3678 en COM5...
[20:57:25] src.hardware.serial_interface INFO     Conectando a puerto serie COM5...
[20:57:25] src.hardware.serial_interface ERROR    Error de puerto serie: could not open port 'COM5': FileNotFoundError(2, 'El sistema no puede encontrar el archivo especificado.', None, 2)
[20:57:25] src.hardware.zebra_scanner ERROR    Error conectando interface serie
[20:57:25] src.core.scanner_manager WARNING  No se pudo conectar al escáner
[20:57:25] src.core.scanner_manager WARNING  Hardware no disponible - Modo simulación activado
[20:57:25] src.services.data_sync_service INFO     Estado inicial cargado correctamente
[20:57:25] src.services.data_sync_service INFO     Verificación de integridad completada
[20:57:25] src.services.data_sync_service INFO     Data Sync Service inicializado correctamente
[20:57:25] src.services.analytics_service INFO     Datos históricos cargados (simulado)
[20:57:25] src.services.analytics_service INFO     Analytics Service inicializado correctamente
[20:57:25] src.services.notification_service INFO     Notification Service inicializado correctamente
[20:57:25] src.core.scanner_manager INFO     Iniciando bucle de lectura del escáner
[20:57:25] src.core.scanner_manager INFO     Hilo de lectura del escáner iniciado
[20:57:25] src.core.scanner_manager INFO     Iniciando bucle de procesamiento de comandos
[20:57:25] src.core.scanner_manager INFO     Hilo de procesamiento de comandos iniciado
[20:57:25] src.core.scanner_manager INFO     Sistema de escaneo inicializado correctamente
[20:57:25] src.web.app          INFO     Web Application inicializada con archivos estáticos
[20:57:25] src.web.app          INFO     WebApplication Extension inicializada
[20:57:25] src.web.app          INFO     WebApplication extension aplicada exitosamente
[20:57:25] src.web.app          INFO     APIs registradas: data, control, analytics
[20:57:25] src.web.app          INFO     Web Application configurada correctamente
[20:57:25] src.services.analytics_service INFO     Analytics Service inicializado
[20:57:25] src.services.analytics_service INFO     Datos históricos cargados (simulado)
[20:57:25] src.services.analytics_service INFO     Analytics Service inicializado correctamente
[20:57:25] __main__             INFO     Sistema inicializado correctamente
[20:57:25] __main__             INFO     Iniciando sistema en modo: full
[20:57:25] __main__             INFO     Scanner Manager: Activo
[20:57:25] src.web.app          INFO     Iniciando servidor web en puerto 5000
[20:57:25] src.web.app          INFO     Servidor web iniciado
[20:57:25] __main__             INFO     Aplicación Web: http://localhost:5000
[20:57:25] src.services.analytics_service INFO     Iniciando bucle de analytics
[20:57:25] src.services.analytics_service INFO     Analytics Service iniciado
[20:57:25] src.services.analytics_service WARNING  ALERTA HIGH: Eficiencia baja: 47.0%
[20:57:25] __main__             INFO     Servicio de Analytics: Activo
[20:57:25] src.services.analytics_service WARNING  ALERTA MEDIUM: OEE bajo: 44.7%
[20:57:25] __main__             INFO     Sistema completo en ejecución...
[20:57:25] __main__             INFO     Presiona Ctrl+C para detener
[20:57:55] src.services.analytics_service WARNING  ALERTA HIGH: Eficiencia baja: 47.0%
[20:57:55] src.services.analytics_service WARNING  ALERTA MEDIUM: OEE bajo: 44.7%
[20:58:10] __main__             INFO     Señal recibida: 2
[20:58:15] __main__             INFO     Iniciando apagado del sistema...
[20:58:15] src.core.scanner_manager INFO     Iniciando apagado del sistema...
[20:58:15] src.hardware.zebra_scanner INFO     Desconectando Zebra DS3678...
[20:58:15] src.hardware.serial_interface INFO     Desconectando de puerto serie COM5...
[20:58:15] src.hardware.serial_interface INFO     Desconectado exitosamente
[20:58:15] src.hardware.zebra_scanner INFO     Zebra DS3678 desconectado
[20:58:15] src.core.scanner_manager INFO     Bucle de lectura del escáner terminado
[20:58:15] src.core.scanner_manager INFO     Bucle de procesamiento de comandos terminado
[20:58:15] src.core.scanner_manager INFO     Sistema apagado correctamente
[20:58:15] __main__             INFO     Scanner Manager detenido
[20:58:20] src.services.analytics_service INFO     Analytics Service detenido
[20:58:20] __main__             INFO     Servicio de Analytics detenido
[20:58:20] src.web.app          INFO     Servidor web detenido
[20:58:20] __main__             INFO     Aplicación Web detenida
[20:58:20] __main__             INFO     Sistema apagado correctamente
[20:58:20] __main__             INFO     ============================================================
[20:58:24] src.utils.logger     INFO     Sistema de logging Johnson Controls inicializado
[20:58:24] src.utils.logger     INFO     Nivel: INFO, Directorio: data\logs
[20:58:24] __main__             INFO     ============================================================
[20:58:24] __main__             INFO     JOHNSON CONTROLS - Sistema de Seguimiento Industrial
[20:58:24] __main__             INFO     Version 2.0 - Arquitectura Modular
[20:58:24] __main__             INFO     ============================================================
[20:58:24] __main__             INFO     Inicializando sistema...
[20:58:24] __main__             INFO     Planta: Planta Durango - Desarrollo (JCI_MX_DEV_001)
[20:58:24] __main__             INFO     Departamento: Manufactura - Testing
[20:58:24] __main__             INFO     Ambiente: development
[20:58:24] __main__             INFO     Puerto Serie: COM5
[20:58:24] __main__             INFO     Puerto Web: 5000
[20:58:24] __main__             INFO     Modo: full
[20:58:24] __main__             INFO     Directorios verificados/creados
[20:58:24] src.services.data_sync_service INFO     Data Sync Service inicializado
[20:58:24] src.services.analytics_service INFO     Analytics Service inicializado
[20:58:24] src.services.notification_service INFO     Notification Service inicializado
[20:58:24] src.core.scanner_manager INFO     Scanner Manager inicializado
[20:58:24] src.core.scanner_manager INFO     Iniciando sistema de escaneo Johnson Controls...
[20:58:24] src.services.data_sync_service INFO     Cargados 0 productos
[20:58:24] src.core.scanner_manager INFO     Cargados 0 productos existentes
[20:58:24] src.hardware.serial_interface INFO     Serial Interface inicializada para puerto COM5 @ 9600 baud
[20:58:24] src.hardware.zebra_scanner INFO     Zebra Scanner DS3678 inicializado para puerto COM5
[20:58:24] src.hardware.zebra_scanner INFO     Conectando a Zebra DS3678 en COM5...
[20:58:24] src.hardware.serial_interface INFO     Conectando a puerto serie COM5...
[20:58:24] src.hardware.serial_interface ERROR    Error de puerto serie: could not open port 'COM5': FileNotFoundError(2, 'El sistema no puede encontrar el archivo especificado.', None, 2)
[20:58:24] src.hardware.zebra_scanner ERROR    Error conectando interface serie
[20:58:24] src.core.scanner_manager WARNING  No se pudo conectar al escáner
[20:58:24] src.core.scanner_manager WARNING  Hardware no disponible - Modo simulación activado
[20:58:24] src.services.data_sync_service INFO     Estado inicial cargado correctamente
[20:58:24] src.services.data_sync_service INFO     Verificación de integridad completada
[20:58:24] src.services.data_sync_service INFO     Data Sync Service inicializado correctamente
[20:58:24] src.services.analytics_service INFO     Datos históricos cargados (simulado)
[20:58:24] src.services.analytics_service INFO     Analytics Service inicializado correctamente
[20:58:24] src.services.notification_service INFO     Notification Service inicializado correctamente
[20:58:24] src.core.scanner_manager INFO     Iniciando bucle de lectura del escáner
[20:58:24] src.core.scanner_manager INFO     Hilo de lectura del escáner iniciado
[20:58:24] src.core.scanner_manager INFO     Iniciando bucle de procesamiento de comandos
[20:58:24] src.core.scanner_manager INFO     Hilo de procesamiento de comandos iniciado
[20:58:24] src.core.scanner_manager INFO     Sistema de escaneo inicializado correctamente
[20:58:24] src.web.app          INFO     Web Application inicializada con archivos estáticos
[20:58:24] src.web.app          INFO     WebApplication Extension inicializada
[20:58:24] src.web.app          INFO     WebApplication extension aplicada exitosamente
[20:58:24] src.web.app          INFO     APIs registradas: data, control, analytics
[20:58:24] src.web.app          INFO     Web Application configurada correctamente
[20:58:24] src.services.analytics_service INFO     Analytics Service inicializado
[20:58:24] src.services.analytics_service INFO     Datos históricos cargados (simulado)
[20:58:24] src.services.analytics_service INFO     Analytics Service inicializado correctamente
[20:58:24] __main__             INFO     Sistema inicializado correctamente
[20:58:24] __main__             INFO     Iniciando sistema en modo: full
[20:58:24] __main__             INFO     Scanner Manager: Activo
[20:58:24] src.web.app          INFO     Iniciando servidor web en puerto 5000
[20:58:24] src.web.app          INFO     Servidor web iniciado
[20:58:24] __main__             INFO     Aplicación Web: http://localhost:5000
[20:58:24] src.services.analytics_service INFO     Iniciando bucle de analytics
[20:58:24] src.services.analytics_service INFO     Analytics Service iniciado
[20:58:24] src.services.analytics_service WARNING  ALERTA HIGH: Eficiencia baja: 47.0%
[20:58:24] __main__             INFO     Servicio de Analytics: Activo
[20:58:24] src.services.analytics_service WARNING  ALERTA MEDIUM: OEE bajo: 44.7%
[20:58:24] __main__             INFO     Sistema completo en ejecución...
[20:58:24] __main__             INFO     Presiona Ctrl+C para detener
[20:58:54] src.services.analytics_service WARNING  ALERTA HIGH: Eficiencia baja: 47.0%
[20:58:54] src.services.analytics_service WARNING  ALERTA MEDIUM: OEE bajo: 44.7%
[20:59:24] src.services.analytics_service WARNING  ALERTA HIGH: Eficiencia baja: 47.0%
[20:59:24] src.services.analytics_service WARNING  ALERTA MEDIUM: OEE bajo: 44.7%
[20:59:53] __main__             INFO     Señal recibida: 2
[20:59:54] src.services.analytics_service WARNING  ALERTA HIGH: Eficiencia baja: 47.0%
[20:59:54] src.services.analytics_service WARNING  ALERTA MEDIUM: OEE bajo: 44.7%
[20:59:54] __main__             INFO     Iniciando apagado del sistema...
[20:59:54] src.core.scanner_manager INFO     Iniciando apagado del sistema...
[20:59:54] src.hardware.zebra_scanner INFO     Desconectando Zebra DS3678...
[20:59:54] src.hardware.serial_interface INFO     Desconectando de puerto serie COM5...
[20:59:54] src.hardware.serial_interface INFO     Desconectado exitosamente
[20:59:54] src.hardware.zebra_scanner INFO     Zebra DS3678 desconectado
[20:59:54] src.core.scanner_manager INFO     Bucle de lectura del escáner terminado
[20:59:54] src.core.scanner_manager INFO     Bucle de procesamiento de comandos terminado
[20:59:54] src.core.scanner_manager INFO     Sistema apagado correctamente
[20:59:54] __main__             INFO     Scanner Manager detenido
[20:59:59] src.services.analytics_service INFO     Analytics Service detenido
[20:59:59] __main__             INFO     Servicio de Analytics detenido
[20:59:59] src.web.app          INFO     Servidor web detenido
[20:59:59] __main__             INFO     Aplicación Web detenida
[20:59:59] __main__             INFO     Sistema apagado correctamente
[20:59:59] __main__             INFO     ============================================================
[22:32:45] src.utils.logger     INFO     Sistema de logging Johnson Controls inicializado
[22:32:45] src.utils.logger     INFO     Nivel: INFO, Directorio: data\logs
[22:32:45] __main__             INFO     ============================================================
[22:32:45] __main__             INFO     JOHNSON CONTROLS - Sistema de Seguimiento Industrial
[22:32:45] __main__             INFO     Version 2.0 - Arquitectura Modular
[22:32:45] __main__             INFO     ============================================================
[22:32:45] __main__             INFO     Inicializando sistema...
[22:32:45] __main__             INFO     Planta: Planta Durango - Desarrollo (JCI_MX_DEV_001)
[22:32:45] __main__             INFO     Departamento: Manufactura - Testing
[22:32:45] __main__             INFO     Ambiente: development
[22:32:45] __main__             INFO     Puerto Serie: COM5
[22:32:45] __main__             INFO     Puerto Web: 5000
[22:32:45] __main__             INFO     Modo: web
[22:32:45] __main__             INFO     Directorios verificados/creados
[22:32:45] src.web.app          INFO     Web Application inicializada con archivos estáticos
[22:32:45] src.web.app          INFO     WebApplication Extension inicializada
[22:32:45] src.web.app          INFO     WebApplication extension aplicada exitosamente
[22:32:45] src.web.app          INFO     APIs registradas: data, control, analytics
[22:32:45] src.web.app          INFO     Web Application configurada correctamente
[22:32:45] __main__             INFO     Sistema inicializado correctamente
[22:32:45] __main__             INFO     Iniciando sistema en modo: web
[22:32:45] src.web.app          INFO     Iniciando servidor web en puerto 5000
[22:32:45] src.web.app          INFO     Servidor web iniciado
[22:32:45] __main__             INFO     Aplicación Web: http://localhost:5000
[22:32:45] __main__             ERROR    Error en ejecución: 'charmap' codec can't encode character '\U0001f310' in position 0: character maps to <undefined>
[22:32:45] __main__             INFO     Iniciando apagado del sistema...
[22:32:45] src.web.app          INFO     Servidor web detenido
[22:32:45] __main__             INFO     Aplicación Web detenida
[22:32:45] __main__             INFO     Sistema apagado correctamente
[22:32:45] __main__             INFO     ============================================================
[22:33:53] src.utils.logger     INFO     Sistema de logging Johnson Controls inicializado
[22:33:53] src.utils.logger     INFO     Nivel: INFO, Directorio: data\logs
[22:33:53] __main__             INFO     ============================================================
[22:33:53] __main__             INFO     JOHNSON CONTROLS - Sistema de Seguimiento Industrial
[22:33:53] __main__             INFO     Version 2.0 - Arquitectura Modular
[22:33:53] __main__             INFO     ============================================================
[22:33:53] __main__             INFO     Inicializando sistema...
[22:33:53] __main__             INFO     Planta: Planta Durango - Desarrollo (JCI_MX_DEV_001)
[22:33:53] __main__             INFO     Departamento: Manufactura - Testing
[22:33:53] __main__             INFO     Ambiente: development
[22:33:53] __main__             INFO     Puerto Serie: COM5
[22:33:53] __main__             INFO     Puerto Web: 5000
[22:33:53] __main__             INFO     Modo: web
[22:33:53] __main__             INFO     Directorios verificados/creados
[22:33:53] src.web.app          INFO     Web Application inicializada con archivos estáticos
[22:33:53] src.web.app          INFO     WebApplication Extension inicializada
[22:33:53] src.web.app          INFO     WebApplication extension aplicada exitosamente
[22:33:53] src.web.app          INFO     APIs registradas: data, control, analytics
[22:33:53] src.web.app          INFO     Web Application configurada correctamente
[22:33:53] __main__             INFO     Sistema inicializado correctamente
[22:33:53] __main__             INFO     Iniciando sistema en modo: web
[22:33:53] src.web.app          INFO     Iniciando servidor web en puerto 5000
[22:33:53] src.web.app          INFO     Servidor web iniciado
[22:33:53] __main__             INFO     Aplicación Web: http://localhost:5000
[22:33:53] __main__             INFO     Servidor web en ejecución...
[22:33:53] __main__             INFO     El servidor web se ejecuta en segundo plano
[22:41:26] src.utils.logger     INFO     Sistema de logging Johnson Controls inicializado
[22:41:26] src.utils.logger     INFO     Nivel: INFO, Directorio: data\logs
[22:41:26] __main__             INFO     ============================================================
[22:41:26] __main__             INFO     JOHNSON CONTROLS - Sistema de Seguimiento Industrial
[22:41:26] __main__             INFO     Version 2.0 - Arquitectura Modular
[22:41:26] __main__             INFO     ============================================================
[22:41:26] __main__             INFO     Inicializando sistema...
[22:41:26] __main__             INFO     Planta: Planta Durango - Desarrollo (JCI_MX_DEV_001)
[22:41:26] __main__             INFO     Departamento: Manufactura - Testing
[22:41:26] __main__             INFO     Ambiente: development
[22:41:26] __main__             INFO     Puerto Serie: COM5
[22:41:26] __main__             INFO     Puerto Web: 5000
[22:41:26] __main__             INFO     Modo: web
[22:41:26] __main__             INFO     Directorios verificados/creados
[22:41:26] src.web.app          INFO     Web Application inicializada con archivos estáticos
[22:41:26] src.web.app          INFO     WebApplication Extension inicializada
[22:41:26] src.web.app          INFO     WebApplication extension aplicada exitosamente
[22:41:26] src.web.app          INFO     APIs registradas: data, control, analytics
[22:41:26] src.web.app          INFO     Web Application configurada correctamente
[22:41:26] __main__             INFO     Sistema inicializado correctamente
[22:41:26] __main__             INFO     Iniciando sistema en modo: web
[22:41:26] src.web.app          INFO     Iniciando servidor web en puerto 5000
[22:41:26] src.web.app          INFO     Servidor web iniciado
[22:41:26] __main__             INFO     Aplicación Web: http://localhost:5000
[22:41:26] __main__             INFO     Servidor web en ejecución...
[22:41:26] __main__             INFO     El servidor web se ejecuta en segundo plano
[08:25:49] src.utils.logger     INFO     Sistema de logging Johnson Controls inicializado
[08:25:49] src.utils.logger     INFO     Nivel: INFO, Directorio: data\logs
[08:25:49] __main__             INFO     ============================================================
[08:25:49] __main__             INFO     JOHNSON CONTROLS - Sistema de Seguimiento Industrial
[08:25:49] __main__             INFO     Version 2.0 - Arquitectura Modular
[08:25:49] __main__             INFO     ============================================================
[08:25:49] __main__             INFO     Inicializando sistema...
[08:25:49] __main__             INFO     Planta: Planta Durango - Desarrollo (JCI_MX_DEV_001)
[08:25:49] __main__             INFO     Departamento: Manufactura - Testing
[08:25:49] __main__             INFO     Ambiente: development
[08:25:49] __main__             INFO     Puerto Serie: COM5
[08:25:49] __main__             INFO     Puerto Web: 5000
[08:25:49] __main__             INFO     Modo: web
[08:25:49] __main__             INFO     Directorios verificados/creados
[08:25:49] src.web.app          INFO     Web Application inicializada con archivos estáticos
[08:25:49] src.web.app          INFO     WebApplication Extension inicializada
[08:25:49] src.web.app          INFO     WebApplication extension aplicada exitosamente
[08:25:49] src.web.app          INFO     APIs registradas: data, control, analytics
[08:25:49] src.web.app          INFO     Web Application configurada correctamente
[08:25:49] __main__             INFO     Sistema inicializado correctamente
[08:25:49] __main__             INFO     Iniciando sistema en modo: web
[08:25:49] src.web.app          INFO     Iniciando servidor web en puerto 5000
[08:25:49] src.web.app          INFO     Servidor web iniciado
[08:25:49] __main__             INFO     Aplicación Web: http://localhost:5000
[08:25:49] __main__             INFO     Servidor web en ejecución...
[08:25:49] __main__             INFO     El servidor web se ejecuta en segundo plano
[08:50:41] src.utils.logger     INFO     Sistema de logging Johnson Controls inicializado
[08:50:41] src.utils.logger     INFO     Nivel: INFO, Directorio: data\logs
[08:50:41] __main__             INFO     ============================================================
[08:50:41] __main__             INFO     JOHNSON CONTROLS - Sistema de Seguimiento Industrial
[08:50:41] __main__             INFO     Version 2.0 - Arquitectura Modular
[08:50:41] __main__             INFO     ============================================================
[08:50:41] __main__             INFO     Inicializando sistema...
[08:50:41] __main__             INFO     Planta: Planta Durango - Desarrollo (JCI_MX_DEV_001)
[08:50:41] __main__             INFO     Departamento: Manufactura - Testing
[08:50:41] __main__             INFO     Ambiente: development
[08:50:41] __main__             INFO     Puerto Serie: COM5
[08:50:41] __main__             INFO     Puerto Web: 5000
[08:50:41] __main__             INFO     Modo: full
[08:50:41] __main__             INFO     Directorios verificados/creados
[08:50:41] src.services.data_sync_service INFO     Data Sync Service inicializado
[08:50:41] src.services.analytics_service INFO     Analytics Service inicializado
[08:50:41] src.services.notification_service INFO     Notification Service inicializado
[08:50:41] src.core.scanner_manager INFO     Scanner Manager inicializado
[08:50:41] src.core.scanner_manager INFO     Iniciando sistema de escaneo Johnson Controls...
[08:50:41] src.services.data_sync_service INFO     Cargados 0 productos
[08:50:41] src.core.scanner_manager INFO     Cargados 0 productos existentes
[08:50:41] src.hardware.serial_interface INFO     Serial Interface inicializada para puerto COM5 @ 9600 baud
[08:50:41] src.hardware.zebra_scanner INFO     Zebra Scanner DS3678 inicializado para puerto COM5
[08:50:41] src.hardware.zebra_scanner INFO     Conectando a Zebra DS3678 en COM5...
[08:50:41] src.hardware.serial_interface INFO     Conectando a puerto serie COM5...
[08:50:41] src.hardware.serial_interface INFO     Conectado exitosamente a COM5
[08:50:41] src.hardware.zebra_scanner WARNING  No se pudo verificar comunicación con Zebra DS3678
[08:50:42] src.hardware.zebra_scanner INFO     Configuración de Zebra DS3678 aplicada
[08:50:42] src.hardware.zebra_scanner INFO     Zebra DS3678 conectado exitosamente
[08:50:42] src.core.scanner_manager INFO     Escáner Zebra conectado en COM5
[08:50:42] src.services.data_sync_service INFO     Estado inicial cargado correctamente
[08:50:42] src.services.data_sync_service WARNING  Inconsistencia de datos: JSON=12, Excel=0
[08:50:42] src.services.data_sync_service INFO     Verificación de integridad completada
[08:50:42] src.services.data_sync_service INFO     Data Sync Service inicializado correctamente
[08:50:42] src.services.analytics_service INFO     Datos históricos cargados (simulado)
[08:50:42] src.services.analytics_service INFO     Analytics Service inicializado correctamente
[08:50:42] src.services.notification_service INFO     Notification Service inicializado correctamente
[08:50:42] src.core.scanner_manager INFO     Iniciando bucle de lectura del escáner
[08:50:42] src.core.scanner_manager INFO     Hilo de lectura del escáner iniciado
[08:50:42] src.core.scanner_manager INFO     Iniciando bucle de procesamiento de comandos
[08:50:42] src.core.scanner_manager INFO     Hilo de procesamiento de comandos iniciado
[08:50:42] src.core.scanner_manager INFO     Sistema de escaneo inicializado correctamente
[08:50:42] src.web.app          INFO     Web Application inicializada con archivos estáticos
[08:50:42] src.web.app          INFO     WebApplication Extension inicializada
[08:50:42] src.web.app          INFO     WebApplication extension aplicada exitosamente
[08:50:42] src.web.app          INFO     APIs registradas: data, control, analytics
[08:50:42] src.web.app          INFO     Web Application configurada correctamente
[08:50:42] src.services.analytics_service INFO     Analytics Service inicializado
[08:50:42] src.services.analytics_service INFO     Datos históricos cargados (simulado)
[08:50:42] src.services.analytics_service INFO     Analytics Service inicializado correctamente
[08:50:42] __main__             INFO     Sistema inicializado correctamente
[08:50:42] __main__             INFO     Iniciando sistema en modo: full
[08:50:42] __main__             INFO     Scanner Manager: Activo
[08:50:42] src.web.app          INFO     Iniciando servidor web en puerto 5000
[08:50:42] src.web.app          INFO     Servidor web iniciado
[08:50:42] __main__             INFO     Aplicación Web: http://localhost:5000
[08:50:42] src.services.analytics_service INFO     Iniciando bucle de analytics
[08:50:42] src.services.analytics_service INFO     Analytics Service iniciado
[08:50:42] src.services.analytics_service WARNING  ALERTA HIGH: Eficiencia baja: 47.0%
[08:50:42] __main__             INFO     Servicio de Analytics: Activo
[08:50:42] src.services.analytics_service WARNING  ALERTA MEDIUM: OEE bajo: 44.7%
[08:50:42] __main__             INFO     Sistema completo en ejecución...
[08:50:42] __main__             INFO     Presiona Ctrl+C para detener
[08:51:12] src.services.analytics_service WARNING  ALERTA HIGH: Eficiencia baja: 47.0%
[08:51:12] src.services.analytics_service WARNING  ALERTA MEDIUM: OEE bajo: 44.7%
[08:51:42] src.services.analytics_service WARNING  ALERTA HIGH: Eficiencia baja: 47.0%
[08:51:42] src.services.analytics_service WARNING  ALERTA MEDIUM: OEE bajo: 44.7%
[08:52:12] src.services.analytics_service WARNING  ALERTA HIGH: Eficiencia baja: 47.0%
[08:52:12] src.services.analytics_service WARNING  ALERTA MEDIUM: OEE bajo: 44.7%
[08:52:42] src.services.analytics_service WARNING  ALERTA HIGH: Eficiencia baja: 47.0%
[08:52:42] src.services.analytics_service WARNING  ALERTA MEDIUM: OEE bajo: 44.7%
[08:55:55] src.utils.logger     INFO     Sistema de logging Johnson Controls inicializado
[08:55:55] src.utils.logger     INFO     Nivel: INFO, Directorio: data\logs
[08:55:55] __main__             INFO     ============================================================
[08:55:55] __main__             INFO     JOHNSON CONTROLS - Sistema de Seguimiento Industrial
[08:55:55] __main__             INFO     Version 2.0 - Arquitectura Modular
[08:55:55] __main__             INFO     ============================================================
[08:55:55] __main__             INFO     Inicializando sistema...
[08:55:55] __main__             INFO     Planta: Planta Durango - Desarrollo (JCI_MX_DEV_001)
[08:55:55] __main__             INFO     Departamento: Manufactura - Testing
[08:55:55] __main__             INFO     Ambiente: development
[08:55:55] __main__             INFO     Puerto Serie: COM5
[08:55:55] __main__             INFO     Puerto Web: 5000
[08:55:55] __main__             INFO     Modo: full
[08:55:55] __main__             INFO     Directorios verificados/creados
[08:55:55] src.services.data_sync_service INFO     Data Sync Service inicializado
[08:55:55] src.services.analytics_service INFO     Analytics Service inicializado
[08:55:55] src.services.notification_service INFO     Notification Service inicializado
[08:55:55] src.core.scanner_manager INFO     Scanner Manager inicializado
[08:55:55] src.core.scanner_manager INFO     Iniciando sistema de escaneo Johnson Controls...
[08:55:55] src.services.data_sync_service INFO     Cargados 0 productos
[08:55:55] src.core.scanner_manager INFO     Cargados 0 productos existentes
[08:55:55] src.hardware.serial_interface INFO     Serial Interface inicializada para puerto COM5 @ 9600 baud
[08:55:55] src.hardware.zebra_scanner INFO     Zebra Scanner DS3678 inicializado para puerto COM5
[08:55:55] src.hardware.zebra_scanner INFO     Conectando a Zebra DS3678 en COM5...
[08:55:55] src.hardware.serial_interface INFO     Conectando a puerto serie COM5...
[08:55:55] src.hardware.serial_interface INFO     Conectado exitosamente a COM5
[08:55:55] src.hardware.zebra_scanner WARNING  No se pudo verificar comunicación con Zebra DS3678
[08:55:56] src.hardware.zebra_scanner INFO     Configuración de Zebra DS3678 aplicada
[08:55:56] src.hardware.zebra_scanner INFO     Zebra DS3678 conectado exitosamente
[08:55:56] src.core.scanner_manager INFO     Escáner Zebra conectado en COM5
[08:55:56] src.services.data_sync_service INFO     Estado inicial cargado correctamente
[08:55:56] src.services.data_sync_service WARNING  Inconsistencia de datos: JSON=12, Excel=0
[08:55:56] src.services.data_sync_service INFO     Verificación de integridad completada
[08:55:56] src.services.data_sync_service INFO     Data Sync Service inicializado correctamente
[08:55:56] src.services.analytics_service INFO     Datos históricos cargados (simulado)
[08:55:56] src.services.analytics_service INFO     Analytics Service inicializado correctamente
[08:55:56] src.services.notification_service INFO     Notification Service inicializado correctamente
[08:55:56] src.core.scanner_manager INFO     Iniciando bucle de lectura del escáner
[08:55:56] src.core.scanner_manager INFO     Hilo de lectura del escáner iniciado
[08:55:56] src.core.scanner_manager INFO     Iniciando bucle de procesamiento de comandos
[08:55:56] src.core.scanner_manager INFO     Hilo de procesamiento de comandos iniciado
[08:55:56] src.core.scanner_manager INFO     Sistema de escaneo inicializado correctamente
[08:55:56] src.web.app          INFO     Web Application inicializada con archivos estáticos
[08:55:56] src.web.app          INFO     WebApplication Extension inicializada
[08:55:56] src.web.app          INFO     WebApplication extension aplicada exitosamente
[08:55:56] src.web.app          INFO     APIs registradas: data, control, analytics
[08:55:56] src.web.app          INFO     Web Application configurada correctamente
[08:55:56] src.web.app          INFO     Scanner Manager configurado en Web Application
[08:55:56] src.services.analytics_service INFO     Analytics Service inicializado
[08:55:56] src.services.analytics_service INFO     Datos históricos cargados (simulado)
[08:55:56] src.services.analytics_service INFO     Analytics Service inicializado correctamente
[08:55:56] __main__             INFO     Sistema inicializado correctamente
[08:55:56] __main__             INFO     Iniciando sistema en modo: full
[08:55:56] __main__             INFO     Scanner Manager: Activo
[08:55:56] src.web.app          INFO     Iniciando servidor web en puerto 5000
[08:55:56] src.web.app          INFO     Servidor web iniciado
[08:55:56] __main__             INFO     Aplicación Web: http://localhost:5000
[08:55:56] src.services.analytics_service INFO     Iniciando bucle de analytics
[08:55:56] src.services.analytics_service INFO     Analytics Service iniciado
[08:55:56] src.services.analytics_service WARNING  ALERTA HIGH: Eficiencia baja: 47.0%
[08:55:56] __main__             INFO     Servicio de Analytics: Activo
[08:55:56] src.services.analytics_service WARNING  ALERTA MEDIUM: OEE bajo: 44.7%
[08:55:56] __main__             INFO     Sistema completo en ejecución...
[08:55:56] __main__             INFO     Presiona Ctrl+C para detener
[08:56:26] src.services.analytics_service WARNING  ALERTA HIGH: Eficiencia baja: 47.0%
[08:56:26] src.services.analytics_service WARNING  ALERTA MEDIUM: OEE bajo: 44.7%
[08:56:56] src.services.analytics_service WARNING  ALERTA HIGH: Eficiencia baja: 47.0%
[08:56:56] src.services.analytics_service WARNING  ALERTA MEDIUM: OEE bajo: 44.7%
[08:57:01] src.hardware.serial_interface ERROR    Error leyendo del puerto serie: ClearCommError failed (PermissionError(13, 'El dispositivo no reconoce el comando.', None, 22))
[08:57:26] src.services.analytics_service WARNING  ALERTA HIGH: Eficiencia baja: 47.0%
[08:57:26] src.services.analytics_service WARNING  ALERTA MEDIUM: OEE bajo: 44.7%
[08:57:56] src.services.analytics_service WARNING  ALERTA HIGH: Eficiencia baja: 47.0%
[08:57:56] src.services.analytics_service WARNING  ALERTA MEDIUM: OEE bajo: 44.7%
[08:58:26] src.services.analytics_service WARNING  ALERTA HIGH: Eficiencia baja: 47.0%
[08:58:26] src.services.analytics_service WARNING  ALERTA MEDIUM: OEE bajo: 44.7%
[08:58:56] src.services.analytics_service WARNING  ALERTA HIGH: Eficiencia baja: 47.0%
[08:58:56] src.services.analytics_service WARNING  ALERTA MEDIUM: OEE bajo: 44.7%
[08:59:26] src.services.analytics_service WARNING  ALERTA HIGH: Eficiencia baja: 47.0%
[08:59:26] src.services.analytics_service WARNING  ALERTA MEDIUM: OEE bajo: 44.7%
[08:59:56] src.services.analytics_service WARNING  ALERTA HIGH: Eficiencia baja: 47.0%
[08:59:56] src.services.analytics_service WARNING  ALERTA MEDIUM: OEE bajo: 44.7%
[09:00:26] src.services.analytics_service WARNING  ALERTA HIGH: Eficiencia baja: 47.0%
[09:00:26] src.services.analytics_service WARNING  ALERTA MEDIUM: OEE bajo: 44.7%
[09:00:56] src.services.analytics_service WARNING  ALERTA HIGH: Eficiencia baja: 47.0%
[09:00:56] src.services.analytics_service WARNING  ALERTA MEDIUM: OEE bajo: 44.7%
[09:01:26] src.services.analytics_service WARNING  ALERTA HIGH: Eficiencia baja: 47.0%
[09:01:26] src.services.analytics_service WARNING  ALERTA MEDIUM: OEE bajo: 44.7%
[09:01:56] src.services.analytics_service WARNING  ALERTA HIGH: Eficiencia baja: 47.0%
[09:01:56] src.services.analytics_service WARNING  ALERTA MEDIUM: OEE bajo: 44.7%
[09:02:26] src.services.analytics_service WARNING  ALERTA HIGH: Eficiencia baja: 47.0%
[09:02:26] src.services.analytics_service WARNING  ALERTA MEDIUM: OEE bajo: 44.7%
[09:03:18] src.utils.logger     INFO     Sistema de logging Johnson Controls inicializado
[09:03:18] src.utils.logger     INFO     Nivel: INFO, Directorio: data\logs
[09:03:18] __main__             INFO     ============================================================
[09:03:18] __main__             INFO     JOHNSON CONTROLS - Sistema de Seguimiento Industrial
[09:03:18] __main__             INFO     Version 2.0 - Arquitectura Modular
[09:03:18] __main__             INFO     ============================================================
[09:03:18] __main__             INFO     Inicializando sistema...
[09:03:18] __main__             INFO     Planta: Planta Durango - Desarrollo (JCI_MX_DEV_001)
[09:03:18] __main__             INFO     Departamento: Manufactura - Testing
[09:03:18] __main__             INFO     Ambiente: development
[09:03:18] __main__             INFO     Puerto Serie: COM5
[09:03:18] __main__             INFO     Puerto Web: 5000
[09:03:18] __main__             INFO     Modo: full
[09:03:18] __main__             INFO     Directorios verificados/creados
[09:03:18] src.services.data_sync_service INFO     Data Sync Service inicializado
[09:03:18] src.services.analytics_service INFO     Analytics Service inicializado
[09:03:18] src.services.notification_service INFO     Notification Service inicializado
[09:03:18] src.core.scanner_manager INFO     Scanner Manager inicializado
[09:03:18] src.core.scanner_manager INFO     Iniciando sistema de escaneo Johnson Controls...
[09:03:18] src.services.data_sync_service INFO     Cargados 0 productos
[09:03:18] src.core.scanner_manager INFO     Cargados 0 productos existentes
[09:03:18] src.hardware.serial_interface INFO     Serial Interface inicializada para puerto COM5 @ 9600 baud
[09:03:18] src.hardware.zebra_scanner INFO     Zebra Scanner DS3678 inicializado para puerto COM5
[09:03:18] src.hardware.zebra_scanner INFO     Conectando a Zebra DS3678 en COM5...
[09:03:18] src.hardware.serial_interface INFO     Conectando a puerto serie COM5...
[09:03:18] src.hardware.serial_interface ERROR    Error de puerto serie: could not open port 'COM5': FileNotFoundError(2, 'El sistema no puede encontrar el archivo especificado.', None, 2)
[09:03:18] src.hardware.zebra_scanner ERROR    Error conectando interface serie
[09:03:18] src.core.scanner_manager WARNING  No se pudo conectar al escáner
[09:03:18] src.core.scanner_manager WARNING  Hardware no disponible - Modo simulación activado
[09:03:18] src.services.data_sync_service INFO     Estado inicial cargado correctamente
[09:03:18] src.services.data_sync_service WARNING  Inconsistencia de datos: JSON=12, Excel=0
[09:03:18] src.services.data_sync_service INFO     Verificación de integridad completada
[09:03:18] src.services.data_sync_service INFO     Data Sync Service inicializado correctamente
[09:03:18] src.services.analytics_service INFO     Datos históricos cargados (simulado)
[09:03:18] src.services.analytics_service INFO     Analytics Service inicializado correctamente
[09:03:18] src.services.notification_service INFO     Notification Service inicializado correctamente
[09:03:18] src.core.scanner_manager INFO     Iniciando bucle de lectura del escáner
[09:03:18] src.core.scanner_manager INFO     Hilo de lectura del escáner iniciado
[09:03:18] src.core.scanner_manager INFO     Iniciando bucle de procesamiento de comandos
[09:03:18] src.core.scanner_manager INFO     Hilo de procesamiento de comandos iniciado
[09:03:18] src.core.scanner_manager INFO     Iniciando bucle de monitoreo de conexión
[09:03:18] src.core.scanner_manager INFO     Hilo de monitoreo de conexión iniciado
[09:03:18] src.core.scanner_manager INFO     Sistema de escaneo inicializado correctamente
[09:03:18] src.web.app          INFO     Web Application inicializada con archivos estáticos
[09:03:18] src.web.app          INFO     WebApplication Extension inicializada
[09:03:18] src.web.app          INFO     WebApplication extension aplicada exitosamente
[09:03:18] src.web.app          INFO     APIs registradas: data, control, analytics
[09:03:18] src.web.app          INFO     Web Application configurada correctamente
[09:03:18] src.web.app          INFO     Scanner Manager configurado en Web Application
[09:03:18] src.services.analytics_service INFO     Analytics Service inicializado
[09:03:18] src.services.analytics_service INFO     Datos históricos cargados (simulado)
[09:03:18] src.services.analytics_service INFO     Analytics Service inicializado correctamente
[09:03:18] __main__             INFO     Sistema inicializado correctamente
[09:03:18] __main__             INFO     Iniciando sistema en modo: full
[09:03:18] __main__             INFO     Scanner Manager: Activo
[09:03:18] src.web.app          INFO     Iniciando servidor web en puerto 5000
[09:03:18] src.web.app          INFO     Servidor web iniciado
[09:03:18] __main__             INFO     Aplicación Web: http://localhost:5000
[09:03:18] src.services.analytics_service INFO     Iniciando bucle de analytics
[09:03:18] src.services.analytics_service WARNING  ALERTA HIGH: Eficiencia baja: 47.0%
[09:03:18] src.services.analytics_service INFO     Analytics Service iniciado
[09:03:18] src.services.analytics_service WARNING  ALERTA MEDIUM: OEE bajo: 44.7%
[09:03:18] __main__             INFO     Servicio de Analytics: Activo
[09:03:18] __main__             INFO     Sistema completo en ejecución...
[09:03:18] __main__             INFO     Presiona Ctrl+C para detener
[09:03:48] src.services.analytics_service WARNING  ALERTA HIGH: Eficiencia baja: 47.0%
[09:03:48] src.services.analytics_service WARNING  ALERTA MEDIUM: OEE bajo: 44.7%
[09:04:18] src.services.analytics_service WARNING  ALERTA HIGH: Eficiencia baja: 47.0%
[09:04:18] src.services.analytics_service WARNING  ALERTA MEDIUM: OEE bajo: 44.7%
[09:04:48] src.services.analytics_service WARNING  ALERTA HIGH: Eficiencia baja: 47.0%
[09:04:48] src.services.analytics_service WARNING  ALERTA MEDIUM: OEE bajo: 44.7%
[09:05:18] src.services.analytics_service WARNING  ALERTA HIGH: Eficiencia baja: 47.0%
[09:05:18] src.services.analytics_service WARNING  ALERTA MEDIUM: OEE bajo: 44.7%
[09:05:48] src.services.analytics_service WARNING  ALERTA HIGH: Eficiencia baja: 47.0%
[09:05:48] src.services.analytics_service WARNING  ALERTA MEDIUM: OEE bajo: 44.7%
[09:06:18] src.services.analytics_service WARNING  ALERTA HIGH: Eficiencia baja: 47.0%
[09:06:18] src.services.analytics_service WARNING  ALERTA MEDIUM: OEE bajo: 44.7%
[09:06:48] src.services.analytics_service WARNING  ALERTA HIGH: Eficiencia baja: 47.0%
[09:06:48] src.services.analytics_service WARNING  ALERTA MEDIUM: OEE bajo: 44.7%
[09:07:18] src.services.analytics_service WARNING  ALERTA HIGH: Eficiencia baja: 47.0%
[09:07:18] src.services.analytics_service WARNING  ALERTA MEDIUM: OEE bajo: 44.7%
[09:07:48] src.services.analytics_service WARNING  ALERTA HIGH: Eficiencia baja: 47.0%
[09:07:48] src.services.analytics_service WARNING  ALERTA MEDIUM: OEE bajo: 44.7%
[09:08:18] src.services.analytics_service WARNING  ALERTA HIGH: Eficiencia baja: 47.0%
[09:08:18] src.services.analytics_service WARNING  ALERTA MEDIUM: OEE bajo: 44.7%
[09:08:48] src.services.analytics_service WARNING  ALERTA HIGH: Eficiencia baja: 47.0%
[09:08:48] src.services.analytics_service WARNING  ALERTA MEDIUM: OEE bajo: 44.7%
[09:09:18] src.services.analytics_service WARNING  ALERTA HIGH: Eficiencia baja: 47.0%
[09:09:18] src.services.analytics_service WARNING  ALERTA MEDIUM: OEE bajo: 44.7%
[09:09:48] src.services.analytics_service WARNING  ALERTA HIGH: Eficiencia baja: 47.0%
[09:09:48] src.services.analytics_service WARNING  ALERTA MEDIUM: OEE bajo: 44.7%
[09:10:18] src.services.analytics_service WARNING  ALERTA HIGH: Eficiencia baja: 47.0%
[09:10:18] src.services.analytics_service WARNING  ALERTA MEDIUM: OEE bajo: 44.7%
[09:10:48] src.services.analytics_service WARNING  ALERTA HIGH: Eficiencia baja: 47.0%
[09:10:48] src.services.analytics_service WARNING  ALERTA MEDIUM: OEE bajo: 44.7%
[09:11:18] src.services.analytics_service WARNING  ALERTA HIGH: Eficiencia baja: 47.0%
[09:11:18] src.services.analytics_service WARNING  ALERTA MEDIUM: OEE bajo: 44.7%
[09:11:48] src.services.analytics_service WARNING  ALERTA HIGH: Eficiencia baja: 47.0%
[09:11:48] src.services.analytics_service WARNING  ALERTA MEDIUM: OEE bajo: 44.7%
[09:12:19] src.utils.logger     INFO     Sistema de logging Johnson Controls inicializado
[09:12:19] src.utils.logger     INFO     Nivel: DEBUG, Directorio: data\logs
[09:12:19] __main__             INFO     ============================================================
[09:12:19] __main__             INFO     JOHNSON CONTROLS - Sistema de Seguimiento Industrial
[09:12:19] __main__             INFO     Version 2.0 - Arquitectura Modular
[09:12:19] __main__             INFO     ============================================================
[09:12:19] __main__             INFO     Inicializando sistema...
[09:12:19] __main__             INFO     Planta: Planta Durango - Desarrollo (JCI_MX_DEV_001)
[09:12:19] __main__             INFO     Departamento: Manufactura - Testing
[09:12:19] __main__             INFO     Ambiente: development
[09:12:19] __main__             INFO     Puerto Serie: COM5
[09:12:19] __main__             INFO     Puerto Web: 5000
[09:12:19] __main__             INFO     Modo: full
[09:12:19] __main__             INFO     Directorios verificados/creados
[09:12:19] src.services.data_sync_service INFO     Data Sync Service inicializado
[09:12:19] src.services.analytics_service INFO     Analytics Service inicializado
[09:12:19] src.services.notification_service INFO     Notification Service inicializado
[09:12:19] src.core.scanner_manager INFO     Scanner Manager inicializado
[09:12:19] src.core.scanner_manager INFO     Iniciando sistema de escaneo Johnson Controls...
[09:12:19] src.services.data_sync_service INFO     Cargados 0 productos
[09:12:19] src.core.scanner_manager INFO     Cargados 0 productos existentes
[09:12:19] src.hardware.serial_interface INFO     Serial Interface inicializada para puerto COM5 @ 9600 baud
[09:12:19] src.hardware.zebra_scanner INFO     Zebra Scanner DS3678 inicializado para puerto COM5
[09:12:19] src.hardware.zebra_scanner INFO     Conectando a Zebra DS3678 en COM5...
[09:12:19] src.hardware.zebra_scanner DEBUG    Estado del escáner: Desconectado -> Conectando
[09:12:19] src.hardware.serial_interface INFO     Conectando a puerto serie COM5...
[09:12:19] src.hardware.serial_interface DEBUG    Estado serie: Desconectado -> Conectando
[09:12:19] src.hardware.serial_interface DEBUG    Estado serie: Conectando -> Conectado
[09:12:19] src.hardware.serial_interface INFO     Conectado exitosamente a COM5
[09:12:19] src.hardware.serial_interface DEBUG    Enviados 10 bytes: b'<K100,1>\r\n'
[09:12:19] src.hardware.serial_interface DEBUG    Enviados 10 bytes: b'<K200,1>\r\n'
[09:12:19] src.hardware.serial_interface DEBUG    Enviados 3 bytes: b'?\r\n'
[09:12:19] src.hardware.zebra_scanner WARNING  No se pudo verificar comunicación con Zebra DS3678
[09:12:19] src.hardware.serial_interface DEBUG    Enviados 10 bytes: b'<K204,1>\r\n'
[09:12:19] src.hardware.serial_interface DEBUG    Enviados 10 bytes: b'<K205,1>\r\n'
[09:12:19] src.hardware.serial_interface DEBUG    Enviados 10 bytes: b'<K100,0>\r\n'
[09:12:19] src.hardware.serial_interface DEBUG    Enviados 14 bytes: b'<K233,13,10>\r\n'
[09:12:19] src.hardware.serial_interface DEBUG    Enviados 10 bytes: b'<K470,1>\r\n'
[09:12:19] src.hardware.serial_interface DEBUG    Enviados 10 bytes: b'<K480,1>\r\n'
[09:12:19] src.hardware.serial_interface DEBUG    Enviados 10 bytes: b'<K491,1>\r\n'
[09:12:19] src.hardware.serial_interface DEBUG    Enviados 10 bytes: b'<K492,1>\r\n'
[09:12:19] src.hardware.serial_interface DEBUG    Enviados 10 bytes: b'<K544,1>\r\n'
[09:12:19] src.hardware.zebra_scanner INFO     Configuración de Zebra DS3678 aplicada
[09:12:19] src.hardware.zebra_scanner DEBUG    Estado del escáner: Conectando -> Conectado
[09:12:19] src.hardware.zebra_scanner INFO     Zebra DS3678 conectado exitosamente
[09:12:19] src.core.scanner_manager INFO     Escáner Zebra conectado en COM5
[09:12:19] src.services.data_sync_service INFO     Estado inicial cargado correctamente
[09:12:19] src.services.data_sync_service WARNING  Inconsistencia de datos: JSON=12, Excel=0
[09:12:19] src.services.data_sync_service DEBUG    Datos sincronizados a Excel
[09:12:19] src.services.data_sync_service INFO     Verificación de integridad completada
[09:12:19] src.services.data_sync_service INFO     Data Sync Service inicializado correctamente
[09:12:19] src.services.analytics_service INFO     Datos históricos cargados (simulado)
[09:12:19] src.services.analytics_service INFO     Analytics Service inicializado correctamente
[09:12:19] src.services.notification_service DEBUG    Callback registrado para critical
[09:12:19] src.services.notification_service INFO     Notification Service inicializado correctamente
[09:12:19] src.core.scanner_manager INFO     Iniciando bucle de lectura del escáner
[09:12:19] src.core.scanner_manager INFO     Hilo de lectura del escáner iniciado
[09:12:19] src.core.scanner_manager INFO     Iniciando bucle de procesamiento de comandos
[09:12:19] src.core.scanner_manager INFO     Hilo de procesamiento de comandos iniciado
[09:12:19] src.core.scanner_manager INFO     Iniciando bucle de monitoreo de conexión
[09:12:19] src.core.scanner_manager INFO     Hilo de monitoreo de conexión iniciado
[09:12:19] src.core.scanner_manager DEBUG    Verificando estado del escáner... (intervalo: 3s)
[09:12:19] src.core.scanner_manager INFO     Sistema de escaneo inicializado correctamente
[09:12:19] src.web.app          INFO     Web Application inicializada con archivos estáticos
[09:12:19] src.web.app          INFO     WebApplication Extension inicializada
[09:12:19] src.web.app          INFO     WebApplication extension aplicada exitosamente
[09:12:19] src.web.app          INFO     APIs registradas: data, control, analytics
[09:12:19] src.web.app          INFO     Web Application configurada correctamente
[09:12:19] src.web.app          INFO     Scanner Manager configurado en Web Application
[09:12:19] src.services.analytics_service INFO     Analytics Service inicializado
[09:12:19] src.services.analytics_service INFO     Datos históricos cargados (simulado)
[09:12:19] src.services.analytics_service INFO     Analytics Service inicializado correctamente
[09:12:19] __main__             INFO     Sistema inicializado correctamente
[09:12:19] __main__             INFO     Iniciando sistema en modo: full
[09:12:19] src.core.scanner_manager DEBUG    test_connection() retornó: True
[09:12:19] __main__             INFO     Scanner Manager: Activo
[09:12:19] src.core.scanner_manager DEBUG    Estado anterior: True, Estado actual: True
[09:12:19] src.core.scanner_manager DEBUG    Estado del escáner sin cambios: conectado
[09:12:19] src.web.app          INFO     Iniciando servidor web en puerto 5000
[09:12:19] src.web.app          INFO     Servidor web iniciado
[09:12:19] __main__             INFO     Aplicación Web: http://localhost:5000
[09:12:19] src.services.analytics_service INFO     Iniciando bucle de analytics
[09:12:19] src.services.analytics_service INFO     Analytics Service iniciado
[09:12:19] src.services.analytics_service DEBUG    Análisis completo realizado
[09:12:19] src.services.analytics_service WARNING  ALERTA HIGH: Eficiencia baja: 47.0%
[09:12:19] __main__             INFO     Servicio de Analytics: Activo
[09:12:19] src.services.analytics_service WARNING  ALERTA MEDIUM: OEE bajo: 44.7%
[09:12:19] __main__             INFO     Sistema completo en ejecución...
[09:12:19] __main__             INFO     Presiona Ctrl+C para detener
[09:12:22] src.core.scanner_manager DEBUG    Verificando estado del escáner... (intervalo: 3s)
[09:12:22] src.core.scanner_manager DEBUG    test_connection() retornó: True
[09:12:22] src.core.scanner_manager DEBUG    Estado anterior: True, Estado actual: True
[09:12:22] src.core.scanner_manager DEBUG    Estado del escáner sin cambios: conectado
[09:12:25] src.core.scanner_manager DEBUG    Verificando estado del escáner... (intervalo: 3s)
[09:12:25] src.core.scanner_manager DEBUG    test_connection() retornó: True
[09:12:25] src.core.scanner_manager DEBUG    Estado anterior: True, Estado actual: True
[09:12:25] src.core.scanner_manager DEBUG    Estado del escáner sin cambios: conectado
[09:12:28] src.core.scanner_manager DEBUG    Verificando estado del escáner... (intervalo: 3s)
[09:12:28] src.core.scanner_manager DEBUG    test_connection() retornó: True
[09:12:28] src.core.scanner_manager DEBUG    Estado anterior: True, Estado actual: True
[09:12:28] src.core.scanner_manager DEBUG    Estado del escáner sin cambios: conectado
[09:12:31] src.core.scanner_manager DEBUG    Verificando estado del escáner... (intervalo: 3s)
[09:12:31] src.core.scanner_manager DEBUG    test_connection() retornó: True
[09:12:31] src.core.scanner_manager DEBUG    Estado anterior: True, Estado actual: True
[09:12:31] src.core.scanner_manager DEBUG    Estado del escáner sin cambios: conectado
[09:12:34] src.core.scanner_manager DEBUG    Verificando estado del escáner... (intervalo: 3s)
[09:12:34] src.core.scanner_manager DEBUG    test_connection() retornó: True
[09:12:34] src.core.scanner_manager DEBUG    Estado anterior: True, Estado actual: True
[09:12:34] src.core.scanner_manager DEBUG    Estado del escáner sin cambios: conectado
[09:12:37] src.core.scanner_manager DEBUG    Verificando estado del escáner... (intervalo: 3s)
[09:12:37] src.core.scanner_manager DEBUG    test_connection() retornó: True
[09:12:37] src.core.scanner_manager DEBUG    Estado anterior: True, Estado actual: True
[09:12:37] src.core.scanner_manager DEBUG    Estado del escáner sin cambios: conectado
[09:12:40] src.core.scanner_manager DEBUG    Verificando estado del escáner... (intervalo: 3s)
[09:12:40] src.core.scanner_manager DEBUG    test_connection() retornó: True
[09:12:40] src.core.scanner_manager DEBUG    Estado anterior: True, Estado actual: True
[09:12:40] src.core.scanner_manager DEBUG    Estado del escáner sin cambios: conectado
[09:12:43] src.core.scanner_manager DEBUG    Verificando estado del escáner... (intervalo: 3s)
[09:12:43] src.core.scanner_manager DEBUG    test_connection() retornó: True
[09:12:43] src.core.scanner_manager DEBUG    Estado anterior: True, Estado actual: True
[09:12:43] src.core.scanner_manager DEBUG    Estado del escáner sin cambios: conectado
[09:12:46] src.core.scanner_manager DEBUG    Verificando estado del escáner... (intervalo: 3s)
[09:12:46] src.core.scanner_manager DEBUG    test_connection() retornó: True
[09:12:46] src.core.scanner_manager DEBUG    Estado anterior: True, Estado actual: True
[09:12:46] src.core.scanner_manager DEBUG    Estado del escáner sin cambios: conectado
[09:12:49] src.hardware.serial_interface ERROR    Error leyendo del puerto serie: ClearCommError failed (PermissionError(13, 'El dispositivo no reconoce el comando.', None, 22))
[09:12:49] src.hardware.serial_interface DEBUG    Estado serie: Conectado -> Error
[09:12:49] src.services.analytics_service DEBUG    Análisis completo realizado
[09:12:49] src.services.analytics_service WARNING  ALERTA HIGH: Eficiencia baja: 47.0%
[09:12:49] src.services.analytics_service WARNING  ALERTA MEDIUM: OEE bajo: 44.7%
[09:12:49] src.core.scanner_manager DEBUG    Verificando estado del escáner... (intervalo: 3s)
[09:12:49] src.hardware.zebra_scanner DEBUG    Prueba de conexión serie falló
[09:12:49] src.hardware.zebra_scanner DEBUG    Estado del escáner: Conectado -> Desconectado
[09:12:49] src.core.scanner_manager DEBUG    test_connection() retornó: False
[09:12:49] src.core.scanner_manager DEBUG    Estado anterior: True, Estado actual: False
[09:12:49] src.core.scanner_manager INFO     🔄 Estado del escáner cambió: desconectado
[09:12:49] src.services.data_sync_service DEBUG    Estado del escáner actualizado: desconectado
[09:12:49] src.core.scanner_manager WARNING  ⚠️ Escáner desconectado - Verificar conexión física
[09:12:52] src.core.scanner_manager DEBUG    Verificando estado del escáner... (intervalo: 3s)
[09:12:52] src.hardware.zebra_scanner DEBUG    Prueba de conexión serie falló
[09:12:52] src.core.scanner_manager DEBUG    test_connection() retornó: False
[09:12:52] src.core.scanner_manager DEBUG    Estado anterior: False, Estado actual: False
[09:12:52] src.core.scanner_manager DEBUG    Estado del escáner sin cambios: desconectado
[09:12:55] src.core.scanner_manager DEBUG    Verificando estado del escáner... (intervalo: 3s)
[09:12:55] src.hardware.zebra_scanner DEBUG    Prueba de conexión serie falló
[09:12:55] src.core.scanner_manager DEBUG    test_connection() retornó: False
[09:12:55] src.core.scanner_manager DEBUG    Estado anterior: False, Estado actual: False
[09:12:55] src.core.scanner_manager DEBUG    Estado del escáner sin cambios: desconectado
[09:12:58] src.core.scanner_manager DEBUG    Verificando estado del escáner... (intervalo: 3s)
[09:12:58] src.hardware.zebra_scanner DEBUG    Prueba de conexión serie falló
[09:12:58] src.core.scanner_manager DEBUG    test_connection() retornó: False
[09:12:58] src.core.scanner_manager DEBUG    Estado anterior: False, Estado actual: False
[09:12:58] src.core.scanner_manager DEBUG    Estado del escáner sin cambios: desconectado
[09:13:01] src.core.scanner_manager DEBUG    Verificando estado del escáner... (intervalo: 3s)
[09:13:01] src.hardware.zebra_scanner DEBUG    Prueba de conexión serie falló
[09:13:01] src.core.scanner_manager DEBUG    test_connection() retornó: False
[09:13:01] src.core.scanner_manager DEBUG    Estado anterior: False, Estado actual: False
[09:13:01] src.core.scanner_manager DEBUG    Estado del escáner sin cambios: desconectado
[09:13:04] src.core.scanner_manager DEBUG    Verificando estado del escáner... (intervalo: 3s)
[09:13:04] src.hardware.zebra_scanner DEBUG    Prueba de conexión serie falló
[09:13:04] src.core.scanner_manager DEBUG    test_connection() retornó: False
[09:13:04] src.core.scanner_manager DEBUG    Estado anterior: False, Estado actual: False
[09:13:04] src.core.scanner_manager DEBUG    Estado del escáner sin cambios: desconectado
[09:13:07] src.core.scanner_manager DEBUG    Verificando estado del escáner... (intervalo: 3s)
[09:13:07] src.hardware.zebra_scanner DEBUG    Prueba de conexión serie falló
[09:13:07] src.core.scanner_manager DEBUG    test_connection() retornó: False
[09:13:07] src.core.scanner_manager DEBUG    Estado anterior: False, Estado actual: False
[09:13:07] src.core.scanner_manager DEBUG    Estado del escáner sin cambios: desconectado
[09:13:10] src.core.scanner_manager DEBUG    Verificando estado del escáner... (intervalo: 3s)
[09:13:10] src.hardware.zebra_scanner DEBUG    Prueba de conexión serie falló
[09:13:10] src.core.scanner_manager DEBUG    test_connection() retornó: False
[09:13:10] src.core.scanner_manager DEBUG    Estado anterior: False, Estado actual: False
[09:13:10] src.core.scanner_manager DEBUG    Estado del escáner sin cambios: desconectado
[09:13:13] src.core.scanner_manager DEBUG    Verificando estado del escáner... (intervalo: 3s)
[09:13:13] src.hardware.zebra_scanner DEBUG    Prueba de conexión serie falló
[09:13:13] src.core.scanner_manager DEBUG    test_connection() retornó: False
[09:13:13] src.core.scanner_manager DEBUG    Estado anterior: False, Estado actual: False
[09:13:13] src.core.scanner_manager DEBUG    Estado del escáner sin cambios: desconectado
[09:13:16] src.core.scanner_manager DEBUG    Verificando estado del escáner... (intervalo: 3s)
[09:13:16] src.hardware.zebra_scanner DEBUG    Prueba de conexión serie falló
[09:13:16] src.core.scanner_manager DEBUG    test_connection() retornó: False
[09:13:16] src.core.scanner_manager DEBUG    Estado anterior: False, Estado actual: False
[09:13:16] src.core.scanner_manager DEBUG    Estado del escáner sin cambios: desconectado
[09:13:19] src.services.analytics_service DEBUG    Análisis completo realizado
[09:13:19] src.services.analytics_service WARNING  ALERTA HIGH: Eficiencia baja: 47.0%
[09:13:19] src.services.analytics_service WARNING  ALERTA MEDIUM: OEE bajo: 44.7%
[09:13:19] src.core.scanner_manager DEBUG    Verificando estado del escáner... (intervalo: 3s)
[09:13:19] src.hardware.zebra_scanner DEBUG    Prueba de conexión serie falló
[09:13:19] src.core.scanner_manager DEBUG    test_connection() retornó: False
[09:13:19] src.core.scanner_manager DEBUG    Estado anterior: False, Estado actual: False
[09:13:19] src.core.scanner_manager DEBUG    Estado del escáner sin cambios: desconectado
[09:13:22] src.core.scanner_manager DEBUG    Verificando estado del escáner... (intervalo: 3s)
[09:13:22] src.hardware.zebra_scanner DEBUG    Prueba de conexión serie falló
[09:13:22] src.core.scanner_manager DEBUG    test_connection() retornó: False
[09:13:22] src.core.scanner_manager DEBUG    Estado anterior: False, Estado actual: False
[09:13:22] src.core.scanner_manager DEBUG    Estado del escáner sin cambios: desconectado
[09:13:25] src.core.scanner_manager DEBUG    Verificando estado del escáner... (intervalo: 3s)
[09:13:25] src.hardware.zebra_scanner DEBUG    Prueba de conexión serie falló
[09:13:25] src.core.scanner_manager DEBUG    test_connection() retornó: False
[09:13:25] src.core.scanner_manager DEBUG    Estado anterior: False, Estado actual: False
[09:13:25] src.core.scanner_manager DEBUG    Estado del escáner sin cambios: desconectado
[09:13:28] src.core.scanner_manager DEBUG    Verificando estado del escáner... (intervalo: 3s)
[09:13:28] src.hardware.zebra_scanner DEBUG    Prueba de conexión serie falló
[09:13:28] src.core.scanner_manager DEBUG    test_connection() retornó: False
[09:13:28] src.core.scanner_manager DEBUG    Estado anterior: False, Estado actual: False
[09:13:28] src.core.scanner_manager DEBUG    Estado del escáner sin cambios: desconectado
[09:13:32] src.core.scanner_manager DEBUG    Verificando estado del escáner... (intervalo: 3s)
[09:13:32] src.hardware.zebra_scanner DEBUG    Prueba de conexión serie falló
[09:13:32] src.core.scanner_manager DEBUG    test_connection() retornó: False
[09:13:32] src.core.scanner_manager DEBUG    Estado anterior: False, Estado actual: False
[09:13:32] src.core.scanner_manager DEBUG    Estado del escáner sin cambios: desconectado
[09:13:35] src.core.scanner_manager DEBUG    Verificando estado del escáner... (intervalo: 3s)
[09:13:35] src.hardware.zebra_scanner DEBUG    Prueba de conexión serie falló
[09:13:35] src.core.scanner_manager DEBUG    test_connection() retornó: False
[09:13:35] src.core.scanner_manager DEBUG    Estado anterior: False, Estado actual: False
[09:13:35] src.core.scanner_manager DEBUG    Estado del escáner sin cambios: desconectado
[09:13:38] src.core.scanner_manager DEBUG    Verificando estado del escáner... (intervalo: 3s)
[09:13:38] src.hardware.zebra_scanner DEBUG    Prueba de conexión serie falló
[09:13:38] src.core.scanner_manager DEBUG    test_connection() retornó: False
[09:13:38] src.core.scanner_manager DEBUG    Estado anterior: False, Estado actual: False
[09:13:38] src.core.scanner_manager DEBUG    Estado del escáner sin cambios: desconectado
[09:13:41] src.core.scanner_manager DEBUG    Verificando estado del escáner... (intervalo: 3s)
[09:13:41] src.hardware.zebra_scanner DEBUG    Prueba de conexión serie falló
[09:13:41] src.core.scanner_manager DEBUG    test_connection() retornó: False
[09:13:41] src.core.scanner_manager DEBUG    Estado anterior: False, Estado actual: False
[09:13:41] src.core.scanner_manager DEBUG    Estado del escáner sin cambios: desconectado
[09:13:44] src.core.scanner_manager DEBUG    Verificando estado del escáner... (intervalo: 3s)
[09:13:44] src.hardware.zebra_scanner DEBUG    Prueba de conexión serie falló
[09:13:44] src.core.scanner_manager DEBUG    test_connection() retornó: False
[09:13:44] src.core.scanner_manager DEBUG    Estado anterior: False, Estado actual: False
[09:13:44] src.core.scanner_manager DEBUG    Estado del escáner sin cambios: desconectado
[09:13:47] src.core.scanner_manager DEBUG    Verificando estado del escáner... (intervalo: 3s)
[09:13:47] src.hardware.zebra_scanner DEBUG    Prueba de conexión serie falló
[09:13:47] src.core.scanner_manager DEBUG    test_connection() retornó: False
[09:13:47] src.core.scanner_manager DEBUG    Estado anterior: False, Estado actual: False
[09:13:47] src.core.scanner_manager DEBUG    Estado del escáner sin cambios: desconectado
[09:13:49] src.services.analytics_service DEBUG    Análisis completo realizado
[09:13:49] src.services.analytics_service WARNING  ALERTA HIGH: Eficiencia baja: 47.0%
[09:13:49] src.services.analytics_service WARNING  ALERTA MEDIUM: OEE bajo: 44.7%
[09:13:50] src.core.scanner_manager DEBUG    Verificando estado del escáner... (intervalo: 3s)
[09:13:50] src.hardware.zebra_scanner DEBUG    Prueba de conexión serie falló
[09:13:50] src.core.scanner_manager DEBUG    test_connection() retornó: False
[09:13:50] src.core.scanner_manager DEBUG    Estado anterior: False, Estado actual: False
[09:13:50] src.core.scanner_manager DEBUG    Estado del escáner sin cambios: desconectado
[09:13:53] src.core.scanner_manager DEBUG    Verificando estado del escáner... (intervalo: 3s)
[09:13:53] src.hardware.zebra_scanner DEBUG    Prueba de conexión serie falló
[09:13:53] src.core.scanner_manager DEBUG    test_connection() retornó: False
[09:13:53] src.core.scanner_manager DEBUG    Estado anterior: False, Estado actual: False
[09:13:53] src.core.scanner_manager DEBUG    Estado del escáner sin cambios: desconectado
[09:13:56] src.core.scanner_manager DEBUG    Verificando estado del escáner... (intervalo: 3s)
[09:13:56] src.hardware.zebra_scanner DEBUG    Prueba de conexión serie falló
[09:13:56] src.core.scanner_manager DEBUG    test_connection() retornó: False
[09:13:56] src.core.scanner_manager DEBUG    Estado anterior: False, Estado actual: False
[09:13:56] src.core.scanner_manager DEBUG    Estado del escáner sin cambios: desconectado
[09:13:59] src.core.scanner_manager DEBUG    Verificando estado del escáner... (intervalo: 3s)
[09:13:59] src.hardware.zebra_scanner DEBUG    Prueba de conexión serie falló
[09:13:59] src.core.scanner_manager DEBUG    test_connection() retornó: False
[09:13:59] src.core.scanner_manager DEBUG    Estado anterior: False, Estado actual: False
[09:13:59] src.core.scanner_manager DEBUG    Estado del escáner sin cambios: desconectado
[09:14:02] src.core.scanner_manager DEBUG    Verificando estado del escáner... (intervalo: 3s)
[09:14:02] src.hardware.zebra_scanner DEBUG    Prueba de conexión serie falló
[09:14:02] src.core.scanner_manager DEBUG    test_connection() retornó: False
[09:14:02] src.core.scanner_manager DEBUG    Estado anterior: False, Estado actual: False
[09:14:02] src.core.scanner_manager DEBUG    Estado del escáner sin cambios: desconectado
[09:14:05] src.core.scanner_manager DEBUG    Verificando estado del escáner... (intervalo: 3s)
[09:14:05] src.hardware.zebra_scanner DEBUG    Prueba de conexión serie falló
[09:14:05] src.core.scanner_manager DEBUG    test_connection() retornó: False
[09:14:05] src.core.scanner_manager DEBUG    Estado anterior: False, Estado actual: False
[09:14:05] src.core.scanner_manager DEBUG    Estado del escáner sin cambios: desconectado
[09:14:08] src.core.scanner_manager DEBUG    Verificando estado del escáner... (intervalo: 3s)
[09:14:08] src.hardware.zebra_scanner DEBUG    Prueba de conexión serie falló
[09:14:08] src.core.scanner_manager DEBUG    test_connection() retornó: False
[09:14:08] src.core.scanner_manager DEBUG    Estado anterior: False, Estado actual: False
[09:14:08] src.core.scanner_manager DEBUG    Estado del escáner sin cambios: desconectado
[09:14:11] src.core.scanner_manager DEBUG    Verificando estado del escáner... (intervalo: 3s)
[09:14:11] src.hardware.zebra_scanner DEBUG    Prueba de conexión serie falló
[09:14:11] src.core.scanner_manager DEBUG    test_connection() retornó: False
[09:14:11] src.core.scanner_manager DEBUG    Estado anterior: False, Estado actual: False
[09:14:11] src.core.scanner_manager DEBUG    Estado del escáner sin cambios: desconectado
[09:14:14] src.core.scanner_manager DEBUG    Verificando estado del escáner... (intervalo: 3s)
[09:14:14] src.hardware.zebra_scanner DEBUG    Prueba de conexión serie falló
[09:14:14] src.core.scanner_manager DEBUG    test_connection() retornó: False
[09:14:14] src.core.scanner_manager DEBUG    Estado anterior: False, Estado actual: False
[09:14:14] src.core.scanner_manager DEBUG    Estado del escáner sin cambios: desconectado
[09:14:17] src.core.scanner_manager DEBUG    Verificando estado del escáner... (intervalo: 3s)
[09:14:17] src.hardware.zebra_scanner DEBUG    Prueba de conexión serie falló
[09:14:17] src.core.scanner_manager DEBUG    test_connection() retornó: False
[09:14:17] src.core.scanner_manager DEBUG    Estado anterior: False, Estado actual: False
[09:14:17] src.core.scanner_manager DEBUG    Estado del escáner sin cambios: desconectado
[09:14:19] src.services.analytics_service DEBUG    Análisis completo realizado
[09:14:19] src.services.analytics_service WARNING  ALERTA HIGH: Eficiencia baja: 47.0%
[09:14:19] src.services.analytics_service WARNING  ALERTA MEDIUM: OEE bajo: 44.7%
[09:14:20] src.core.scanner_manager DEBUG    Verificando estado del escáner... (intervalo: 3s)
[09:14:20] src.hardware.zebra_scanner DEBUG    Prueba de conexión serie falló
[09:14:20] src.core.scanner_manager DEBUG    test_connection() retornó: False
[09:14:20] src.core.scanner_manager DEBUG    Estado anterior: False, Estado actual: False
[09:14:20] src.core.scanner_manager DEBUG    Estado del escáner sin cambios: desconectado
[09:14:23] src.core.scanner_manager DEBUG    Verificando estado del escáner... (intervalo: 3s)
[09:14:23] src.hardware.zebra_scanner DEBUG    Prueba de conexión serie falló
[09:14:23] src.core.scanner_manager DEBUG    test_connection() retornó: False
[09:14:23] src.core.scanner_manager DEBUG    Estado anterior: False, Estado actual: False
[09:14:23] src.core.scanner_manager DEBUG    Estado del escáner sin cambios: desconectado
[09:14:26] src.core.scanner_manager DEBUG    Verificando estado del escáner... (intervalo: 3s)
[09:14:26] src.hardware.zebra_scanner DEBUG    Prueba de conexión serie falló
[09:14:26] src.core.scanner_manager DEBUG    test_connection() retornó: False
[09:14:26] src.core.scanner_manager DEBUG    Estado anterior: False, Estado actual: False
[09:14:26] src.core.scanner_manager DEBUG    Estado del escáner sin cambios: desconectado
[09:14:29] src.core.scanner_manager DEBUG    Verificando estado del escáner... (intervalo: 3s)
[09:14:29] src.hardware.zebra_scanner DEBUG    Prueba de conexión serie falló
[09:14:29] src.core.scanner_manager DEBUG    test_connection() retornó: False
[09:14:29] src.core.scanner_manager DEBUG    Estado anterior: False, Estado actual: False
[09:14:29] src.core.scanner_manager DEBUG    Estado del escáner sin cambios: desconectado
[09:14:32] src.core.scanner_manager DEBUG    Verificando estado del escáner... (intervalo: 3s)
[09:14:32] src.hardware.zebra_scanner DEBUG    Prueba de conexión serie falló
[09:14:32] src.core.scanner_manager DEBUG    test_connection() retornó: False
[09:14:32] src.core.scanner_manager DEBUG    Estado anterior: False, Estado actual: False
[09:14:32] src.core.scanner_manager DEBUG    Estado del escáner sin cambios: desconectado
[09:14:35] src.core.scanner_manager DEBUG    Verificando estado del escáner... (intervalo: 3s)
[09:14:35] src.hardware.zebra_scanner DEBUG    Prueba de conexión serie falló
[09:14:35] src.core.scanner_manager DEBUG    test_connection() retornó: False
[09:14:35] src.core.scanner_manager DEBUG    Estado anterior: False, Estado actual: False
[09:14:35] src.core.scanner_manager DEBUG    Estado del escáner sin cambios: desconectado
[09:14:38] src.core.scanner_manager DEBUG    Verificando estado del escáner... (intervalo: 3s)
[09:14:38] src.hardware.zebra_scanner DEBUG    Prueba de conexión serie falló
[09:14:38] src.core.scanner_manager DEBUG    test_connection() retornó: False
[09:14:38] src.core.scanner_manager DEBUG    Estado anterior: False, Estado actual: False
[09:14:38] src.core.scanner_manager DEBUG    Estado del escáner sin cambios: desconectado
[09:14:41] src.core.scanner_manager DEBUG    Verificando estado del escáner... (intervalo: 3s)
[09:14:41] src.hardware.zebra_scanner DEBUG    Prueba de conexión serie falló
[09:14:41] src.core.scanner_manager DEBUG    test_connection() retornó: False
[09:14:41] src.core.scanner_manager DEBUG    Estado anterior: False, Estado actual: False
[09:14:41] src.core.scanner_manager DEBUG    Estado del escáner sin cambios: desconectado
[09:14:44] src.core.scanner_manager DEBUG    Verificando estado del escáner... (intervalo: 3s)
[09:14:44] src.hardware.zebra_scanner DEBUG    Prueba de conexión serie falló
[09:14:44] src.core.scanner_manager DEBUG    test_connection() retornó: False
[09:14:44] src.core.scanner_manager DEBUG    Estado anterior: False, Estado actual: False
[09:14:44] src.core.scanner_manager DEBUG    Estado del escáner sin cambios: desconectado
[09:14:47] src.core.scanner_manager DEBUG    Verificando estado del escáner... (intervalo: 3s)
[09:14:47] src.hardware.zebra_scanner DEBUG    Prueba de conexión serie falló
[09:14:47] src.core.scanner_manager DEBUG    test_connection() retornó: False
[09:14:47] src.core.scanner_manager DEBUG    Estado anterior: False, Estado actual: False
[09:14:47] src.core.scanner_manager DEBUG    Estado del escáner sin cambios: desconectado
[09:14:49] src.services.analytics_service DEBUG    Análisis completo realizado
[09:14:49] src.services.analytics_service WARNING  ALERTA HIGH: Eficiencia baja: 47.0%
[09:14:49] src.services.analytics_service WARNING  ALERTA MEDIUM: OEE bajo: 44.7%
[09:14:50] src.core.scanner_manager DEBUG    Verificando estado del escáner... (intervalo: 3s)
[09:14:50] src.hardware.zebra_scanner DEBUG    Prueba de conexión serie falló
[09:14:50] src.core.scanner_manager DEBUG    test_connection() retornó: False
[09:14:50] src.core.scanner_manager DEBUG    Estado anterior: False, Estado actual: False
[09:14:50] src.core.scanner_manager DEBUG    Estado del escáner sin cambios: desconectado
[09:14:53] src.core.scanner_manager DEBUG    Verificando estado del escáner... (intervalo: 3s)
[09:14:53] src.hardware.zebra_scanner DEBUG    Prueba de conexión serie falló
[09:14:53] src.core.scanner_manager DEBUG    test_connection() retornó: False
[09:14:53] src.core.scanner_manager DEBUG    Estado anterior: False, Estado actual: False
[09:14:53] src.core.scanner_manager DEBUG    Estado del escáner sin cambios: desconectado
[09:14:56] src.core.scanner_manager DEBUG    Verificando estado del escáner... (intervalo: 3s)
[09:14:56] src.hardware.zebra_scanner DEBUG    Prueba de conexión serie falló
[09:14:56] src.core.scanner_manager DEBUG    test_connection() retornó: False
[09:14:56] src.core.scanner_manager DEBUG    Estado anterior: False, Estado actual: False
[09:14:56] src.core.scanner_manager DEBUG    Estado del escáner sin cambios: desconectado
[09:14:59] src.core.scanner_manager DEBUG    Verificando estado del escáner... (intervalo: 3s)
[09:14:59] src.hardware.zebra_scanner DEBUG    Prueba de conexión serie falló
[09:14:59] src.core.scanner_manager DEBUG    test_connection() retornó: False
[09:14:59] src.core.scanner_manager DEBUG    Estado anterior: False, Estado actual: False
[09:14:59] src.core.scanner_manager DEBUG    Estado del escáner sin cambios: desconectado
[09:15:02] src.core.scanner_manager DEBUG    Verificando estado del escáner... (intervalo: 3s)
[09:15:02] src.hardware.zebra_scanner DEBUG    Prueba de conexión serie falló
[09:15:02] src.core.scanner_manager DEBUG    test_connection() retornó: False
[09:15:02] src.core.scanner_manager DEBUG    Estado anterior: False, Estado actual: False
[09:15:02] src.core.scanner_manager DEBUG    Estado del escáner sin cambios: desconectado
[09:15:05] src.core.scanner_manager DEBUG    Verificando estado del escáner... (intervalo: 3s)
[09:15:05] src.hardware.zebra_scanner DEBUG    Prueba de conexión serie falló
[09:15:05] src.core.scanner_manager DEBUG    test_connection() retornó: False
[09:15:05] src.core.scanner_manager DEBUG    Estado anterior: False, Estado actual: False
[09:15:05] src.core.scanner_manager DEBUG    Estado del escáner sin cambios: desconectado
[09:15:08] src.core.scanner_manager DEBUG    Verificando estado del escáner... (intervalo: 3s)
[09:15:08] src.hardware.zebra_scanner DEBUG    Prueba de conexión serie falló
[09:15:08] src.core.scanner_manager DEBUG    test_connection() retornó: False
[09:15:08] src.core.scanner_manager DEBUG    Estado anterior: False, Estado actual: False
[09:15:08] src.core.scanner_manager DEBUG    Estado del escáner sin cambios: desconectado
[09:15:11] src.core.scanner_manager DEBUG    Verificando estado del escáner... (intervalo: 3s)
[09:15:11] src.hardware.zebra_scanner DEBUG    Prueba de conexión serie falló
[09:15:11] src.core.scanner_manager DEBUG    test_connection() retornó: False
[09:15:11] src.core.scanner_manager DEBUG    Estado anterior: False, Estado actual: False
[09:15:11] src.core.scanner_manager DEBUG    Estado del escáner sin cambios: desconectado
[09:15:14] src.core.scanner_manager DEBUG    Verificando estado del escáner... (intervalo: 3s)
[09:15:14] src.hardware.zebra_scanner DEBUG    Prueba de conexión serie falló
[09:15:14] src.core.scanner_manager DEBUG    test_connection() retornó: False
[09:15:14] src.core.scanner_manager DEBUG    Estado anterior: False, Estado actual: False
[09:15:14] src.core.scanner_manager DEBUG    Estado del escáner sin cambios: desconectado
[09:15:17] src.core.scanner_manager DEBUG    Verificando estado del escáner... (intervalo: 3s)
[09:15:17] src.hardware.zebra_scanner DEBUG    Prueba de conexión serie falló
[09:15:17] src.core.scanner_manager DEBUG    test_connection() retornó: False
[09:15:17] src.core.scanner_manager DEBUG    Estado anterior: False, Estado actual: False
[09:15:17] src.core.scanner_manager DEBUG    Estado del escáner sin cambios: desconectado
[09:15:19] src.services.analytics_service DEBUG    Análisis completo realizado
[09:15:19] src.services.analytics_service WARNING  ALERTA HIGH: Eficiencia baja: 47.0%
[09:15:19] src.services.analytics_service WARNING  ALERTA MEDIUM: OEE bajo: 44.7%
[09:15:20] src.core.scanner_manager DEBUG    Verificando estado del escáner... (intervalo: 3s)
[09:15:20] src.hardware.zebra_scanner DEBUG    Prueba de conexión serie falló
[09:15:20] src.core.scanner_manager DEBUG    test_connection() retornó: False
[09:15:20] src.core.scanner_manager DEBUG    Estado anterior: False, Estado actual: False
[09:15:20] src.core.scanner_manager DEBUG    Estado del escáner sin cambios: desconectado
[09:15:23] src.core.scanner_manager DEBUG    Verificando estado del escáner... (intervalo: 3s)
[09:15:23] src.hardware.zebra_scanner DEBUG    Prueba de conexión serie falló
[09:15:23] src.core.scanner_manager DEBUG    test_connection() retornó: False
[09:15:23] src.core.scanner_manager DEBUG    Estado anterior: False, Estado actual: False
[09:15:23] src.core.scanner_manager DEBUG    Estado del escáner sin cambios: desconectado
[09:15:26] src.core.scanner_manager DEBUG    Verificando estado del escáner... (intervalo: 3s)
[09:15:26] src.hardware.zebra_scanner DEBUG    Prueba de conexión serie falló
[09:15:26] src.core.scanner_manager DEBUG    test_connection() retornó: False
[09:15:26] src.core.scanner_manager DEBUG    Estado anterior: False, Estado actual: False
[09:15:26] src.core.scanner_manager DEBUG    Estado del escáner sin cambios: desconectado
[09:15:29] src.core.scanner_manager DEBUG    Verificando estado del escáner... (intervalo: 3s)
[09:15:29] src.hardware.zebra_scanner DEBUG    Prueba de conexión serie falló
[09:15:29] src.core.scanner_manager DEBUG    test_connection() retornó: False
[09:15:29] src.core.scanner_manager DEBUG    Estado anterior: False, Estado actual: False
[09:15:29] src.core.scanner_manager DEBUG    Estado del escáner sin cambios: desconectado
[09:15:32] src.core.scanner_manager DEBUG    Verificando estado del escáner... (intervalo: 3s)
[09:15:32] src.hardware.zebra_scanner DEBUG    Prueba de conexión serie falló
[09:15:32] src.core.scanner_manager DEBUG    test_connection() retornó: False
[09:15:32] src.core.scanner_manager DEBUG    Estado anterior: False, Estado actual: False
[09:15:32] src.core.scanner_manager DEBUG    Estado del escáner sin cambios: desconectado
[09:15:35] src.core.scanner_manager DEBUG    Verificando estado del escáner... (intervalo: 3s)
[09:15:35] src.hardware.zebra_scanner DEBUG    Prueba de conexión serie falló
[09:15:35] src.core.scanner_manager DEBUG    test_connection() retornó: False
[09:15:35] src.core.scanner_manager DEBUG    Estado anterior: False, Estado actual: False
[09:15:35] src.core.scanner_manager DEBUG    Estado del escáner sin cambios: desconectado
[09:15:38] src.core.scanner_manager DEBUG    Verificando estado del escáner... (intervalo: 3s)
[09:15:38] src.hardware.zebra_scanner DEBUG    Prueba de conexión serie falló
[09:15:38] src.core.scanner_manager DEBUG    test_connection() retornó: False
[09:15:38] src.core.scanner_manager DEBUG    Estado anterior: False, Estado actual: False
[09:15:38] src.core.scanner_manager DEBUG    Estado del escáner sin cambios: desconectado
[09:15:41] src.core.scanner_manager DEBUG    Verificando estado del escáner... (intervalo: 3s)
[09:15:41] src.hardware.zebra_scanner DEBUG    Prueba de conexión serie falló
[09:15:41] src.core.scanner_manager DEBUG    test_connection() retornó: False
[09:15:41] src.core.scanner_manager DEBUG    Estado anterior: False, Estado actual: False
[09:15:41] src.core.scanner_manager DEBUG    Estado del escáner sin cambios: desconectado
[09:15:44] src.core.scanner_manager DEBUG    Verificando estado del escáner... (intervalo: 3s)
[09:15:44] src.hardware.zebra_scanner DEBUG    Prueba de conexión serie falló
[09:15:44] src.core.scanner_manager DEBUG    test_connection() retornó: False
[09:15:44] src.core.scanner_manager DEBUG    Estado anterior: False, Estado actual: False
[09:15:44] src.core.scanner_manager DEBUG    Estado del escáner sin cambios: desconectado
[09:15:47] src.core.scanner_manager DEBUG    Verificando estado del escáner... (intervalo: 3s)
[09:15:47] src.hardware.zebra_scanner DEBUG    Prueba de conexión serie falló
[09:15:47] src.core.scanner_manager DEBUG    test_connection() retornó: False
[09:15:47] src.core.scanner_manager DEBUG    Estado anterior: False, Estado actual: False
[09:15:47] src.core.scanner_manager DEBUG    Estado del escáner sin cambios: desconectado
[09:15:49] src.services.analytics_service DEBUG    Análisis completo realizado
[09:15:49] src.services.analytics_service WARNING  ALERTA HIGH: Eficiencia baja: 47.0%
[09:15:49] src.services.analytics_service WARNING  ALERTA MEDIUM: OEE bajo: 44.7%
[09:15:50] src.core.scanner_manager DEBUG    Verificando estado del escáner... (intervalo: 3s)
[09:15:50] src.hardware.zebra_scanner DEBUG    Prueba de conexión serie falló
[09:15:50] src.core.scanner_manager DEBUG    test_connection() retornó: False
[09:15:50] src.core.scanner_manager DEBUG    Estado anterior: False, Estado actual: False
[09:15:50] src.core.scanner_manager DEBUG    Estado del escáner sin cambios: desconectado
[09:15:53] src.core.scanner_manager DEBUG    Verificando estado del escáner... (intervalo: 3s)
[09:15:53] src.hardware.zebra_scanner DEBUG    Prueba de conexión serie falló
[09:15:53] src.core.scanner_manager DEBUG    test_connection() retornó: False
[09:15:53] src.core.scanner_manager DEBUG    Estado anterior: False, Estado actual: False
[09:15:53] src.core.scanner_manager DEBUG    Estado del escáner sin cambios: desconectado
[09:15:56] src.core.scanner_manager DEBUG    Verificando estado del escáner... (intervalo: 3s)
[09:15:56] src.hardware.zebra_scanner DEBUG    Prueba de conexión serie falló
[09:15:56] src.core.scanner_manager DEBUG    test_connection() retornó: False
[09:15:56] src.core.scanner_manager DEBUG    Estado anterior: False, Estado actual: False
[09:15:56] src.core.scanner_manager DEBUG    Estado del escáner sin cambios: desconectado
[09:15:59] src.core.scanner_manager DEBUG    Verificando estado del escáner... (intervalo: 3s)
[09:15:59] src.hardware.zebra_scanner DEBUG    Prueba de conexión serie falló
[09:15:59] src.core.scanner_manager DEBUG    test_connection() retornó: False
[09:15:59] src.core.scanner_manager DEBUG    Estado anterior: False, Estado actual: False
[09:15:59] src.core.scanner_manager DEBUG    Estado del escáner sin cambios: desconectado
[09:16:02] src.core.scanner_manager DEBUG    Verificando estado del escáner... (intervalo: 3s)
[09:16:02] src.hardware.zebra_scanner DEBUG    Prueba de conexión serie falló
[09:16:02] src.core.scanner_manager DEBUG    test_connection() retornó: False
[09:16:02] src.core.scanner_manager DEBUG    Estado anterior: False, Estado actual: False
[09:16:02] src.core.scanner_manager DEBUG    Estado del escáner sin cambios: desconectado
[09:16:05] src.core.scanner_manager DEBUG    Verificando estado del escáner... (intervalo: 3s)
[09:16:05] src.hardware.zebra_scanner DEBUG    Prueba de conexión serie falló
[09:16:05] src.core.scanner_manager DEBUG    test_connection() retornó: False
[09:16:05] src.core.scanner_manager DEBUG    Estado anterior: False, Estado actual: False
[09:16:05] src.core.scanner_manager DEBUG    Estado del escáner sin cambios: desconectado
[09:16:08] src.core.scanner_manager DEBUG    Verificando estado del escáner... (intervalo: 3s)
[09:16:08] src.hardware.zebra_scanner DEBUG    Prueba de conexión serie falló
[09:16:08] src.core.scanner_manager DEBUG    test_connection() retornó: False
[09:16:08] src.core.scanner_manager DEBUG    Estado anterior: False, Estado actual: False
[09:16:08] src.core.scanner_manager DEBUG    Estado del escáner sin cambios: desconectado
[09:16:11] src.core.scanner_manager DEBUG    Verificando estado del escáner... (intervalo: 3s)
[09:16:11] src.hardware.zebra_scanner DEBUG    Prueba de conexión serie falló
[09:16:11] src.core.scanner_manager DEBUG    test_connection() retornó: False
[09:16:11] src.core.scanner_manager DEBUG    Estado anterior: False, Estado actual: False
[09:16:11] src.core.scanner_manager DEBUG    Estado del escáner sin cambios: desconectado
[09:16:14] src.core.scanner_manager DEBUG    Verificando estado del escáner... (intervalo: 3s)
[09:16:14] src.hardware.zebra_scanner DEBUG    Prueba de conexión serie falló
[09:16:14] src.core.scanner_manager DEBUG    test_connection() retornó: False
[09:16:14] src.core.scanner_manager DEBUG    Estado anterior: False, Estado actual: False
[09:16:14] src.core.scanner_manager DEBUG    Estado del escáner sin cambios: desconectado
[09:16:17] src.core.scanner_manager DEBUG    Verificando estado del escáner... (intervalo: 3s)
[09:16:17] src.hardware.zebra_scanner DEBUG    Prueba de conexión serie falló
[09:16:17] src.core.scanner_manager DEBUG    test_connection() retornó: False
[09:16:17] src.core.scanner_manager DEBUG    Estado anterior: False, Estado actual: False
[09:16:17] src.core.scanner_manager DEBUG    Estado del escáner sin cambios: desconectado
[09:16:19] src.services.analytics_service DEBUG    Análisis completo realizado
[09:16:19] src.services.analytics_service WARNING  ALERTA HIGH: Eficiencia baja: 47.0%
[09:16:19] src.services.analytics_service WARNING  ALERTA MEDIUM: OEE bajo: 44.7%
[09:16:20] src.core.scanner_manager DEBUG    Verificando estado del escáner... (intervalo: 3s)
[09:16:20] src.hardware.zebra_scanner DEBUG    Prueba de conexión serie falló
[09:16:20] src.core.scanner_manager DEBUG    test_connection() retornó: False
[09:16:20] src.core.scanner_manager DEBUG    Estado anterior: False, Estado actual: False
[09:16:20] src.core.scanner_manager DEBUG    Estado del escáner sin cambios: desconectado
[09:16:23] src.core.scanner_manager DEBUG    Verificando estado del escáner... (intervalo: 3s)
[09:16:23] src.hardware.zebra_scanner DEBUG    Prueba de conexión serie falló
[09:16:23] src.core.scanner_manager DEBUG    test_connection() retornó: False
[09:16:23] src.core.scanner_manager DEBUG    Estado anterior: False, Estado actual: False
[09:16:23] src.core.scanner_manager DEBUG    Estado del escáner sin cambios: desconectado
[09:16:26] src.core.scanner_manager DEBUG    Verificando estado del escáner... (intervalo: 3s)
[09:16:26] src.hardware.zebra_scanner DEBUG    Prueba de conexión serie falló
[09:16:26] src.core.scanner_manager DEBUG    test_connection() retornó: False
[09:16:26] src.core.scanner_manager DEBUG    Estado anterior: False, Estado actual: False
[09:16:26] src.core.scanner_manager DEBUG    Estado del escáner sin cambios: desconectado
[09:16:29] src.core.scanner_manager DEBUG    Verificando estado del escáner... (intervalo: 3s)
[09:16:29] src.hardware.zebra_scanner DEBUG    Prueba de conexión serie falló
[09:16:29] src.core.scanner_manager DEBUG    test_connection() retornó: False
[09:16:29] src.core.scanner_manager DEBUG    Estado anterior: False, Estado actual: False
[09:16:29] src.core.scanner_manager DEBUG    Estado del escáner sin cambios: desconectado
[09:16:32] src.core.scanner_manager DEBUG    Verificando estado del escáner... (intervalo: 3s)
[09:16:32] src.hardware.zebra_scanner DEBUG    Prueba de conexión serie falló
[09:16:32] src.core.scanner_manager DEBUG    test_connection() retornó: False
[09:16:32] src.core.scanner_manager DEBUG    Estado anterior: False, Estado actual: False
[09:16:32] src.core.scanner_manager DEBUG    Estado del escáner sin cambios: desconectado
[09:16:35] src.core.scanner_manager DEBUG    Verificando estado del escáner... (intervalo: 3s)
[09:16:35] src.hardware.zebra_scanner DEBUG    Prueba de conexión serie falló
[09:16:35] src.core.scanner_manager DEBUG    test_connection() retornó: False
[09:16:35] src.core.scanner_manager DEBUG    Estado anterior: False, Estado actual: False
[09:16:35] src.core.scanner_manager DEBUG    Estado del escáner sin cambios: desconectado
[09:16:38] src.core.scanner_manager DEBUG    Verificando estado del escáner... (intervalo: 3s)
[09:16:38] src.hardware.zebra_scanner DEBUG    Prueba de conexión serie falló
[09:16:38] src.core.scanner_manager DEBUG    test_connection() retornó: False
[09:16:38] src.core.scanner_manager DEBUG    Estado anterior: False, Estado actual: False
[09:16:38] src.core.scanner_manager DEBUG    Estado del escáner sin cambios: desconectado
[09:16:41] src.core.scanner_manager DEBUG    Verificando estado del escáner... (intervalo: 3s)
[09:16:41] src.hardware.zebra_scanner DEBUG    Prueba de conexión serie falló
[09:16:41] src.core.scanner_manager DEBUG    test_connection() retornó: False
[09:16:41] src.core.scanner_manager DEBUG    Estado anterior: False, Estado actual: False
[09:16:41] src.core.scanner_manager DEBUG    Estado del escáner sin cambios: desconectado
[09:16:44] src.core.scanner_manager DEBUG    Verificando estado del escáner... (intervalo: 3s)
[09:16:44] src.hardware.zebra_scanner DEBUG    Prueba de conexión serie falló
[09:16:44] src.core.scanner_manager DEBUG    test_connection() retornó: False
[09:16:44] src.core.scanner_manager DEBUG    Estado anterior: False, Estado actual: False
[09:16:44] src.core.scanner_manager DEBUG    Estado del escáner sin cambios: desconectado
[09:16:47] src.core.scanner_manager DEBUG    Verificando estado del escáner... (intervalo: 3s)
[09:16:47] src.hardware.zebra_scanner DEBUG    Prueba de conexión serie falló
[09:16:47] src.core.scanner_manager DEBUG    test_connection() retornó: False
[09:16:47] src.core.scanner_manager DEBUG    Estado anterior: False, Estado actual: False
[09:16:47] src.core.scanner_manager DEBUG    Estado del escáner sin cambios: desconectado
[09:16:49] src.services.analytics_service DEBUG    Análisis completo realizado
[09:16:49] src.services.analytics_service WARNING  ALERTA HIGH: Eficiencia baja: 47.0%
[09:16:49] src.services.analytics_service WARNING  ALERTA MEDIUM: OEE bajo: 44.7%
[09:16:50] src.core.scanner_manager DEBUG    Verificando estado del escáner... (intervalo: 3s)
[09:16:50] src.hardware.zebra_scanner DEBUG    Prueba de conexión serie falló
[09:16:50] src.core.scanner_manager DEBUG    test_connection() retornó: False
[09:16:50] src.core.scanner_manager DEBUG    Estado anterior: False, Estado actual: False
[09:16:50] src.core.scanner_manager DEBUG    Estado del escáner sin cambios: desconectado
[09:16:53] src.core.scanner_manager DEBUG    Verificando estado del escáner... (intervalo: 3s)
[09:16:53] src.hardware.zebra_scanner DEBUG    Prueba de conexión serie falló
[09:16:53] src.core.scanner_manager DEBUG    test_connection() retornó: False
[09:16:53] src.core.scanner_manager DEBUG    Estado anterior: False, Estado actual: False
[09:16:53] src.core.scanner_manager DEBUG    Estado del escáner sin cambios: desconectado
[09:16:56] src.core.scanner_manager DEBUG    Verificando estado del escáner... (intervalo: 3s)
[09:16:56] src.hardware.zebra_scanner DEBUG    Prueba de conexión serie falló
[09:16:56] src.core.scanner_manager DEBUG    test_connection() retornó: False
[09:16:56] src.core.scanner_manager DEBUG    Estado anterior: False, Estado actual: False
[09:16:56] src.core.scanner_manager DEBUG    Estado del escáner sin cambios: desconectado
[09:16:59] src.core.scanner_manager DEBUG    Verificando estado del escáner... (intervalo: 3s)
[09:16:59] src.hardware.zebra_scanner DEBUG    Prueba de conexión serie falló
[09:16:59] src.core.scanner_manager DEBUG    test_connection() retornó: False
[09:16:59] src.core.scanner_manager DEBUG    Estado anterior: False, Estado actual: False
[09:16:59] src.core.scanner_manager DEBUG    Estado del escáner sin cambios: desconectado
[09:17:02] src.core.scanner_manager DEBUG    Verificando estado del escáner... (intervalo: 3s)
[09:17:02] src.hardware.zebra_scanner DEBUG    Prueba de conexión serie falló
[09:17:02] src.core.scanner_manager DEBUG    test_connection() retornó: False
[09:17:02] src.core.scanner_manager DEBUG    Estado anterior: False, Estado actual: False
[09:17:02] src.core.scanner_manager DEBUG    Estado del escáner sin cambios: desconectado
[09:17:05] src.core.scanner_manager DEBUG    Verificando estado del escáner... (intervalo: 3s)
[09:17:05] src.hardware.zebra_scanner DEBUG    Prueba de conexión serie falló
[09:17:05] src.core.scanner_manager DEBUG    test_connection() retornó: False
[09:17:05] src.core.scanner_manager DEBUG    Estado anterior: False, Estado actual: False
[09:17:05] src.core.scanner_manager DEBUG    Estado del escáner sin cambios: desconectado
[09:17:08] src.core.scanner_manager DEBUG    Verificando estado del escáner... (intervalo: 3s)
[09:17:08] src.hardware.zebra_scanner DEBUG    Prueba de conexión serie falló
[09:17:08] src.core.scanner_manager DEBUG    test_connection() retornó: False
[09:17:08] src.core.scanner_manager DEBUG    Estado anterior: False, Estado actual: False
[09:17:08] src.core.scanner_manager DEBUG    Estado del escáner sin cambios: desconectado
[09:17:11] src.core.scanner_manager DEBUG    Verificando estado del escáner... (intervalo: 3s)
[09:17:11] src.hardware.zebra_scanner DEBUG    Prueba de conexión serie falló
[09:17:11] src.core.scanner_manager DEBUG    test_connection() retornó: False
[09:17:11] src.core.scanner_manager DEBUG    Estado anterior: False, Estado actual: False
[09:17:11] src.core.scanner_manager DEBUG    Estado del escáner sin cambios: desconectado
[09:17:14] src.core.scanner_manager DEBUG    Verificando estado del escáner... (intervalo: 3s)
[09:17:14] src.hardware.zebra_scanner DEBUG    Prueba de conexión serie falló
[09:17:14] src.core.scanner_manager DEBUG    test_connection() retornó: False
[09:17:14] src.core.scanner_manager DEBUG    Estado anterior: False, Estado actual: False
[09:17:14] src.core.scanner_manager DEBUG    Estado del escáner sin cambios: desconectado
[09:17:17] src.core.scanner_manager DEBUG    Verificando estado del escáner... (intervalo: 3s)
[09:17:17] src.hardware.zebra_scanner DEBUG    Prueba de conexión serie falló
[09:17:17] src.core.scanner_manager DEBUG    test_connection() retornó: False
[09:17:17] src.core.scanner_manager DEBUG    Estado anterior: False, Estado actual: False
[09:17:17] src.core.scanner_manager DEBUG    Estado del escáner sin cambios: desconectado
[09:17:19] src.services.analytics_service DEBUG    Análisis completo realizado
[09:17:19] src.services.analytics_service WARNING  ALERTA HIGH: Eficiencia baja: 47.0%
[09:17:19] src.services.analytics_service WARNING  ALERTA MEDIUM: OEE bajo: 44.7%
[09:17:20] src.core.scanner_manager DEBUG    Verificando estado del escáner... (intervalo: 3s)
[09:17:20] src.hardware.zebra_scanner DEBUG    Prueba de conexión serie falló
[09:17:20] src.core.scanner_manager DEBUG    test_connection() retornó: False
[09:17:20] src.core.scanner_manager DEBUG    Estado anterior: False, Estado actual: False
[09:17:20] src.core.scanner_manager DEBUG    Estado del escáner sin cambios: desconectado
[09:17:23] src.core.scanner_manager DEBUG    Verificando estado del escáner... (intervalo: 3s)
[09:17:23] src.hardware.zebra_scanner DEBUG    Prueba de conexión serie falló
[09:17:23] src.core.scanner_manager DEBUG    test_connection() retornó: False
[09:17:23] src.core.scanner_manager DEBUG    Estado anterior: False, Estado actual: False
[09:17:23] src.core.scanner_manager DEBUG    Estado del escáner sin cambios: desconectado
[09:17:26] src.core.scanner_manager DEBUG    Verificando estado del escáner... (intervalo: 3s)
[09:17:26] src.hardware.zebra_scanner DEBUG    Prueba de conexión serie falló
[09:17:26] src.core.scanner_manager DEBUG    test_connection() retornó: False
[09:17:26] src.core.scanner_manager DEBUG    Estado anterior: False, Estado actual: False
[09:17:26] src.core.scanner_manager DEBUG    Estado del escáner sin cambios: desconectado
[09:17:29] src.core.scanner_manager DEBUG    Verificando estado del escáner... (intervalo: 3s)
[09:17:29] src.hardware.zebra_scanner DEBUG    Prueba de conexión serie falló
[09:17:29] src.core.scanner_manager DEBUG    test_connection() retornó: False
[09:17:29] src.core.scanner_manager DEBUG    Estado anterior: False, Estado actual: False
[09:17:29] src.core.scanner_manager DEBUG    Estado del escáner sin cambios: desconectado
[09:17:32] src.core.scanner_manager DEBUG    Verificando estado del escáner... (intervalo: 3s)
[09:17:32] src.hardware.zebra_scanner DEBUG    Prueba de conexión serie falló
[09:17:32] src.core.scanner_manager DEBUG    test_connection() retornó: False
[09:17:32] src.core.scanner_manager DEBUG    Estado anterior: False, Estado actual: False
[09:17:32] src.core.scanner_manager DEBUG    Estado del escáner sin cambios: desconectado
[09:17:35] src.core.scanner_manager DEBUG    Verificando estado del escáner... (intervalo: 3s)
[09:17:35] src.hardware.zebra_scanner DEBUG    Prueba de conexión serie falló
[09:17:35] src.core.scanner_manager DEBUG    test_connection() retornó: False
[09:17:35] src.core.scanner_manager DEBUG    Estado anterior: False, Estado actual: False
[09:17:35] src.core.scanner_manager DEBUG    Estado del escáner sin cambios: desconectado
[09:17:38] src.core.scanner_manager DEBUG    Verificando estado del escáner... (intervalo: 3s)
[09:17:38] src.hardware.zebra_scanner DEBUG    Prueba de conexión serie falló
[09:17:38] src.core.scanner_manager DEBUG    test_connection() retornó: False
[09:17:38] src.core.scanner_manager DEBUG    Estado anterior: False, Estado actual: False
[09:17:38] src.core.scanner_manager DEBUG    Estado del escáner sin cambios: desconectado
[09:17:41] src.core.scanner_manager DEBUG    Verificando estado del escáner... (intervalo: 3s)
[09:17:41] src.hardware.zebra_scanner DEBUG    Prueba de conexión serie falló
[09:17:41] src.core.scanner_manager DEBUG    test_connection() retornó: False
[09:17:41] src.core.scanner_manager DEBUG    Estado anterior: False, Estado actual: False
[09:17:41] src.core.scanner_manager DEBUG    Estado del escáner sin cambios: desconectado
[09:17:44] src.core.scanner_manager DEBUG    Verificando estado del escáner... (intervalo: 3s)
[09:17:44] src.hardware.zebra_scanner DEBUG    Prueba de conexión serie falló
[09:17:44] src.core.scanner_manager DEBUG    test_connection() retornó: False
[09:17:44] src.core.scanner_manager DEBUG    Estado anterior: False, Estado actual: False
[09:17:44] src.core.scanner_manager DEBUG    Estado del escáner sin cambios: desconectado
[09:17:47] src.core.scanner_manager DEBUG    Verificando estado del escáner... (intervalo: 3s)
[09:17:47] src.hardware.zebra_scanner DEBUG    Prueba de conexión serie falló
[09:17:47] src.core.scanner_manager DEBUG    test_connection() retornó: False
[09:17:47] src.core.scanner_manager DEBUG    Estado anterior: False, Estado actual: False
[09:17:47] src.core.scanner_manager DEBUG    Estado del escáner sin cambios: desconectado
[09:17:49] src.services.analytics_service DEBUG    Análisis completo realizado
[09:17:49] src.services.analytics_service WARNING  ALERTA HIGH: Eficiencia baja: 47.0%
[09:17:49] src.services.analytics_service WARNING  ALERTA MEDIUM: OEE bajo: 44.7%
[09:17:50] src.core.scanner_manager DEBUG    Verificando estado del escáner... (intervalo: 3s)
[09:17:50] src.hardware.zebra_scanner DEBUG    Prueba de conexión serie falló
[09:17:50] src.core.scanner_manager DEBUG    test_connection() retornó: False
[09:17:50] src.core.scanner_manager DEBUG    Estado anterior: False, Estado actual: False
[09:17:50] src.core.scanner_manager DEBUG    Estado del escáner sin cambios: desconectado
[09:17:53] src.core.scanner_manager DEBUG    Verificando estado del escáner... (intervalo: 3s)
[09:17:53] src.hardware.zebra_scanner DEBUG    Prueba de conexión serie falló
[09:17:53] src.core.scanner_manager DEBUG    test_connection() retornó: False
[09:17:53] src.core.scanner_manager DEBUG    Estado anterior: False, Estado actual: False
[09:17:53] src.core.scanner_manager DEBUG    Estado del escáner sin cambios: desconectado
[09:17:56] src.core.scanner_manager DEBUG    Verificando estado del escáner... (intervalo: 3s)
[09:17:56] src.hardware.zebra_scanner DEBUG    Prueba de conexión serie falló
[09:17:56] src.core.scanner_manager DEBUG    test_connection() retornó: False
[09:17:56] src.core.scanner_manager DEBUG    Estado anterior: False, Estado actual: False
[09:17:56] src.core.scanner_manager DEBUG    Estado del escáner sin cambios: desconectado
[09:17:59] src.core.scanner_manager DEBUG    Verificando estado del escáner... (intervalo: 3s)
[09:17:59] src.hardware.zebra_scanner DEBUG    Prueba de conexión serie falló
[09:17:59] src.core.scanner_manager DEBUG    test_connection() retornó: False
[09:17:59] src.core.scanner_manager DEBUG    Estado anterior: False, Estado actual: False
[09:17:59] src.core.scanner_manager DEBUG    Estado del escáner sin cambios: desconectado
[09:18:02] src.core.scanner_manager DEBUG    Verificando estado del escáner... (intervalo: 3s)
[09:18:02] src.hardware.zebra_scanner DEBUG    Prueba de conexión serie falló
[09:18:02] src.core.scanner_manager DEBUG    test_connection() retornó: False
[09:18:02] src.core.scanner_manager DEBUG    Estado anterior: False, Estado actual: False
[09:18:02] src.core.scanner_manager DEBUG    Estado del escáner sin cambios: desconectado
[09:18:05] src.core.scanner_manager DEBUG    Verificando estado del escáner... (intervalo: 3s)
[09:18:05] src.hardware.zebra_scanner DEBUG    Prueba de conexión serie falló
[09:18:05] src.core.scanner_manager DEBUG    test_connection() retornó: False
[09:18:05] src.core.scanner_manager DEBUG    Estado anterior: False, Estado actual: False
[09:18:05] src.core.scanner_manager DEBUG    Estado del escáner sin cambios: desconectado
[09:18:08] src.core.scanner_manager DEBUG    Verificando estado del escáner... (intervalo: 3s)
[09:18:08] src.hardware.zebra_scanner DEBUG    Prueba de conexión serie falló
[09:18:08] src.core.scanner_manager DEBUG    test_connection() retornó: False
[09:18:08] src.core.scanner_manager DEBUG    Estado anterior: False, Estado actual: False
[09:18:08] src.core.scanner_manager DEBUG    Estado del escáner sin cambios: desconectado
[09:18:11] src.core.scanner_manager DEBUG    Verificando estado del escáner... (intervalo: 3s)
[09:18:11] src.hardware.zebra_scanner DEBUG    Prueba de conexión serie falló
[09:18:11] src.core.scanner_manager DEBUG    test_connection() retornó: False
[09:18:11] src.core.scanner_manager DEBUG    Estado anterior: False, Estado actual: False
[09:18:11] src.core.scanner_manager DEBUG    Estado del escáner sin cambios: desconectado
[09:18:14] src.core.scanner_manager DEBUG    Verificando estado del escáner... (intervalo: 3s)
[09:18:14] src.hardware.zebra_scanner DEBUG    Prueba de conexión serie falló
[09:18:14] src.core.scanner_manager DEBUG    test_connection() retornó: False
[09:18:14] src.core.scanner_manager DEBUG    Estado anterior: False, Estado actual: False
[09:18:14] src.core.scanner_manager DEBUG    Estado del escáner sin cambios: desconectado
[09:18:17] src.core.scanner_manager DEBUG    Verificando estado del escáner... (intervalo: 3s)
[09:18:17] src.hardware.zebra_scanner DEBUG    Prueba de conexión serie falló
[09:18:17] src.core.scanner_manager DEBUG    test_connection() retornó: False
[09:18:17] src.core.scanner_manager DEBUG    Estado anterior: False, Estado actual: False
[09:18:17] src.core.scanner_manager DEBUG    Estado del escáner sin cambios: desconectado
[09:18:19] src.services.analytics_service DEBUG    Análisis completo realizado
[09:18:19] src.services.analytics_service WARNING  ALERTA HIGH: Eficiencia baja: 47.0%
[09:18:19] src.services.analytics_service WARNING  ALERTA MEDIUM: OEE bajo: 44.7%
[09:18:20] src.core.scanner_manager DEBUG    Verificando estado del escáner... (intervalo: 3s)
[09:18:20] src.hardware.zebra_scanner DEBUG    Prueba de conexión serie falló
[09:18:20] src.core.scanner_manager DEBUG    test_connection() retornó: False
[09:18:20] src.core.scanner_manager DEBUG    Estado anterior: False, Estado actual: False
[09:18:20] src.core.scanner_manager DEBUG    Estado del escáner sin cambios: desconectado
[09:18:23] src.core.scanner_manager DEBUG    Verificando estado del escáner... (intervalo: 3s)
[09:18:23] src.hardware.zebra_scanner DEBUG    Prueba de conexión serie falló
[09:18:23] src.core.scanner_manager DEBUG    test_connection() retornó: False
[09:18:23] src.core.scanner_manager DEBUG    Estado anterior: False, Estado actual: False
[09:18:23] src.core.scanner_manager DEBUG    Estado del escáner sin cambios: desconectado
[09:18:26] src.core.scanner_manager DEBUG    Verificando estado del escáner... (intervalo: 3s)
[09:18:26] src.hardware.zebra_scanner DEBUG    Prueba de conexión serie falló
[09:18:26] src.core.scanner_manager DEBUG    test_connection() retornó: False
[09:18:26] src.core.scanner_manager DEBUG    Estado anterior: False, Estado actual: False
[09:18:26] src.core.scanner_manager DEBUG    Estado del escáner sin cambios: desconectado
[09:18:29] src.core.scanner_manager DEBUG    Verificando estado del escáner... (intervalo: 3s)
[09:18:29] src.hardware.zebra_scanner DEBUG    Prueba de conexión serie falló
[09:18:29] src.core.scanner_manager DEBUG    test_connection() retornó: False
[09:18:29] src.core.scanner_manager DEBUG    Estado anterior: False, Estado actual: False
[09:18:29] src.core.scanner_manager DEBUG    Estado del escáner sin cambios: desconectado
[09:18:32] src.core.scanner_manager DEBUG    Verificando estado del escáner... (intervalo: 3s)
[09:18:32] src.hardware.zebra_scanner DEBUG    Prueba de conexión serie falló
[09:18:32] src.core.scanner_manager DEBUG    test_connection() retornó: False
[09:18:32] src.core.scanner_manager DEBUG    Estado anterior: False, Estado actual: False
[09:18:32] src.core.scanner_manager DEBUG    Estado del escáner sin cambios: desconectado
[09:18:35] src.core.scanner_manager DEBUG    Verificando estado del escáner... (intervalo: 3s)
[09:18:35] src.hardware.zebra_scanner DEBUG    Prueba de conexión serie falló
[09:18:35] src.core.scanner_manager DEBUG    test_connection() retornó: False
[09:18:35] src.core.scanner_manager DEBUG    Estado anterior: False, Estado actual: False
[09:18:35] src.core.scanner_manager DEBUG    Estado del escáner sin cambios: desconectado
[09:18:38] src.core.scanner_manager DEBUG    Verificando estado del escáner... (intervalo: 3s)
[09:18:38] src.hardware.zebra_scanner DEBUG    Prueba de conexión serie falló
[09:18:38] src.core.scanner_manager DEBUG    test_connection() retornó: False
[09:18:38] src.core.scanner_manager DEBUG    Estado anterior: False, Estado actual: False
[09:18:38] src.core.scanner_manager DEBUG    Estado del escáner sin cambios: desconectado
[09:18:41] src.core.scanner_manager DEBUG    Verificando estado del escáner... (intervalo: 3s)
[09:18:41] src.hardware.zebra_scanner DEBUG    Prueba de conexión serie falló
[09:18:41] src.core.scanner_manager DEBUG    test_connection() retornó: False
[09:18:41] src.core.scanner_manager DEBUG    Estado anterior: False, Estado actual: False
[09:18:41] src.core.scanner_manager DEBUG    Estado del escáner sin cambios: desconectado
[09:18:44] src.core.scanner_manager DEBUG    Verificando estado del escáner... (intervalo: 3s)
[09:18:44] src.hardware.zebra_scanner DEBUG    Prueba de conexión serie falló
[09:18:44] src.core.scanner_manager DEBUG    test_connection() retornó: False
[09:18:44] src.core.scanner_manager DEBUG    Estado anterior: False, Estado actual: False
[09:18:44] src.core.scanner_manager DEBUG    Estado del escáner sin cambios: desconectado
[09:18:47] src.core.scanner_manager DEBUG    Verificando estado del escáner... (intervalo: 3s)
[09:18:47] src.hardware.zebra_scanner DEBUG    Prueba de conexión serie falló
[09:18:47] src.core.scanner_manager DEBUG    test_connection() retornó: False
[09:18:47] src.core.scanner_manager DEBUG    Estado anterior: False, Estado actual: False
[09:18:47] src.core.scanner_manager DEBUG    Estado del escáner sin cambios: desconectado
[09:18:49] src.services.analytics_service DEBUG    Análisis completo realizado
[09:18:49] src.services.analytics_service WARNING  ALERTA HIGH: Eficiencia baja: 47.0%
[09:18:49] src.services.analytics_service WARNING  ALERTA MEDIUM: OEE bajo: 44.7%
[09:18:50] src.core.scanner_manager DEBUG    Verificando estado del escáner... (intervalo: 3s)
[09:18:50] src.hardware.zebra_scanner DEBUG    Prueba de conexión serie falló
[09:18:50] src.core.scanner_manager DEBUG    test_connection() retornó: False
[09:18:50] src.core.scanner_manager DEBUG    Estado anterior: False, Estado actual: False
[09:18:50] src.core.scanner_manager DEBUG    Estado del escáner sin cambios: desconectado
[09:18:53] src.core.scanner_manager DEBUG    Verificando estado del escáner... (intervalo: 3s)
[09:18:53] src.hardware.zebra_scanner DEBUG    Prueba de conexión serie falló
[09:18:53] src.core.scanner_manager DEBUG    test_connection() retornó: False
[09:18:53] src.core.scanner_manager DEBUG    Estado anterior: False, Estado actual: False
[09:18:53] src.core.scanner_manager DEBUG    Estado del escáner sin cambios: desconectado
[09:18:56] src.core.scanner_manager DEBUG    Verificando estado del escáner... (intervalo: 3s)
[09:18:56] src.hardware.zebra_scanner DEBUG    Prueba de conexión serie falló
[09:18:56] src.core.scanner_manager DEBUG    test_connection() retornó: False
[09:18:56] src.core.scanner_manager DEBUG    Estado anterior: False, Estado actual: False
[09:18:56] src.core.scanner_manager DEBUG    Estado del escáner sin cambios: desconectado
[09:18:59] src.core.scanner_manager DEBUG    Verificando estado del escáner... (intervalo: 3s)
[09:18:59] src.hardware.zebra_scanner DEBUG    Prueba de conexión serie falló
[09:18:59] src.core.scanner_manager DEBUG    test_connection() retornó: False
[09:18:59] src.core.scanner_manager DEBUG    Estado anterior: False, Estado actual: False
[09:18:59] src.core.scanner_manager DEBUG    Estado del escáner sin cambios: desconectado
[09:19:02] src.core.scanner_manager DEBUG    Verificando estado del escáner... (intervalo: 3s)
[09:19:02] src.hardware.zebra_scanner DEBUG    Prueba de conexión serie falló
[09:19:02] src.core.scanner_manager DEBUG    test_connection() retornó: False
[09:19:02] src.core.scanner_manager DEBUG    Estado anterior: False, Estado actual: False
[09:19:02] src.core.scanner_manager DEBUG    Estado del escáner sin cambios: desconectado
[09:19:05] src.core.scanner_manager DEBUG    Verificando estado del escáner... (intervalo: 3s)
[09:19:05] src.hardware.zebra_scanner DEBUG    Prueba de conexión serie falló
[09:19:05] src.core.scanner_manager DEBUG    test_connection() retornó: False
[09:19:05] src.core.scanner_manager DEBUG    Estado anterior: False, Estado actual: False
[09:19:05] src.core.scanner_manager DEBUG    Estado del escáner sin cambios: desconectado
[09:19:08] src.core.scanner_manager DEBUG    Verificando estado del escáner... (intervalo: 3s)
[09:19:08] src.hardware.zebra_scanner DEBUG    Prueba de conexión serie falló
[09:19:08] src.core.scanner_manager DEBUG    test_connection() retornó: False
[09:19:08] src.core.scanner_manager DEBUG    Estado anterior: False, Estado actual: False
[09:19:08] src.core.scanner_manager DEBUG    Estado del escáner sin cambios: desconectado
[09:19:11] src.core.scanner_manager DEBUG    Verificando estado del escáner... (intervalo: 3s)
[09:19:11] src.hardware.zebra_scanner DEBUG    Prueba de conexión serie falló
[09:19:11] src.core.scanner_manager DEBUG    test_connection() retornó: False
[09:19:11] src.core.scanner_manager DEBUG    Estado anterior: False, Estado actual: False
[09:19:11] src.core.scanner_manager DEBUG    Estado del escáner sin cambios: desconectado
[09:19:14] src.core.scanner_manager DEBUG    Verificando estado del escáner... (intervalo: 3s)
[09:19:14] src.hardware.zebra_scanner DEBUG    Prueba de conexión serie falló
[09:19:14] src.core.scanner_manager DEBUG    test_connection() retornó: False
[09:19:14] src.core.scanner_manager DEBUG    Estado anterior: False, Estado actual: False
[09:19:14] src.core.scanner_manager DEBUG    Estado del escáner sin cambios: desconectado
[09:19:17] src.core.scanner_manager DEBUG    Verificando estado del escáner... (intervalo: 3s)
[09:19:17] src.hardware.zebra_scanner DEBUG    Prueba de conexión serie falló
[09:19:17] src.core.scanner_manager DEBUG    test_connection() retornó: False
[09:19:17] src.core.scanner_manager DEBUG    Estado anterior: False, Estado actual: False
[09:19:17] src.core.scanner_manager DEBUG    Estado del escáner sin cambios: desconectado
[09:19:19] src.services.analytics_service DEBUG    Análisis completo realizado
[09:19:19] src.services.analytics_service WARNING  ALERTA HIGH: Eficiencia baja: 47.0%
[09:19:19] src.services.analytics_service WARNING  ALERTA MEDIUM: OEE bajo: 44.7%
[09:19:20] src.core.scanner_manager DEBUG    Verificando estado del escáner... (intervalo: 3s)
[09:19:20] src.hardware.zebra_scanner DEBUG    Prueba de conexión serie falló
[09:19:20] src.core.scanner_manager DEBUG    test_connection() retornó: False
[09:19:20] src.core.scanner_manager DEBUG    Estado anterior: False, Estado actual: False
[09:19:20] src.core.scanner_manager DEBUG    Estado del escáner sin cambios: desconectado
[09:19:23] src.core.scanner_manager DEBUG    Verificando estado del escáner... (intervalo: 3s)
[09:19:23] src.hardware.zebra_scanner DEBUG    Prueba de conexión serie falló
[09:19:23] src.core.scanner_manager DEBUG    test_connection() retornó: False
[09:19:23] src.core.scanner_manager DEBUG    Estado anterior: False, Estado actual: False
[09:19:23] src.core.scanner_manager DEBUG    Estado del escáner sin cambios: desconectado
[09:19:26] src.core.scanner_manager DEBUG    Verificando estado del escáner... (intervalo: 3s)
[09:19:26] src.hardware.zebra_scanner DEBUG    Prueba de conexión serie falló
[09:19:26] src.core.scanner_manager DEBUG    test_connection() retornó: False
[09:19:26] src.core.scanner_manager DEBUG    Estado anterior: False, Estado actual: False
[09:19:26] src.core.scanner_manager DEBUG    Estado del escáner sin cambios: desconectado
[09:19:29] src.core.scanner_manager DEBUG    Verificando estado del escáner... (intervalo: 3s)
[09:19:29] src.hardware.zebra_scanner DEBUG    Prueba de conexión serie falló
[09:19:29] src.core.scanner_manager DEBUG    test_connection() retornó: False
[09:19:29] src.core.scanner_manager DEBUG    Estado anterior: False, Estado actual: False
[09:19:29] src.core.scanner_manager DEBUG    Estado del escáner sin cambios: desconectado
[09:19:32] src.core.scanner_manager DEBUG    Verificando estado del escáner... (intervalo: 3s)
[09:19:32] src.hardware.zebra_scanner DEBUG    Prueba de conexión serie falló
[09:19:32] src.core.scanner_manager DEBUG    test_connection() retornó: False
[09:19:32] src.core.scanner_manager DEBUG    Estado anterior: False, Estado actual: False
[09:19:32] src.core.scanner_manager DEBUG    Estado del escáner sin cambios: desconectado
[09:19:35] src.core.scanner_manager DEBUG    Verificando estado del escáner... (intervalo: 3s)
[09:19:35] src.hardware.zebra_scanner DEBUG    Prueba de conexión serie falló
[09:19:35] src.core.scanner_manager DEBUG    test_connection() retornó: False
[09:19:35] src.core.scanner_manager DEBUG    Estado anterior: False, Estado actual: False
[09:19:35] src.core.scanner_manager DEBUG    Estado del escáner sin cambios: desconectado
[09:19:38] src.core.scanner_manager DEBUG    Verificando estado del escáner... (intervalo: 3s)
[09:19:38] src.hardware.zebra_scanner DEBUG    Prueba de conexión serie falló
[09:19:38] src.core.scanner_manager DEBUG    test_connection() retornó: False
[09:19:38] src.core.scanner_manager DEBUG    Estado anterior: False, Estado actual: False
[09:19:38] src.core.scanner_manager DEBUG    Estado del escáner sin cambios: desconectado
[09:19:41] src.core.scanner_manager DEBUG    Verificando estado del escáner... (intervalo: 3s)
[09:19:41] src.hardware.zebra_scanner DEBUG    Prueba de conexión serie falló
[09:19:41] src.core.scanner_manager DEBUG    test_connection() retornó: False
[09:19:41] src.core.scanner_manager DEBUG    Estado anterior: False, Estado actual: False
[09:19:41] src.core.scanner_manager DEBUG    Estado del escáner sin cambios: desconectado
[09:19:44] src.core.scanner_manager DEBUG    Verificando estado del escáner... (intervalo: 3s)
[09:19:44] src.hardware.zebra_scanner DEBUG    Prueba de conexión serie falló
[09:19:44] src.core.scanner_manager DEBUG    test_connection() retornó: False
[09:19:44] src.core.scanner_manager DEBUG    Estado anterior: False, Estado actual: False
[09:19:44] src.core.scanner_manager DEBUG    Estado del escáner sin cambios: desconectado
[09:19:47] src.core.scanner_manager DEBUG    Verificando estado del escáner... (intervalo: 3s)
[09:19:47] src.hardware.zebra_scanner DEBUG    Prueba de conexión serie falló
[09:19:47] src.core.scanner_manager DEBUG    test_connection() retornó: False
[09:19:47] src.core.scanner_manager DEBUG    Estado anterior: False, Estado actual: False
[09:19:47] src.core.scanner_manager DEBUG    Estado del escáner sin cambios: desconectado
[09:19:58] src.utils.logger     INFO     Sistema de logging Johnson Controls inicializado
[09:19:58] src.utils.logger     INFO     Nivel: DEBUG, Directorio: data\logs
[09:19:58] __main__             INFO     ============================================================
[09:19:58] __main__             INFO     JOHNSON CONTROLS - Sistema de Seguimiento Industrial
[09:19:58] __main__             INFO     Version 2.0 - Arquitectura Modular
[09:19:58] __main__             INFO     ============================================================
[09:19:58] __main__             INFO     Inicializando sistema...
[09:19:58] __main__             INFO     Planta: Planta Durango - Desarrollo (JCI_MX_DEV_001)
[09:19:58] __main__             INFO     Departamento: Manufactura - Testing
[09:19:58] __main__             INFO     Ambiente: development
[09:19:58] __main__             INFO     Puerto Serie: COM5
[09:19:58] __main__             INFO     Puerto Web: 5001
[09:19:58] __main__             INFO     Modo: full
[09:19:58] __main__             INFO     Directorios verificados/creados
[09:19:58] src.services.data_sync_service INFO     Data Sync Service inicializado
[09:19:58] src.services.analytics_service INFO     Analytics Service inicializado
[09:19:58] src.services.notification_service INFO     Notification Service inicializado
[09:19:58] src.core.scanner_manager INFO     Scanner Manager inicializado
[09:19:58] src.core.scanner_manager INFO     Iniciando sistema de escaneo Johnson Controls...
[09:19:58] src.services.data_sync_service INFO     Cargados 0 productos
[09:19:58] src.core.scanner_manager INFO     Cargados 0 productos existentes
[09:19:58] src.hardware.serial_interface INFO     Serial Interface inicializada para puerto COM5 @ 9600 baud
[09:19:58] src.hardware.zebra_scanner INFO     Zebra Scanner DS3678 inicializado para puerto COM5
[09:19:58] src.hardware.zebra_scanner INFO     Conectando a Zebra DS3678 en COM5...
[09:19:58] src.hardware.zebra_scanner DEBUG    Estado del escáner: Desconectado -> Conectando
[09:19:58] src.hardware.serial_interface INFO     Conectando a puerto serie COM5...
[09:19:58] src.hardware.serial_interface DEBUG    Estado serie: Desconectado -> Conectando
[09:19:58] src.hardware.serial_interface DEBUG    Estado serie: Conectando -> Conectado
[09:19:58] src.hardware.serial_interface INFO     Conectado exitosamente a COM5
[09:19:58] src.hardware.serial_interface DEBUG    Enviados 10 bytes: b'<K100,1>\r\n'
[09:19:58] src.hardware.serial_interface DEBUG    Enviados 10 bytes: b'<K200,1>\r\n'
[09:19:58] src.hardware.serial_interface DEBUG    Enviados 3 bytes: b'?\r\n'
[09:19:58] src.hardware.zebra_scanner WARNING  No se pudo verificar comunicación con Zebra DS3678
[09:19:58] src.hardware.serial_interface DEBUG    Enviados 10 bytes: b'<K204,1>\r\n'
[09:19:58] src.hardware.serial_interface DEBUG    Enviados 10 bytes: b'<K205,1>\r\n'
[09:19:58] src.hardware.serial_interface DEBUG    Enviados 10 bytes: b'<K100,0>\r\n'
[09:19:58] src.hardware.serial_interface DEBUG    Enviados 14 bytes: b'<K233,13,10>\r\n'
[09:19:58] src.hardware.serial_interface DEBUG    Enviados 10 bytes: b'<K470,1>\r\n'
[09:19:58] src.hardware.serial_interface DEBUG    Enviados 10 bytes: b'<K480,1>\r\n'
[09:19:59] src.hardware.serial_interface DEBUG    Enviados 10 bytes: b'<K491,1>\r\n'
[09:19:59] src.hardware.serial_interface DEBUG    Enviados 10 bytes: b'<K492,1>\r\n'
[09:19:59] src.hardware.serial_interface DEBUG    Enviados 10 bytes: b'<K544,1>\r\n'
[09:19:59] src.hardware.zebra_scanner INFO     Configuración de Zebra DS3678 aplicada
[09:19:59] src.hardware.zebra_scanner DEBUG    Estado del escáner: Conectando -> Conectado
[09:19:59] src.hardware.zebra_scanner INFO     Zebra DS3678 conectado exitosamente
[09:19:59] src.core.scanner_manager INFO     Escáner Zebra conectado en COM5
[09:19:59] src.services.data_sync_service INFO     Estado inicial cargado correctamente
[09:19:59] src.services.data_sync_service WARNING  Inconsistencia de datos: JSON=12, Excel=0
[09:19:59] src.services.data_sync_service DEBUG    Datos sincronizados a Excel
[09:19:59] src.services.data_sync_service INFO     Verificación de integridad completada
[09:19:59] src.services.data_sync_service INFO     Data Sync Service inicializado correctamente
[09:19:59] src.services.analytics_service INFO     Datos históricos cargados (simulado)
[09:19:59] src.services.analytics_service INFO     Analytics Service inicializado correctamente
[09:19:59] src.services.notification_service DEBUG    Callback registrado para critical
[09:19:59] src.services.notification_service INFO     Notification Service inicializado correctamente
[09:19:59] src.core.scanner_manager INFO     Iniciando bucle de lectura del escáner
[09:19:59] src.core.scanner_manager INFO     Hilo de lectura del escáner iniciado
[09:19:59] src.core.scanner_manager INFO     Iniciando bucle de procesamiento de comandos
[09:19:59] src.core.scanner_manager INFO     Hilo de procesamiento de comandos iniciado
[09:19:59] src.core.scanner_manager INFO     Iniciando bucle de monitoreo de conexión
[09:19:59] src.core.scanner_manager INFO     Hilo de monitoreo de conexión iniciado
[09:19:59] src.core.scanner_manager DEBUG    Verificando estado del escáner... (intervalo: 3s)
[09:19:59] src.core.scanner_manager INFO     Sistema de escaneo inicializado correctamente
[09:19:59] src.web.app          INFO     Web Application inicializada con archivos estáticos
[09:19:59] src.web.app          INFO     WebApplication Extension inicializada
[09:19:59] src.web.app          INFO     WebApplication extension aplicada exitosamente
[09:19:59] src.core.scanner_manager DEBUG    test_connection() retornó: True
[09:19:59] src.core.scanner_manager DEBUG    Estado anterior: True, Estado actual: True
[09:19:59] src.web.app          INFO     APIs registradas: data, control, analytics
[09:19:59] src.core.scanner_manager DEBUG    Estado del escáner sin cambios: conectado
[09:19:59] src.web.app          INFO     Web Application configurada correctamente
[09:19:59] src.web.app          INFO     Scanner Manager configurado en Web Application
[09:19:59] src.services.analytics_service INFO     Analytics Service inicializado
[09:19:59] src.services.analytics_service INFO     Datos históricos cargados (simulado)
[09:19:59] src.services.analytics_service INFO     Analytics Service inicializado correctamente
[09:19:59] __main__             INFO     Sistema inicializado correctamente
[09:19:59] __main__             INFO     Iniciando sistema en modo: full
[09:19:59] __main__             INFO     Scanner Manager: Activo
[09:19:59] src.web.app          INFO     Iniciando servidor web en puerto 5001
[09:19:59] src.web.app          INFO     Servidor web iniciado
[09:19:59] __main__             INFO     Aplicación Web: http://localhost:5001
[09:19:59] src.services.analytics_service INFO     Iniciando bucle de analytics
[09:19:59] src.services.analytics_service INFO     Analytics Service iniciado
[09:19:59] src.services.analytics_service DEBUG    Análisis completo realizado
[09:19:59] src.services.analytics_service WARNING  ALERTA HIGH: Eficiencia baja: 47.0%
[09:19:59] __main__             INFO     Servicio de Analytics: Activo
[09:19:59] src.services.analytics_service WARNING  ALERTA MEDIUM: OEE bajo: 44.7%
[09:19:59] __main__             INFO     Sistema completo en ejecución...
[09:19:59] __main__             INFO     Presiona Ctrl+C para detener
[09:20:02] src.core.scanner_manager DEBUG    Verificando estado del escáner... (intervalo: 3s)
[09:20:02] src.core.scanner_manager DEBUG    test_connection() retornó: True
[09:20:02] src.core.scanner_manager DEBUG    Estado anterior: True, Estado actual: True
[09:20:02] src.core.scanner_manager DEBUG    Estado del escáner sin cambios: conectado
[09:20:05] src.core.scanner_manager DEBUG    Verificando estado del escáner... (intervalo: 3s)
[09:20:05] src.core.scanner_manager DEBUG    test_connection() retornó: True
[09:20:05] src.core.scanner_manager DEBUG    Estado anterior: True, Estado actual: True
[09:20:05] src.core.scanner_manager DEBUG    Estado del escáner sin cambios: conectado
[09:20:08] src.core.scanner_manager DEBUG    Verificando estado del escáner... (intervalo: 3s)
[09:20:08] src.core.scanner_manager DEBUG    test_connection() retornó: True
[09:20:08] src.core.scanner_manager DEBUG    Estado anterior: True, Estado actual: True
[09:20:08] src.core.scanner_manager DEBUG    Estado del escáner sin cambios: conectado
[09:20:11] src.core.scanner_manager DEBUG    Verificando estado del escáner... (intervalo: 3s)
[09:20:11] src.core.scanner_manager DEBUG    test_connection() retornó: True
[09:20:11] src.core.scanner_manager DEBUG    Estado anterior: True, Estado actual: True
[09:20:11] src.core.scanner_manager DEBUG    Estado del escáner sin cambios: conectado
[09:20:14] src.core.scanner_manager DEBUG    Verificando estado del escáner... (intervalo: 3s)
[09:20:14] src.core.scanner_manager DEBUG    test_connection() retornó: True
[09:20:14] src.core.scanner_manager DEBUG    Estado anterior: True, Estado actual: True
[09:20:14] src.core.scanner_manager DEBUG    Estado del escáner sin cambios: conectado
[09:20:17] src.core.scanner_manager DEBUG    Verificando estado del escáner... (intervalo: 3s)
[09:20:17] src.core.scanner_manager DEBUG    test_connection() retornó: True
[09:20:17] src.core.scanner_manager DEBUG    Estado anterior: True, Estado actual: True
[09:20:17] src.core.scanner_manager DEBUG    Estado del escáner sin cambios: conectado
[09:20:20] src.core.scanner_manager DEBUG    Verificando estado del escáner... (intervalo: 3s)
[09:20:20] src.core.scanner_manager DEBUG    test_connection() retornó: True
[09:20:20] src.core.scanner_manager DEBUG    Estado anterior: True, Estado actual: True
[09:20:20] src.core.scanner_manager DEBUG    Estado del escáner sin cambios: conectado
[09:20:23] src.core.scanner_manager DEBUG    Verificando estado del escáner... (intervalo: 3s)
[09:20:23] src.core.scanner_manager DEBUG    test_connection() retornó: True
[09:20:23] src.core.scanner_manager DEBUG    Estado anterior: True, Estado actual: True
[09:20:23] src.core.scanner_manager DEBUG    Estado del escáner sin cambios: conectado
[09:20:26] src.core.scanner_manager DEBUG    Verificando estado del escáner... (intervalo: 3s)
[09:20:26] src.core.scanner_manager DEBUG    test_connection() retornó: True
[09:20:26] src.core.scanner_manager DEBUG    Estado anterior: True, Estado actual: True
[09:20:26] src.core.scanner_manager DEBUG    Estado del escáner sin cambios: conectado
[09:20:29] src.services.analytics_service DEBUG    Análisis completo realizado
[09:20:29] src.services.analytics_service WARNING  ALERTA HIGH: Eficiencia baja: 47.0%
[09:20:29] src.services.analytics_service WARNING  ALERTA MEDIUM: OEE bajo: 44.7%
[09:20:29] src.core.scanner_manager DEBUG    Verificando estado del escáner... (intervalo: 3s)
[09:20:29] src.core.scanner_manager DEBUG    test_connection() retornó: True
[09:20:29] src.core.scanner_manager DEBUG    Estado anterior: True, Estado actual: True
[09:20:29] src.core.scanner_manager DEBUG    Estado del escáner sin cambios: conectado
[09:20:32] src.core.scanner_manager DEBUG    Verificando estado del escáner... (intervalo: 3s)
[09:20:32] src.core.scanner_manager DEBUG    test_connection() retornó: True
[09:20:32] src.core.scanner_manager DEBUG    Estado anterior: True, Estado actual: True
[09:20:32] src.core.scanner_manager DEBUG    Estado del escáner sin cambios: conectado
[09:20:35] src.core.scanner_manager DEBUG    Verificando estado del escáner... (intervalo: 3s)
[09:20:35] src.core.scanner_manager DEBUG    test_connection() retornó: True
[09:20:35] src.core.scanner_manager DEBUG    Estado anterior: True, Estado actual: True
[09:20:35] src.core.scanner_manager DEBUG    Estado del escáner sin cambios: conectado
[09:20:38] src.core.scanner_manager DEBUG    Verificando estado del escáner... (intervalo: 3s)
[09:20:38] src.core.scanner_manager DEBUG    test_connection() retornó: True
[09:20:38] src.core.scanner_manager DEBUG    Estado anterior: True, Estado actual: True
[09:20:38] src.core.scanner_manager DEBUG    Estado del escáner sin cambios: conectado
[09:20:41] src.core.scanner_manager DEBUG    Verificando estado del escáner... (intervalo: 3s)
[09:20:41] src.core.scanner_manager DEBUG    test_connection() retornó: True
[09:20:41] src.core.scanner_manager DEBUG    Estado anterior: True, Estado actual: True
[09:20:41] src.core.scanner_manager DEBUG    Estado del escáner sin cambios: conectado
[09:20:44] src.core.scanner_manager DEBUG    Verificando estado del escáner... (intervalo: 3s)
[09:20:44] src.core.scanner_manager DEBUG    test_connection() retornó: True
[09:20:44] src.core.scanner_manager DEBUG    Estado anterior: True, Estado actual: True
[09:20:44] src.core.scanner_manager DEBUG    Estado del escáner sin cambios: conectado
[09:20:47] src.core.scanner_manager DEBUG    Verificando estado del escáner... (intervalo: 3s)
[09:20:47] src.core.scanner_manager DEBUG    test_connection() retornó: True
[09:20:47] src.core.scanner_manager DEBUG    Estado anterior: True, Estado actual: True
[09:20:47] src.core.scanner_manager DEBUG    Estado del escáner sin cambios: conectado
[09:20:50] src.core.scanner_manager DEBUG    Verificando estado del escáner... (intervalo: 3s)
[09:20:50] src.core.scanner_manager DEBUG    test_connection() retornó: True
[09:20:50] src.core.scanner_manager DEBUG    Estado anterior: True, Estado actual: True
[09:20:50] src.core.scanner_manager DEBUG    Estado del escáner sin cambios: conectado
[09:20:51] src.hardware.serial_interface ERROR    Error leyendo del puerto serie: ClearCommError failed (PermissionError(13, 'El dispositivo no reconoce el comando.', None, 22))
[09:20:51] src.hardware.serial_interface DEBUG    Estado serie: Conectado -> Error
[09:20:53] src.core.scanner_manager DEBUG    Verificando estado del escáner... (intervalo: 3s)
[09:20:53] src.hardware.zebra_scanner DEBUG    Prueba de conexión serie falló
[09:20:53] src.hardware.zebra_scanner DEBUG    Estado del escáner: Conectado -> Desconectado
[09:20:53] src.core.scanner_manager DEBUG    test_connection() retornó: False
[09:20:53] src.core.scanner_manager INFO     SCANNER RECONNECT: Conexión falló, intentando reinicializar scanner...
[09:20:53] src.hardware.zebra_scanner INFO     Desconectando Zebra DS3678...
[09:20:53] src.hardware.serial_interface INFO     Desconectando de puerto serie COM5...
[09:20:53] src.hardware.serial_interface DEBUG    Estado serie: Error -> Desconectado
[09:20:53] src.hardware.serial_interface INFO     Desconectado exitosamente
[09:20:53] src.hardware.zebra_scanner INFO     Zebra DS3678 desconectado
[09:20:53] src.core.scanner_manager INFO     SCANNER RECONNECT: Scanner anterior desconectado
[09:20:53] src.core.scanner_manager INFO     SCANNER RECONNECT: Iniciando proceso de reconexión...
[09:20:53] src.core.scanner_manager INFO     SCANNER RECONNECT: Intentando reinicializar scanner...
[09:20:53] src.core.scanner_manager INFO     SCANNER RECONNECT: Puerto: COM5, Baud: 9600
[09:20:53] src.hardware.serial_interface INFO     Serial Interface inicializada para puerto COM5 @ 9600 baud
[09:20:53] src.hardware.zebra_scanner INFO     Zebra Scanner DS3678 inicializado para puerto COM5
[09:20:53] src.core.scanner_manager INFO     SCANNER RECONNECT: Nuevo objeto scanner creado
[09:20:53] src.core.scanner_manager INFO     SCANNER RECONNECT: Intentando conectar...
[09:20:53] src.hardware.zebra_scanner INFO     Conectando a Zebra DS3678 en COM5...
[09:20:53] src.hardware.zebra_scanner DEBUG    Estado del escáner: Desconectado -> Conectando
[09:20:53] src.hardware.serial_interface INFO     Conectando a puerto serie COM5...
[09:20:53] src.hardware.serial_interface DEBUG    Estado serie: Desconectado -> Conectando
[09:20:53] src.hardware.serial_interface ERROR    Error de puerto serie: could not open port 'COM5': FileNotFoundError(2, 'El sistema no puede encontrar el archivo especificado.', None, 2)
[09:20:53] src.hardware.serial_interface DEBUG    Estado serie: Conectando -> Error
[09:20:53] src.hardware.zebra_scanner ERROR    Error conectando interface serie
[09:20:53] src.hardware.zebra_scanner DEBUG    Estado del escáner: Conectando -> Error
[09:20:53] src.core.scanner_manager INFO     SCANNER RECONNECT: Fallo al conectar el nuevo scanner
[09:20:53] src.core.scanner_manager INFO     SCANNER RECONNECT: Resultado de reconexión: False
[09:20:53] src.core.scanner_manager DEBUG    Estado anterior: True, Estado actual: False
[09:20:53] src.core.scanner_manager INFO     🔄 Estado del escáner cambió: desconectado
[09:20:53] src.services.data_sync_service DEBUG    Estado del escáner actualizado: desconectado
[09:20:53] src.core.scanner_manager WARNING  ⚠️ Escáner desconectado - Verificar conexión física
[09:20:53] src.core.scanner_manager INFO     Bucle de lectura del escáner terminado
[09:20:56] src.core.scanner_manager DEBUG    Verificando estado del escáner... (intervalo: 3s)
[09:20:56] src.core.scanner_manager DEBUG    No hay scanner inicializado, intentando reconectar...
[09:20:56] src.core.scanner_manager INFO     SCANNER RECONNECT: Intentando reinicializar scanner...
[09:20:56] src.core.scanner_manager INFO     SCANNER RECONNECT: Puerto: COM5, Baud: 9600
[09:20:56] src.hardware.serial_interface INFO     Serial Interface inicializada para puerto COM5 @ 9600 baud
[09:20:56] src.hardware.zebra_scanner INFO     Zebra Scanner DS3678 inicializado para puerto COM5
[09:20:56] src.core.scanner_manager INFO     SCANNER RECONNECT: Nuevo objeto scanner creado
[09:20:56] src.core.scanner_manager INFO     SCANNER RECONNECT: Intentando conectar...
[09:20:56] src.hardware.zebra_scanner INFO     Conectando a Zebra DS3678 en COM5...
[09:20:56] src.hardware.zebra_scanner DEBUG    Estado del escáner: Desconectado -> Conectando
[09:20:56] src.hardware.serial_interface INFO     Conectando a puerto serie COM5...
[09:20:56] src.hardware.serial_interface DEBUG    Estado serie: Desconectado -> Conectando
[09:20:56] src.hardware.serial_interface ERROR    Error de puerto serie: could not open port 'COM5': FileNotFoundError(2, 'El sistema no puede encontrar el archivo especificado.', None, 2)
[09:20:56] src.hardware.serial_interface DEBUG    Estado serie: Conectando -> Error
[09:20:56] src.hardware.zebra_scanner ERROR    Error conectando interface serie
[09:20:56] src.hardware.zebra_scanner DEBUG    Estado del escáner: Conectando -> Error
[09:20:56] src.core.scanner_manager INFO     SCANNER RECONNECT: Fallo al conectar el nuevo scanner
[09:20:56] src.core.scanner_manager DEBUG    Estado anterior: False, Estado actual: False
[09:20:56] src.core.scanner_manager DEBUG    Estado del escáner sin cambios: desconectado
[09:20:59] src.services.analytics_service DEBUG    Análisis completo realizado
[09:20:59] src.services.analytics_service WARNING  ALERTA HIGH: Eficiencia baja: 47.0%
[09:20:59] src.services.analytics_service WARNING  ALERTA MEDIUM: OEE bajo: 44.7%
[09:20:59] src.core.scanner_manager DEBUG    Verificando estado del escáner... (intervalo: 3s)
[09:20:59] src.core.scanner_manager DEBUG    No hay scanner inicializado, intentando reconectar...
[09:20:59] src.core.scanner_manager INFO     SCANNER RECONNECT: Intentando reinicializar scanner...
[09:20:59] src.core.scanner_manager INFO     SCANNER RECONNECT: Puerto: COM5, Baud: 9600
[09:20:59] src.hardware.serial_interface INFO     Serial Interface inicializada para puerto COM5 @ 9600 baud
[09:20:59] src.hardware.zebra_scanner INFO     Zebra Scanner DS3678 inicializado para puerto COM5
[09:20:59] src.core.scanner_manager INFO     SCANNER RECONNECT: Nuevo objeto scanner creado
[09:20:59] src.core.scanner_manager INFO     SCANNER RECONNECT: Intentando conectar...
[09:20:59] src.hardware.zebra_scanner INFO     Conectando a Zebra DS3678 en COM5...
[09:20:59] src.hardware.zebra_scanner DEBUG    Estado del escáner: Desconectado -> Conectando
[09:20:59] src.hardware.serial_interface INFO     Conectando a puerto serie COM5...
[09:20:59] src.hardware.serial_interface DEBUG    Estado serie: Desconectado -> Conectando
[09:20:59] src.hardware.serial_interface ERROR    Error de puerto serie: could not open port 'COM5': FileNotFoundError(2, 'El sistema no puede encontrar el archivo especificado.', None, 2)
[09:20:59] src.hardware.serial_interface DEBUG    Estado serie: Conectando -> Error
[09:20:59] src.hardware.zebra_scanner ERROR    Error conectando interface serie
[09:20:59] src.hardware.zebra_scanner DEBUG    Estado del escáner: Conectando -> Error
[09:20:59] src.core.scanner_manager INFO     SCANNER RECONNECT: Fallo al conectar el nuevo scanner
[09:20:59] src.core.scanner_manager DEBUG    Estado anterior: False, Estado actual: False
[09:20:59] src.core.scanner_manager DEBUG    Estado del escáner sin cambios: desconectado
[09:21:02] src.core.scanner_manager DEBUG    Verificando estado del escáner... (intervalo: 3s)
[09:21:02] src.core.scanner_manager DEBUG    No hay scanner inicializado, intentando reconectar...
[09:21:02] src.core.scanner_manager INFO     SCANNER RECONNECT: Intentando reinicializar scanner...
[09:21:02] src.core.scanner_manager INFO     SCANNER RECONNECT: Puerto: COM5, Baud: 9600
[09:21:02] src.hardware.serial_interface INFO     Serial Interface inicializada para puerto COM5 @ 9600 baud
[09:21:02] src.hardware.zebra_scanner INFO     Zebra Scanner DS3678 inicializado para puerto COM5
[09:21:02] src.core.scanner_manager INFO     SCANNER RECONNECT: Nuevo objeto scanner creado
[09:21:02] src.core.scanner_manager INFO     SCANNER RECONNECT: Intentando conectar...
[09:21:02] src.hardware.zebra_scanner INFO     Conectando a Zebra DS3678 en COM5...
[09:21:02] src.hardware.zebra_scanner DEBUG    Estado del escáner: Desconectado -> Conectando
[09:21:02] src.hardware.serial_interface INFO     Conectando a puerto serie COM5...
[09:21:02] src.hardware.serial_interface DEBUG    Estado serie: Desconectado -> Conectando
[09:21:02] src.hardware.serial_interface ERROR    Error de puerto serie: could not open port 'COM5': FileNotFoundError(2, 'El sistema no puede encontrar el archivo especificado.', None, 2)
[09:21:02] src.hardware.serial_interface DEBUG    Estado serie: Conectando -> Error
[09:21:02] src.hardware.zebra_scanner ERROR    Error conectando interface serie
[09:21:02] src.hardware.zebra_scanner DEBUG    Estado del escáner: Conectando -> Error
[09:21:02] src.core.scanner_manager INFO     SCANNER RECONNECT: Fallo al conectar el nuevo scanner
[09:21:02] src.core.scanner_manager DEBUG    Estado anterior: False, Estado actual: False
[09:21:02] src.core.scanner_manager DEBUG    Estado del escáner sin cambios: desconectado
[09:21:05] src.core.scanner_manager DEBUG    Verificando estado del escáner... (intervalo: 3s)
[09:21:05] src.core.scanner_manager DEBUG    No hay scanner inicializado, intentando reconectar...
[09:21:05] src.core.scanner_manager INFO     SCANNER RECONNECT: Intentando reinicializar scanner...
[09:21:05] src.core.scanner_manager INFO     SCANNER RECONNECT: Puerto: COM5, Baud: 9600
[09:21:05] src.hardware.serial_interface INFO     Serial Interface inicializada para puerto COM5 @ 9600 baud
[09:21:05] src.hardware.zebra_scanner INFO     Zebra Scanner DS3678 inicializado para puerto COM5
[09:21:05] src.core.scanner_manager INFO     SCANNER RECONNECT: Nuevo objeto scanner creado
[09:21:05] src.core.scanner_manager INFO     SCANNER RECONNECT: Intentando conectar...
[09:21:05] src.hardware.zebra_scanner INFO     Conectando a Zebra DS3678 en COM5...
[09:21:05] src.hardware.zebra_scanner DEBUG    Estado del escáner: Desconectado -> Conectando
[09:21:05] src.hardware.serial_interface INFO     Conectando a puerto serie COM5...
[09:21:05] src.hardware.serial_interface DEBUG    Estado serie: Desconectado -> Conectando
[09:21:05] src.hardware.serial_interface DEBUG    Estado serie: Conectando -> Conectado
[09:21:05] src.hardware.serial_interface INFO     Conectado exitosamente a COM5
[09:21:05] src.hardware.serial_interface DEBUG    Enviados 10 bytes: b'<K100,1>\r\n'
[09:21:05] src.hardware.serial_interface DEBUG    Enviados 10 bytes: b'<K200,1>\r\n'
[09:21:05] src.hardware.serial_interface DEBUG    Enviados 3 bytes: b'?\r\n'
[09:21:05] src.hardware.zebra_scanner WARNING  No se pudo verificar comunicación con Zebra DS3678
[09:21:05] src.hardware.serial_interface DEBUG    Enviados 10 bytes: b'<K204,1>\r\n'
[09:21:05] src.hardware.serial_interface DEBUG    Enviados 10 bytes: b'<K205,1>\r\n'
[09:21:05] src.hardware.serial_interface DEBUG    Enviados 10 bytes: b'<K100,0>\r\n'
[09:21:05] src.hardware.serial_interface DEBUG    Enviados 14 bytes: b'<K233,13,10>\r\n'
[09:21:05] src.hardware.serial_interface DEBUG    Enviados 10 bytes: b'<K470,1>\r\n'
[09:21:05] src.hardware.serial_interface DEBUG    Enviados 10 bytes: b'<K480,1>\r\n'
[09:21:05] src.hardware.serial_interface DEBUG    Enviados 10 bytes: b'<K491,1>\r\n'
[09:21:05] src.hardware.serial_interface DEBUG    Enviados 10 bytes: b'<K492,1>\r\n'
[09:21:06] src.hardware.serial_interface DEBUG    Enviados 10 bytes: b'<K544,1>\r\n'
[09:21:06] src.hardware.zebra_scanner INFO     Configuración de Zebra DS3678 aplicada
[09:21:06] src.hardware.zebra_scanner DEBUG    Estado del escáner: Conectando -> Conectado
[09:21:06] src.hardware.zebra_scanner INFO     Zebra DS3678 conectado exitosamente
[09:21:06] src.core.scanner_manager INFO     SCANNER RECONNECT: Scanner reconectado exitosamente!
[09:21:06] src.core.scanner_manager DEBUG    Estado anterior: False, Estado actual: True
[09:21:06] src.core.scanner_manager INFO     🔄 Estado del escáner cambió: conectado
[09:21:06] src.services.data_sync_service DEBUG    Estado del escáner actualizado: conectado
[09:21:06] src.core.scanner_manager INFO     ✅ Escáner reconectado exitosamente
[09:21:09] src.core.scanner_manager DEBUG    Verificando estado del escáner... (intervalo: 3s)
[09:21:09] src.core.scanner_manager DEBUG    test_connection() retornó: True
[09:21:09] src.core.scanner_manager DEBUG    Estado anterior: True, Estado actual: True
[09:21:09] src.core.scanner_manager DEBUG    Estado del escáner sin cambios: conectado
[09:21:12] src.core.scanner_manager DEBUG    Verificando estado del escáner... (intervalo: 3s)
[09:21:12] src.core.scanner_manager DEBUG    test_connection() retornó: True
[09:21:12] src.core.scanner_manager DEBUG    Estado anterior: True, Estado actual: True
[09:21:12] src.core.scanner_manager DEBUG    Estado del escáner sin cambios: conectado
[09:21:15] src.core.scanner_manager DEBUG    Verificando estado del escáner... (intervalo: 3s)
[09:21:15] src.core.scanner_manager DEBUG    test_connection() retornó: True
[09:21:15] src.core.scanner_manager DEBUG    Estado anterior: True, Estado actual: True
[09:21:15] src.core.scanner_manager DEBUG    Estado del escáner sin cambios: conectado
[09:21:18] src.core.scanner_manager DEBUG    Verificando estado del escáner... (intervalo: 3s)
[09:21:18] src.core.scanner_manager DEBUG    test_connection() retornó: True
[09:21:18] src.core.scanner_manager DEBUG    Estado anterior: True, Estado actual: True
[09:21:18] src.core.scanner_manager DEBUG    Estado del escáner sin cambios: conectado
[09:21:21] src.core.scanner_manager DEBUG    Verificando estado del escáner... (intervalo: 3s)
[09:21:21] src.core.scanner_manager DEBUG    test_connection() retornó: True
[09:21:21] src.core.scanner_manager DEBUG    Estado anterior: True, Estado actual: True
[09:21:21] src.core.scanner_manager DEBUG    Estado del escáner sin cambios: conectado
[09:21:24] src.core.scanner_manager DEBUG    Verificando estado del escáner... (intervalo: 3s)
[09:21:24] src.core.scanner_manager DEBUG    test_connection() retornó: True
[09:21:24] src.core.scanner_manager DEBUG    Estado anterior: True, Estado actual: True
[09:21:24] src.core.scanner_manager DEBUG    Estado del escáner sin cambios: conectado
[09:21:27] src.core.scanner_manager DEBUG    Verificando estado del escáner... (intervalo: 3s)
[09:21:27] src.core.scanner_manager DEBUG    test_connection() retornó: True
[09:21:27] src.core.scanner_manager DEBUG    Estado anterior: True, Estado actual: True
[09:21:27] src.core.scanner_manager DEBUG    Estado del escáner sin cambios: conectado
[09:21:29] src.services.analytics_service DEBUG    Análisis completo realizado
[09:21:29] src.services.analytics_service WARNING  ALERTA HIGH: Eficiencia baja: 47.0%
[09:21:29] src.services.analytics_service WARNING  ALERTA MEDIUM: OEE bajo: 44.7%
[09:21:30] src.core.scanner_manager DEBUG    Verificando estado del escáner... (intervalo: 3s)
[09:21:30] src.core.scanner_manager DEBUG    test_connection() retornó: True
[09:21:30] src.core.scanner_manager DEBUG    Estado anterior: True, Estado actual: True
[09:21:30] src.core.scanner_manager DEBUG    Estado del escáner sin cambios: conectado
[09:21:33] src.core.scanner_manager DEBUG    Verificando estado del escáner... (intervalo: 3s)
[09:21:33] src.core.scanner_manager DEBUG    test_connection() retornó: True
[09:21:33] src.core.scanner_manager DEBUG    Estado anterior: True, Estado actual: True
[09:21:33] src.core.scanner_manager DEBUG    Estado del escáner sin cambios: conectado
[09:21:36] src.core.scanner_manager DEBUG    Verificando estado del escáner... (intervalo: 3s)
[09:21:36] src.core.scanner_manager DEBUG    test_connection() retornó: True
[09:21:36] src.core.scanner_manager DEBUG    Estado anterior: True, Estado actual: True
[09:21:36] src.core.scanner_manager DEBUG    Estado del escáner sin cambios: conectado
[09:21:39] src.core.scanner_manager DEBUG    Verificando estado del escáner... (intervalo: 3s)
[09:21:39] src.core.scanner_manager DEBUG    test_connection() retornó: True
[09:21:39] src.core.scanner_manager DEBUG    Estado anterior: True, Estado actual: True
[09:21:39] src.core.scanner_manager DEBUG    Estado del escáner sin cambios: conectado
[09:21:42] src.core.scanner_manager DEBUG    Verificando estado del escáner... (intervalo: 3s)
[09:21:42] src.core.scanner_manager DEBUG    test_connection() retornó: True
[09:21:42] src.core.scanner_manager DEBUG    Estado anterior: True, Estado actual: True
[09:21:42] src.core.scanner_manager DEBUG    Estado del escáner sin cambios: conectado
[09:21:45] src.core.scanner_manager DEBUG    Verificando estado del escáner... (intervalo: 3s)
[09:21:45] src.core.scanner_manager DEBUG    test_connection() retornó: True
[09:21:45] src.core.scanner_manager DEBUG    Estado anterior: True, Estado actual: True
[09:21:45] src.core.scanner_manager DEBUG    Estado del escáner sin cambios: conectado
[09:21:48] src.core.scanner_manager DEBUG    Verificando estado del escáner... (intervalo: 3s)
[09:21:48] src.core.scanner_manager DEBUG    test_connection() retornó: True
[09:21:48] src.core.scanner_manager DEBUG    Estado anterior: True, Estado actual: True
[09:21:48] src.core.scanner_manager DEBUG    Estado del escáner sin cambios: conectado
[09:21:51] src.core.scanner_manager DEBUG    Verificando estado del escáner... (intervalo: 3s)
[09:21:51] src.core.scanner_manager DEBUG    test_connection() retornó: True
[09:21:51] src.core.scanner_manager DEBUG    Estado anterior: True, Estado actual: True
[09:21:51] src.core.scanner_manager DEBUG    Estado del escáner sin cambios: conectado
[09:21:54] src.core.scanner_manager DEBUG    Verificando estado del escáner... (intervalo: 3s)
[09:21:54] src.core.scanner_manager DEBUG    test_connection() retornó: True
[09:21:54] src.core.scanner_manager DEBUG    Estado anterior: True, Estado actual: True
[09:21:54] src.core.scanner_manager DEBUG    Estado del escáner sin cambios: conectado
[09:21:57] src.core.scanner_manager DEBUG    Verificando estado del escáner... (intervalo: 3s)
[09:21:57] src.core.scanner_manager DEBUG    test_connection() retornó: True
[09:21:57] src.core.scanner_manager DEBUG    Estado anterior: True, Estado actual: True
[09:21:57] src.core.scanner_manager DEBUG    Estado del escáner sin cambios: conectado
[09:21:59] src.services.analytics_service DEBUG    Análisis completo realizado
[09:21:59] src.services.analytics_service WARNING  ALERTA HIGH: Eficiencia baja: 47.0%
[09:21:59] src.services.analytics_service WARNING  ALERTA MEDIUM: OEE bajo: 44.7%
[09:22:00] src.core.scanner_manager DEBUG    Verificando estado del escáner... (intervalo: 3s)
[09:22:00] src.core.scanner_manager DEBUG    test_connection() retornó: True
[09:22:00] src.core.scanner_manager DEBUG    Estado anterior: True, Estado actual: True
[09:22:00] src.core.scanner_manager DEBUG    Estado del escáner sin cambios: conectado
[09:22:03] src.core.scanner_manager DEBUG    Verificando estado del escáner... (intervalo: 3s)
[09:22:03] src.core.scanner_manager DEBUG    test_connection() retornó: True
[09:22:03] src.core.scanner_manager DEBUG    Estado anterior: True, Estado actual: True
[09:22:03] src.core.scanner_manager DEBUG    Estado del escáner sin cambios: conectado
[09:22:06] src.core.scanner_manager DEBUG    Verificando estado del escáner... (intervalo: 3s)
[09:22:06] src.core.scanner_manager DEBUG    test_connection() retornó: True
[09:22:06] src.core.scanner_manager DEBUG    Estado anterior: True, Estado actual: True
[09:22:06] src.core.scanner_manager DEBUG    Estado del escáner sin cambios: conectado
[09:22:09] src.core.scanner_manager DEBUG    Verificando estado del escáner... (intervalo: 3s)
[09:22:09] src.core.scanner_manager DEBUG    test_connection() retornó: True
[09:22:09] src.core.scanner_manager DEBUG    Estado anterior: True, Estado actual: True
[09:22:09] src.core.scanner_manager DEBUG    Estado del escáner sin cambios: conectado
[09:22:12] src.core.scanner_manager DEBUG    Verificando estado del escáner... (intervalo: 3s)
[09:22:12] src.core.scanner_manager DEBUG    test_connection() retornó: True
[09:22:12] src.core.scanner_manager DEBUG    Estado anterior: True, Estado actual: True
[09:22:12] src.core.scanner_manager DEBUG    Estado del escáner sin cambios: conectado
[09:22:15] src.core.scanner_manager DEBUG    Verificando estado del escáner... (intervalo: 3s)
[09:22:15] src.core.scanner_manager DEBUG    test_connection() retornó: True
[09:22:15] src.core.scanner_manager DEBUG    Estado anterior: True, Estado actual: True
[09:22:15] src.core.scanner_manager DEBUG    Estado del escáner sin cambios: conectado
[09:22:18] src.core.scanner_manager DEBUG    Verificando estado del escáner... (intervalo: 3s)
[09:22:18] src.core.scanner_manager DEBUG    test_connection() retornó: True
[09:22:18] src.core.scanner_manager DEBUG    Estado anterior: True, Estado actual: True
[09:22:18] src.core.scanner_manager DEBUG    Estado del escáner sin cambios: conectado
[09:22:21] src.core.scanner_manager DEBUG    Verificando estado del escáner... (intervalo: 3s)
[09:22:21] src.core.scanner_manager DEBUG    test_connection() retornó: True
[09:22:21] src.core.scanner_manager DEBUG    Estado anterior: True, Estado actual: True
[09:22:21] src.core.scanner_manager DEBUG    Estado del escáner sin cambios: conectado
[09:22:24] src.core.scanner_manager DEBUG    Verificando estado del escáner... (intervalo: 3s)
[09:22:24] src.core.scanner_manager DEBUG    test_connection() retornó: True
[09:22:24] src.core.scanner_manager DEBUG    Estado anterior: True, Estado actual: True
[09:22:24] src.core.scanner_manager DEBUG    Estado del escáner sin cambios: conectado
[09:22:27] src.core.scanner_manager DEBUG    Verificando estado del escáner... (intervalo: 3s)
[09:22:27] src.core.scanner_manager DEBUG    test_connection() retornó: True
[09:22:27] src.core.scanner_manager DEBUG    Estado anterior: True, Estado actual: True
[09:22:27] src.core.scanner_manager DEBUG    Estado del escáner sin cambios: conectado
[09:22:29] src.services.analytics_service DEBUG    Análisis completo realizado
[09:22:29] src.services.analytics_service WARNING  ALERTA HIGH: Eficiencia baja: 47.0%
[09:22:29] src.services.analytics_service WARNING  ALERTA MEDIUM: OEE bajo: 44.7%
[09:22:30] src.core.scanner_manager DEBUG    Verificando estado del escáner... (intervalo: 3s)
[09:22:30] src.core.scanner_manager DEBUG    test_connection() retornó: True
[09:22:30] src.core.scanner_manager DEBUG    Estado anterior: True, Estado actual: True
[09:22:30] src.core.scanner_manager DEBUG    Estado del escáner sin cambios: conectado
[09:22:33] src.core.scanner_manager DEBUG    Verificando estado del escáner... (intervalo: 3s)
[09:22:33] src.core.scanner_manager DEBUG    test_connection() retornó: True
[09:22:33] src.core.scanner_manager DEBUG    Estado anterior: True, Estado actual: True
[09:22:33] src.core.scanner_manager DEBUG    Estado del escáner sin cambios: conectado
[09:22:36] src.core.scanner_manager DEBUG    Verificando estado del escáner... (intervalo: 3s)
[09:22:36] src.core.scanner_manager DEBUG    test_connection() retornó: True
[09:22:36] src.core.scanner_manager DEBUG    Estado anterior: True, Estado actual: True
[09:22:36] src.core.scanner_manager DEBUG    Estado del escáner sin cambios: conectado
[09:22:39] src.core.scanner_manager DEBUG    Verificando estado del escáner... (intervalo: 3s)
[09:22:39] src.core.scanner_manager DEBUG    test_connection() retornó: True
[09:22:39] src.core.scanner_manager DEBUG    Estado anterior: True, Estado actual: True
[09:22:39] src.core.scanner_manager DEBUG    Estado del escáner sin cambios: conectado
[09:22:42] src.core.scanner_manager DEBUG    Verificando estado del escáner... (intervalo: 3s)
[09:22:42] src.core.scanner_manager DEBUG    test_connection() retornó: True
[09:22:42] src.core.scanner_manager DEBUG    Estado anterior: True, Estado actual: True
[09:22:42] src.core.scanner_manager DEBUG    Estado del escáner sin cambios: conectado
[09:22:45] src.core.scanner_manager DEBUG    Verificando estado del escáner... (intervalo: 3s)
[09:22:45] src.core.scanner_manager DEBUG    test_connection() retornó: True
[09:22:45] src.core.scanner_manager DEBUG    Estado anterior: True, Estado actual: True
[09:22:45] src.core.scanner_manager DEBUG    Estado del escáner sin cambios: conectado
[09:22:48] src.core.scanner_manager DEBUG    Verificando estado del escáner... (intervalo: 3s)
[09:22:48] src.core.scanner_manager DEBUG    test_connection() retornó: True
[09:22:48] src.core.scanner_manager DEBUG    Estado anterior: True, Estado actual: True
[09:22:48] src.core.scanner_manager DEBUG    Estado del escáner sin cambios: conectado
[09:22:51] src.core.scanner_manager DEBUG    Verificando estado del escáner... (intervalo: 3s)
[09:22:51] src.core.scanner_manager DEBUG    test_connection() retornó: True
[09:22:51] src.core.scanner_manager DEBUG    Estado anterior: True, Estado actual: True
[09:22:51] src.core.scanner_manager DEBUG    Estado del escáner sin cambios: conectado
[09:22:54] src.core.scanner_manager DEBUG    Verificando estado del escáner... (intervalo: 3s)
[09:22:54] src.core.scanner_manager DEBUG    test_connection() retornó: True
[09:22:54] src.core.scanner_manager DEBUG    Estado anterior: True, Estado actual: True
[09:22:54] src.core.scanner_manager DEBUG    Estado del escáner sin cambios: conectado
[09:22:57] src.core.scanner_manager DEBUG    Verificando estado del escáner... (intervalo: 3s)
[09:22:57] src.core.scanner_manager DEBUG    test_connection() retornó: True
[09:22:57] src.core.scanner_manager DEBUG    Estado anterior: True, Estado actual: True
[09:22:57] src.core.scanner_manager DEBUG    Estado del escáner sin cambios: conectado
[09:22:59] src.services.analytics_service DEBUG    Análisis completo realizado
[09:22:59] src.services.analytics_service WARNING  ALERTA HIGH: Eficiencia baja: 47.0%
[09:22:59] src.services.analytics_service WARNING  ALERTA MEDIUM: OEE bajo: 44.7%
[09:23:00] src.core.scanner_manager DEBUG    Verificando estado del escáner... (intervalo: 3s)
[09:23:00] src.core.scanner_manager DEBUG    test_connection() retornó: True
[09:23:00] src.core.scanner_manager DEBUG    Estado anterior: True, Estado actual: True
[09:23:00] src.core.scanner_manager DEBUG    Estado del escáner sin cambios: conectado
[09:23:03] src.core.scanner_manager DEBUG    Verificando estado del escáner... (intervalo: 3s)
[09:23:03] src.core.scanner_manager DEBUG    test_connection() retornó: True
[09:23:03] src.core.scanner_manager DEBUG    Estado anterior: True, Estado actual: True
[09:23:03] src.core.scanner_manager DEBUG    Estado del escáner sin cambios: conectado
[09:23:06] src.core.scanner_manager DEBUG    Verificando estado del escáner... (intervalo: 3s)
[09:23:06] src.core.scanner_manager DEBUG    test_connection() retornó: True
[09:23:06] src.core.scanner_manager DEBUG    Estado anterior: True, Estado actual: True
[09:23:06] src.core.scanner_manager DEBUG    Estado del escáner sin cambios: conectado
[09:23:09] src.core.scanner_manager DEBUG    Verificando estado del escáner... (intervalo: 3s)
[09:23:09] src.core.scanner_manager DEBUG    test_connection() retornó: True
[09:23:09] src.core.scanner_manager DEBUG    Estado anterior: True, Estado actual: True
[09:23:09] src.core.scanner_manager DEBUG    Estado del escáner sin cambios: conectado
[09:23:12] src.core.scanner_manager DEBUG    Verificando estado del escáner... (intervalo: 3s)
[09:23:12] src.core.scanner_manager DEBUG    test_connection() retornó: True
[09:23:12] src.core.scanner_manager DEBUG    Estado anterior: True, Estado actual: True
[09:23:12] src.core.scanner_manager DEBUG    Estado del escáner sin cambios: conectado
[09:23:15] src.core.scanner_manager DEBUG    Verificando estado del escáner... (intervalo: 3s)
[09:23:15] src.core.scanner_manager DEBUG    test_connection() retornó: True
[09:23:15] src.core.scanner_manager DEBUG    Estado anterior: True, Estado actual: True
[09:23:15] src.core.scanner_manager DEBUG    Estado del escáner sin cambios: conectado
[09:23:18] src.core.scanner_manager DEBUG    Verificando estado del escáner... (intervalo: 3s)
[09:23:18] src.core.scanner_manager DEBUG    test_connection() retornó: True
[09:23:18] src.core.scanner_manager DEBUG    Estado anterior: True, Estado actual: True
[09:23:18] src.core.scanner_manager DEBUG    Estado del escáner sin cambios: conectado
[09:23:21] src.core.scanner_manager DEBUG    Verificando estado del escáner... (intervalo: 3s)
[09:23:21] src.core.scanner_manager DEBUG    test_connection() retornó: True
[09:23:21] src.core.scanner_manager DEBUG    Estado anterior: True, Estado actual: True
[09:23:21] src.core.scanner_manager DEBUG    Estado del escáner sin cambios: conectado
[09:23:24] src.core.scanner_manager DEBUG    Verificando estado del escáner... (intervalo: 3s)
[09:23:24] src.core.scanner_manager DEBUG    test_connection() retornó: True
[09:23:24] src.core.scanner_manager DEBUG    Estado anterior: True, Estado actual: True
[09:23:24] src.core.scanner_manager DEBUG    Estado del escáner sin cambios: conectado
[09:23:27] src.core.scanner_manager DEBUG    Verificando estado del escáner... (intervalo: 3s)
[09:23:27] src.core.scanner_manager DEBUG    test_connection() retornó: True
[09:23:27] src.core.scanner_manager DEBUG    Estado anterior: True, Estado actual: True
[09:23:27] src.core.scanner_manager DEBUG    Estado del escáner sin cambios: conectado
[09:23:29] src.services.analytics_service DEBUG    Análisis completo realizado
[09:23:29] src.services.analytics_service WARNING  ALERTA HIGH: Eficiencia baja: 47.0%
[09:23:29] src.services.analytics_service WARNING  ALERTA MEDIUM: OEE bajo: 44.7%
[09:23:30] src.core.scanner_manager DEBUG    Verificando estado del escáner... (intervalo: 3s)
[09:23:30] src.core.scanner_manager DEBUG    test_connection() retornó: True
[09:23:30] src.core.scanner_manager DEBUG    Estado anterior: True, Estado actual: True
[09:23:30] src.core.scanner_manager DEBUG    Estado del escáner sin cambios: conectado
[09:23:33] src.core.scanner_manager DEBUG    Verificando estado del escáner... (intervalo: 3s)
[09:23:33] src.core.scanner_manager DEBUG    test_connection() retornó: True
[09:23:33] src.core.scanner_manager DEBUG    Estado anterior: True, Estado actual: True
[09:23:33] src.core.scanner_manager DEBUG    Estado del escáner sin cambios: conectado
[09:23:36] src.core.scanner_manager DEBUG    Verificando estado del escáner... (intervalo: 3s)
[09:23:36] src.core.scanner_manager DEBUG    test_connection() retornó: True
[09:23:36] src.core.scanner_manager DEBUG    Estado anterior: True, Estado actual: True
[09:23:36] src.core.scanner_manager DEBUG    Estado del escáner sin cambios: conectado
[09:23:39] src.core.scanner_manager DEBUG    Verificando estado del escáner... (intervalo: 3s)
[09:23:39] src.core.scanner_manager DEBUG    test_connection() retornó: True
[09:23:39] src.core.scanner_manager DEBUG    Estado anterior: True, Estado actual: True
[09:23:39] src.core.scanner_manager DEBUG    Estado del escáner sin cambios: conectado
[09:23:42] src.core.scanner_manager DEBUG    Verificando estado del escáner... (intervalo: 3s)
[09:23:42] src.core.scanner_manager DEBUG    test_connection() retornó: True
[09:23:42] src.core.scanner_manager DEBUG    Estado anterior: True, Estado actual: True
[09:23:42] src.core.scanner_manager DEBUG    Estado del escáner sin cambios: conectado
[09:23:45] src.core.scanner_manager DEBUG    Verificando estado del escáner... (intervalo: 3s)
[09:23:45] src.core.scanner_manager DEBUG    test_connection() retornó: True
[09:23:45] src.core.scanner_manager DEBUG    Estado anterior: True, Estado actual: True
[09:23:45] src.core.scanner_manager DEBUG    Estado del escáner sin cambios: conectado
[09:23:48] src.core.scanner_manager DEBUG    Verificando estado del escáner... (intervalo: 3s)
[09:23:48] src.core.scanner_manager DEBUG    test_connection() retornó: True
[09:23:48] src.core.scanner_manager DEBUG    Estado anterior: True, Estado actual: True
[09:23:48] src.core.scanner_manager DEBUG    Estado del escáner sin cambios: conectado
[09:23:51] src.core.scanner_manager DEBUG    Verificando estado del escáner... (intervalo: 3s)
[09:23:51] src.core.scanner_manager DEBUG    test_connection() retornó: True
[09:23:51] src.core.scanner_manager DEBUG    Estado anterior: True, Estado actual: True
[09:23:51] src.core.scanner_manager DEBUG    Estado del escáner sin cambios: conectado
[09:23:54] src.core.scanner_manager DEBUG    Verificando estado del escáner... (intervalo: 3s)
[09:23:54] src.core.scanner_manager DEBUG    test_connection() retornó: True
[09:23:54] src.core.scanner_manager DEBUG    Estado anterior: True, Estado actual: True
[09:23:54] src.core.scanner_manager DEBUG    Estado del escáner sin cambios: conectado
[09:23:57] src.core.scanner_manager DEBUG    Verificando estado del escáner... (intervalo: 3s)
[09:23:57] src.core.scanner_manager DEBUG    test_connection() retornó: True
[09:23:57] src.core.scanner_manager DEBUG    Estado anterior: True, Estado actual: True
[09:23:57] src.core.scanner_manager DEBUG    Estado del escáner sin cambios: conectado
[09:23:59] src.services.analytics_service DEBUG    Análisis completo realizado
[09:23:59] src.services.analytics_service WARNING  ALERTA HIGH: Eficiencia baja: 47.0%
[09:23:59] src.services.analytics_service WARNING  ALERTA MEDIUM: OEE bajo: 44.7%
[09:24:00] src.core.scanner_manager DEBUG    Verificando estado del escáner... (intervalo: 3s)
[09:24:00] src.core.scanner_manager DEBUG    test_connection() retornó: True
[09:24:00] src.core.scanner_manager DEBUG    Estado anterior: True, Estado actual: True
[09:24:00] src.core.scanner_manager DEBUG    Estado del escáner sin cambios: conectado
[09:24:03] src.core.scanner_manager DEBUG    Verificando estado del escáner... (intervalo: 3s)
[09:24:03] src.core.scanner_manager DEBUG    test_connection() retornó: True
[09:24:03] src.core.scanner_manager DEBUG    Estado anterior: True, Estado actual: True
[09:24:03] src.core.scanner_manager DEBUG    Estado del escáner sin cambios: conectado
[09:24:06] src.core.scanner_manager DEBUG    Verificando estado del escáner... (intervalo: 3s)
[09:24:06] src.core.scanner_manager DEBUG    test_connection() retornó: True
[09:24:06] src.core.scanner_manager DEBUG    Estado anterior: True, Estado actual: True
[09:24:06] src.core.scanner_manager DEBUG    Estado del escáner sin cambios: conectado
[09:24:09] src.core.scanner_manager DEBUG    Verificando estado del escáner... (intervalo: 3s)
[09:24:09] src.core.scanner_manager DEBUG    test_connection() retornó: True
[09:24:09] src.core.scanner_manager DEBUG    Estado anterior: True, Estado actual: True
[09:24:09] src.core.scanner_manager DEBUG    Estado del escáner sin cambios: conectado
[09:24:12] src.core.scanner_manager DEBUG    Verificando estado del escáner... (intervalo: 3s)
[09:24:12] src.core.scanner_manager DEBUG    test_connection() retornó: True
[09:24:12] src.core.scanner_manager DEBUG    Estado anterior: True, Estado actual: True
[09:24:12] src.core.scanner_manager DEBUG    Estado del escáner sin cambios: conectado
[09:24:15] src.core.scanner_manager DEBUG    Verificando estado del escáner... (intervalo: 3s)
[09:24:15] src.core.scanner_manager DEBUG    test_connection() retornó: True
[09:24:15] src.core.scanner_manager DEBUG    Estado anterior: True, Estado actual: True
[09:24:15] src.core.scanner_manager DEBUG    Estado del escáner sin cambios: conectado
[09:24:18] src.core.scanner_manager DEBUG    Verificando estado del escáner... (intervalo: 3s)
[09:24:18] src.core.scanner_manager DEBUG    test_connection() retornó: True
[09:24:18] src.core.scanner_manager DEBUG    Estado anterior: True, Estado actual: True
[09:24:18] src.core.scanner_manager DEBUG    Estado del escáner sin cambios: conectado
[09:24:21] src.core.scanner_manager DEBUG    Verificando estado del escáner... (intervalo: 3s)
[09:24:21] src.core.scanner_manager DEBUG    test_connection() retornó: True
[09:24:21] src.core.scanner_manager DEBUG    Estado anterior: True, Estado actual: True
[09:24:21] src.core.scanner_manager DEBUG    Estado del escáner sin cambios: conectado
[09:24:24] src.core.scanner_manager DEBUG    Verificando estado del escáner... (intervalo: 3s)
[09:24:24] src.core.scanner_manager DEBUG    test_connection() retornó: True
[09:24:24] src.core.scanner_manager DEBUG    Estado anterior: True, Estado actual: True
[09:24:24] src.core.scanner_manager DEBUG    Estado del escáner sin cambios: conectado
[09:24:27] src.core.scanner_manager DEBUG    Verificando estado del escáner... (intervalo: 3s)
[09:24:27] src.core.scanner_manager DEBUG    test_connection() retornó: True
[09:24:27] src.core.scanner_manager DEBUG    Estado anterior: True, Estado actual: True
[09:24:27] src.core.scanner_manager DEBUG    Estado del escáner sin cambios: conectado
[09:24:29] src.services.analytics_service DEBUG    Análisis completo realizado
[09:24:29] src.services.analytics_service WARNING  ALERTA HIGH: Eficiencia baja: 47.0%
[09:24:29] src.services.analytics_service WARNING  ALERTA MEDIUM: OEE bajo: 44.7%
[09:24:30] src.core.scanner_manager DEBUG    Verificando estado del escáner... (intervalo: 3s)
[09:24:30] src.core.scanner_manager DEBUG    test_connection() retornó: True
[09:24:30] src.core.scanner_manager DEBUG    Estado anterior: True, Estado actual: True
[09:24:30] src.core.scanner_manager DEBUG    Estado del escáner sin cambios: conectado
[09:24:33] src.core.scanner_manager DEBUG    Verificando estado del escáner... (intervalo: 3s)
[09:24:33] src.core.scanner_manager DEBUG    test_connection() retornó: True
[09:24:33] src.core.scanner_manager DEBUG    Estado anterior: True, Estado actual: True
[09:24:33] src.core.scanner_manager DEBUG    Estado del escáner sin cambios: conectado
[09:24:36] src.core.scanner_manager DEBUG    Verificando estado del escáner... (intervalo: 3s)
[09:24:36] src.core.scanner_manager DEBUG    test_connection() retornó: True
[09:24:36] src.core.scanner_manager DEBUG    Estado anterior: True, Estado actual: True
[09:24:36] src.core.scanner_manager DEBUG    Estado del escáner sin cambios: conectado
[09:24:39] src.core.scanner_manager DEBUG    Verificando estado del escáner... (intervalo: 3s)
[09:24:39] src.core.scanner_manager DEBUG    test_connection() retornó: True
[09:24:39] src.core.scanner_manager DEBUG    Estado anterior: True, Estado actual: True
[09:24:39] src.core.scanner_manager DEBUG    Estado del escáner sin cambios: conectado
[09:24:42] src.core.scanner_manager DEBUG    Verificando estado del escáner... (intervalo: 3s)
[09:24:42] src.core.scanner_manager DEBUG    test_connection() retornó: True
[09:24:42] src.core.scanner_manager DEBUG    Estado anterior: True, Estado actual: True
[09:24:42] src.core.scanner_manager DEBUG    Estado del escáner sin cambios: conectado
[09:24:45] src.core.scanner_manager DEBUG    Verificando estado del escáner... (intervalo: 3s)
[09:24:45] src.core.scanner_manager DEBUG    test_connection() retornó: True
[09:24:45] src.core.scanner_manager DEBUG    Estado anterior: True, Estado actual: True
[09:24:45] src.core.scanner_manager DEBUG    Estado del escáner sin cambios: conectado
[09:24:48] src.core.scanner_manager DEBUG    Verificando estado del escáner... (intervalo: 3s)
[09:24:48] src.core.scanner_manager DEBUG    test_connection() retornó: True
[09:24:48] src.core.scanner_manager DEBUG    Estado anterior: True, Estado actual: True
[09:24:48] src.core.scanner_manager DEBUG    Estado del escáner sin cambios: conectado
[09:24:51] src.core.scanner_manager DEBUG    Verificando estado del escáner... (intervalo: 3s)
[09:24:51] src.core.scanner_manager DEBUG    test_connection() retornó: True
[09:24:51] src.core.scanner_manager DEBUG    Estado anterior: True, Estado actual: True
[09:24:51] src.core.scanner_manager DEBUG    Estado del escáner sin cambios: conectado
[09:24:54] src.core.scanner_manager DEBUG    Verificando estado del escáner... (intervalo: 3s)
[09:24:54] src.core.scanner_manager DEBUG    test_connection() retornó: True
[09:24:54] src.core.scanner_manager DEBUG    Estado anterior: True, Estado actual: True
[09:24:54] src.core.scanner_manager DEBUG    Estado del escáner sin cambios: conectado
[09:24:57] src.core.scanner_manager DEBUG    Verificando estado del escáner... (intervalo: 3s)
[09:24:57] src.core.scanner_manager DEBUG    test_connection() retornó: True
[09:24:57] src.core.scanner_manager DEBUG    Estado anterior: True, Estado actual: True
[09:24:57] src.core.scanner_manager DEBUG    Estado del escáner sin cambios: conectado
[09:24:59] src.services.analytics_service DEBUG    Análisis completo realizado
[09:24:59] src.services.analytics_service WARNING  ALERTA HIGH: Eficiencia baja: 47.0%
[09:24:59] src.services.analytics_service WARNING  ALERTA MEDIUM: OEE bajo: 44.7%
[09:25:00] src.core.scanner_manager DEBUG    Verificando estado del escáner... (intervalo: 3s)
[09:25:00] src.core.scanner_manager DEBUG    test_connection() retornó: True
[09:25:00] src.core.scanner_manager DEBUG    Estado anterior: True, Estado actual: True
[09:25:00] src.core.scanner_manager DEBUG    Estado del escáner sin cambios: conectado
[09:25:03] src.core.scanner_manager DEBUG    Verificando estado del escáner... (intervalo: 3s)
[09:25:03] src.core.scanner_manager DEBUG    test_connection() retornó: True
[09:25:03] src.core.scanner_manager DEBUG    Estado anterior: True, Estado actual: True
[09:25:03] src.core.scanner_manager DEBUG    Estado del escáner sin cambios: conectado
[09:25:06] src.core.scanner_manager DEBUG    Verificando estado del escáner... (intervalo: 3s)
[09:25:06] src.core.scanner_manager DEBUG    test_connection() retornó: True
[09:25:06] src.core.scanner_manager DEBUG    Estado anterior: True, Estado actual: True
[09:25:06] src.core.scanner_manager DEBUG    Estado del escáner sin cambios: conectado
[09:25:09] src.core.scanner_manager DEBUG    Verificando estado del escáner... (intervalo: 3s)
[09:25:09] src.core.scanner_manager DEBUG    test_connection() retornó: True
[09:25:09] src.core.scanner_manager DEBUG    Estado anterior: True, Estado actual: True
[09:25:09] src.core.scanner_manager DEBUG    Estado del escáner sin cambios: conectado
[09:25:12] src.core.scanner_manager DEBUG    Verificando estado del escáner... (intervalo: 3s)
[09:25:12] src.core.scanner_manager DEBUG    test_connection() retornó: True
[09:25:12] src.core.scanner_manager DEBUG    Estado anterior: True, Estado actual: True
[09:25:12] src.core.scanner_manager DEBUG    Estado del escáner sin cambios: conectado
[09:25:15] src.core.scanner_manager DEBUG    Verificando estado del escáner... (intervalo: 3s)
[09:25:15] src.core.scanner_manager DEBUG    test_connection() retornó: True
[09:25:15] src.core.scanner_manager DEBUG    Estado anterior: True, Estado actual: True
[09:25:15] src.core.scanner_manager DEBUG    Estado del escáner sin cambios: conectado
[09:25:18] src.core.scanner_manager DEBUG    Verificando estado del escáner... (intervalo: 3s)
[09:25:18] src.core.scanner_manager DEBUG    test_connection() retornó: True
[09:25:18] src.core.scanner_manager DEBUG    Estado anterior: True, Estado actual: True
[09:25:18] src.core.scanner_manager DEBUG    Estado del escáner sin cambios: conectado
[09:25:21] src.core.scanner_manager DEBUG    Verificando estado del escáner... (intervalo: 3s)
[09:25:21] src.core.scanner_manager DEBUG    test_connection() retornó: True
[09:25:21] src.core.scanner_manager DEBUG    Estado anterior: True, Estado actual: True
[09:25:21] src.core.scanner_manager DEBUG    Estado del escáner sin cambios: conectado
[09:25:24] src.core.scanner_manager DEBUG    Verificando estado del escáner... (intervalo: 3s)
[09:25:24] src.core.scanner_manager DEBUG    test_connection() retornó: True
[09:25:24] src.core.scanner_manager DEBUG    Estado anterior: True, Estado actual: True
[09:25:24] src.core.scanner_manager DEBUG    Estado del escáner sin cambios: conectado
[09:25:27] src.core.scanner_manager DEBUG    Verificando estado del escáner... (intervalo: 3s)
[09:25:27] src.core.scanner_manager DEBUG    test_connection() retornó: True
[09:25:27] src.core.scanner_manager DEBUG    Estado anterior: True, Estado actual: True
[09:25:27] src.core.scanner_manager DEBUG    Estado del escáner sin cambios: conectado
[09:25:29] src.services.analytics_service DEBUG    Análisis completo realizado
[09:25:29] src.services.analytics_service WARNING  ALERTA HIGH: Eficiencia baja: 47.0%
[09:25:29] src.services.analytics_service WARNING  ALERTA MEDIUM: OEE bajo: 44.7%
[09:25:30] src.core.scanner_manager DEBUG    Verificando estado del escáner... (intervalo: 3s)
[09:25:30] src.core.scanner_manager DEBUG    test_connection() retornó: True
[09:25:30] src.core.scanner_manager DEBUG    Estado anterior: True, Estado actual: True
[09:25:30] src.core.scanner_manager DEBUG    Estado del escáner sin cambios: conectado
[09:25:33] src.core.scanner_manager DEBUG    Verificando estado del escáner... (intervalo: 3s)
[09:25:33] src.core.scanner_manager DEBUG    test_connection() retornó: True
[09:25:33] src.core.scanner_manager DEBUG    Estado anterior: True, Estado actual: True
[09:25:33] src.core.scanner_manager DEBUG    Estado del escáner sin cambios: conectado
[09:25:36] src.core.scanner_manager DEBUG    Verificando estado del escáner... (intervalo: 3s)
[09:25:36] src.core.scanner_manager DEBUG    test_connection() retornó: True
[09:25:36] src.core.scanner_manager DEBUG    Estado anterior: True, Estado actual: True
[09:25:36] src.core.scanner_manager DEBUG    Estado del escáner sin cambios: conectado
[09:25:39] src.core.scanner_manager DEBUG    Verificando estado del escáner... (intervalo: 3s)
[09:25:39] src.core.scanner_manager DEBUG    test_connection() retornó: True
[09:25:39] src.core.scanner_manager DEBUG    Estado anterior: True, Estado actual: True
[09:25:39] src.core.scanner_manager DEBUG    Estado del escáner sin cambios: conectado
[09:25:42] src.core.scanner_manager DEBUG    Verificando estado del escáner... (intervalo: 3s)
[09:25:42] src.core.scanner_manager DEBUG    test_connection() retornó: True
[09:25:42] src.core.scanner_manager DEBUG    Estado anterior: True, Estado actual: True
[09:25:42] src.core.scanner_manager DEBUG    Estado del escáner sin cambios: conectado
[09:25:45] src.core.scanner_manager DEBUG    Verificando estado del escáner... (intervalo: 3s)
[09:25:45] src.core.scanner_manager DEBUG    test_connection() retornó: True
[09:25:45] src.core.scanner_manager DEBUG    Estado anterior: True, Estado actual: True
[09:25:45] src.core.scanner_manager DEBUG    Estado del escáner sin cambios: conectado
[09:25:48] src.core.scanner_manager DEBUG    Verificando estado del escáner... (intervalo: 3s)
[09:25:48] src.core.scanner_manager DEBUG    test_connection() retornó: True
[09:25:48] src.core.scanner_manager DEBUG    Estado anterior: True, Estado actual: True
[09:25:48] src.core.scanner_manager DEBUG    Estado del escáner sin cambios: conectado
[09:25:51] src.core.scanner_manager DEBUG    Verificando estado del escáner... (intervalo: 3s)
[09:25:51] src.core.scanner_manager DEBUG    test_connection() retornó: True
[09:25:51] src.core.scanner_manager DEBUG    Estado anterior: True, Estado actual: True
[09:25:51] src.core.scanner_manager DEBUG    Estado del escáner sin cambios: conectado
[09:25:54] src.core.scanner_manager DEBUG    Verificando estado del escáner... (intervalo: 3s)
[09:25:54] src.core.scanner_manager DEBUG    test_connection() retornó: True
[09:25:54] src.core.scanner_manager DEBUG    Estado anterior: True, Estado actual: True
[09:25:54] src.core.scanner_manager DEBUG    Estado del escáner sin cambios: conectado
[09:25:57] src.core.scanner_manager DEBUG    Verificando estado del escáner... (intervalo: 3s)
[09:25:57] src.core.scanner_manager DEBUG    test_connection() retornó: True
[09:25:57] src.core.scanner_manager DEBUG    Estado anterior: True, Estado actual: True
[09:25:57] src.core.scanner_manager DEBUG    Estado del escáner sin cambios: conectado
[09:25:59] src.services.analytics_service DEBUG    Análisis completo realizado
[09:25:59] src.services.analytics_service WARNING  ALERTA HIGH: Eficiencia baja: 47.0%
[09:25:59] src.services.analytics_service WARNING  ALERTA MEDIUM: OEE bajo: 44.7%
[09:26:00] src.core.scanner_manager DEBUG    Verificando estado del escáner... (intervalo: 3s)
[09:26:00] src.core.scanner_manager DEBUG    test_connection() retornó: True
[09:26:00] src.core.scanner_manager DEBUG    Estado anterior: True, Estado actual: True
[09:26:00] src.core.scanner_manager DEBUG    Estado del escáner sin cambios: conectado
[09:26:03] src.core.scanner_manager DEBUG    Verificando estado del escáner... (intervalo: 3s)
[09:26:03] src.core.scanner_manager DEBUG    test_connection() retornó: True
[09:26:03] src.core.scanner_manager DEBUG    Estado anterior: True, Estado actual: True
[09:26:03] src.core.scanner_manager DEBUG    Estado del escáner sin cambios: conectado
[09:26:06] src.core.scanner_manager DEBUG    Verificando estado del escáner... (intervalo: 3s)
[09:26:06] src.core.scanner_manager DEBUG    test_connection() retornó: True
[09:26:06] src.core.scanner_manager DEBUG    Estado anterior: True, Estado actual: True
[09:26:06] src.core.scanner_manager DEBUG    Estado del escáner sin cambios: conectado
[09:26:09] src.core.scanner_manager DEBUG    Verificando estado del escáner... (intervalo: 3s)
[09:26:09] src.core.scanner_manager DEBUG    test_connection() retornó: True
[09:26:09] src.core.scanner_manager DEBUG    Estado anterior: True, Estado actual: True
[09:26:09] src.core.scanner_manager DEBUG    Estado del escáner sin cambios: conectado
[09:26:12] src.core.scanner_manager DEBUG    Verificando estado del escáner... (intervalo: 3s)
[09:26:12] src.core.scanner_manager DEBUG    test_connection() retornó: True
[09:26:12] src.core.scanner_manager DEBUG    Estado anterior: True, Estado actual: True
[09:26:12] src.core.scanner_manager DEBUG    Estado del escáner sin cambios: conectado
[09:26:15] src.core.scanner_manager DEBUG    Verificando estado del escáner... (intervalo: 3s)
[09:26:15] src.core.scanner_manager DEBUG    test_connection() retornó: True
[09:26:15] src.core.scanner_manager DEBUG    Estado anterior: True, Estado actual: True
[09:26:15] src.core.scanner_manager DEBUG    Estado del escáner sin cambios: conectado
[09:26:18] src.core.scanner_manager DEBUG    Verificando estado del escáner... (intervalo: 3s)
[09:26:18] src.core.scanner_manager DEBUG    test_connection() retornó: True
[09:26:18] src.core.scanner_manager DEBUG    Estado anterior: True, Estado actual: True
[09:26:18] src.core.scanner_manager DEBUG    Estado del escáner sin cambios: conectado
[09:26:21] src.core.scanner_manager DEBUG    Verificando estado del escáner... (intervalo: 3s)
[09:26:21] src.core.scanner_manager DEBUG    test_connection() retornó: True
[09:26:21] src.core.scanner_manager DEBUG    Estado anterior: True, Estado actual: True
[09:26:21] src.core.scanner_manager DEBUG    Estado del escáner sin cambios: conectado
[09:26:24] src.core.scanner_manager DEBUG    Verificando estado del escáner... (intervalo: 3s)
[09:26:24] src.core.scanner_manager DEBUG    test_connection() retornó: True
[09:26:24] src.core.scanner_manager DEBUG    Estado anterior: True, Estado actual: True
[09:26:24] src.core.scanner_manager DEBUG    Estado del escáner sin cambios: conectado
[09:26:27] src.core.scanner_manager DEBUG    Verificando estado del escáner... (intervalo: 3s)
[09:26:27] src.core.scanner_manager DEBUG    test_connection() retornó: True
[09:26:27] src.core.scanner_manager DEBUG    Estado anterior: True, Estado actual: True
[09:26:27] src.core.scanner_manager DEBUG    Estado del escáner sin cambios: conectado
[09:26:29] src.services.analytics_service DEBUG    Análisis completo realizado
[09:26:29] src.services.analytics_service WARNING  ALERTA HIGH: Eficiencia baja: 47.0%
[09:26:29] src.services.analytics_service WARNING  ALERTA MEDIUM: OEE bajo: 44.7%
[09:26:30] src.core.scanner_manager DEBUG    Verificando estado del escáner... (intervalo: 3s)
[09:26:30] src.core.scanner_manager DEBUG    test_connection() retornó: True
[09:26:30] src.core.scanner_manager DEBUG    Estado anterior: True, Estado actual: True
[09:26:30] src.core.scanner_manager DEBUG    Estado del escáner sin cambios: conectado
[09:26:33] src.core.scanner_manager DEBUG    Verificando estado del escáner... (intervalo: 3s)
[09:26:33] src.core.scanner_manager DEBUG    test_connection() retornó: True
[09:26:33] src.core.scanner_manager DEBUG    Estado anterior: True, Estado actual: True
[09:26:33] src.core.scanner_manager DEBUG    Estado del escáner sin cambios: conectado
[09:26:36] src.core.scanner_manager DEBUG    Verificando estado del escáner... (intervalo: 3s)
[09:26:36] src.core.scanner_manager DEBUG    test_connection() retornó: True
[09:26:36] src.core.scanner_manager DEBUG    Estado anterior: True, Estado actual: True
[09:26:36] src.core.scanner_manager DEBUG    Estado del escáner sin cambios: conectado
[09:26:39] src.core.scanner_manager DEBUG    Verificando estado del escáner... (intervalo: 3s)
[09:26:39] src.core.scanner_manager DEBUG    test_connection() retornó: True
[09:26:39] src.core.scanner_manager DEBUG    Estado anterior: True, Estado actual: True
[09:26:39] src.core.scanner_manager DEBUG    Estado del escáner sin cambios: conectado
[09:26:42] src.core.scanner_manager DEBUG    Verificando estado del escáner... (intervalo: 3s)
[09:26:42] src.core.scanner_manager DEBUG    test_connection() retornó: True
[09:26:42] src.core.scanner_manager DEBUG    Estado anterior: True, Estado actual: True
[09:26:42] src.core.scanner_manager DEBUG    Estado del escáner sin cambios: conectado
[09:26:45] src.core.scanner_manager DEBUG    Verificando estado del escáner... (intervalo: 3s)
[09:26:45] src.core.scanner_manager DEBUG    test_connection() retornó: True
[09:26:45] src.core.scanner_manager DEBUG    Estado anterior: True, Estado actual: True
[09:26:45] src.core.scanner_manager DEBUG    Estado del escáner sin cambios: conectado
[09:26:48] src.core.scanner_manager DEBUG    Verificando estado del escáner... (intervalo: 3s)
[09:26:48] src.core.scanner_manager DEBUG    test_connection() retornó: True
[09:26:48] src.core.scanner_manager DEBUG    Estado anterior: True, Estado actual: True
[09:26:48] src.core.scanner_manager DEBUG    Estado del escáner sin cambios: conectado
[09:26:51] src.core.scanner_manager DEBUG    Verificando estado del escáner... (intervalo: 3s)
[09:26:51] src.core.scanner_manager DEBUG    test_connection() retornó: True
[09:26:51] src.core.scanner_manager DEBUG    Estado anterior: True, Estado actual: True
[09:26:51] src.core.scanner_manager DEBUG    Estado del escáner sin cambios: conectado
[09:26:54] src.core.scanner_manager DEBUG    Verificando estado del escáner... (intervalo: 3s)
[09:26:54] src.core.scanner_manager DEBUG    test_connection() retornó: True
[09:26:54] src.core.scanner_manager DEBUG    Estado anterior: True, Estado actual: True
[09:26:54] src.core.scanner_manager DEBUG    Estado del escáner sin cambios: conectado
[09:26:57] src.core.scanner_manager DEBUG    Verificando estado del escáner... (intervalo: 3s)
[09:26:57] src.core.scanner_manager DEBUG    test_connection() retornó: True
[09:26:57] src.core.scanner_manager DEBUG    Estado anterior: True, Estado actual: True
[09:26:57] src.core.scanner_manager DEBUG    Estado del escáner sin cambios: conectado
[09:26:59] src.services.analytics_service DEBUG    Análisis completo realizado
[09:26:59] src.services.analytics_service WARNING  ALERTA HIGH: Eficiencia baja: 47.0%
[09:26:59] src.services.analytics_service WARNING  ALERTA MEDIUM: OEE bajo: 44.7%
[09:27:00] src.core.scanner_manager DEBUG    Verificando estado del escáner... (intervalo: 3s)
[09:27:00] src.core.scanner_manager DEBUG    test_connection() retornó: True
[09:27:00] src.core.scanner_manager DEBUG    Estado anterior: True, Estado actual: True
[09:27:00] src.core.scanner_manager DEBUG    Estado del escáner sin cambios: conectado
[09:27:03] src.core.scanner_manager DEBUG    Verificando estado del escáner... (intervalo: 3s)
[09:27:03] src.core.scanner_manager DEBUG    test_connection() retornó: True
[09:27:03] src.core.scanner_manager DEBUG    Estado anterior: True, Estado actual: True
[09:27:03] src.core.scanner_manager DEBUG    Estado del escáner sin cambios: conectado
[09:27:06] src.core.scanner_manager DEBUG    Verificando estado del escáner... (intervalo: 3s)
[09:27:06] src.core.scanner_manager DEBUG    test_connection() retornó: True
[09:27:06] src.core.scanner_manager DEBUG    Estado anterior: True, Estado actual: True
[09:27:06] src.core.scanner_manager DEBUG    Estado del escáner sin cambios: conectado
[09:27:09] src.core.scanner_manager DEBUG    Verificando estado del escáner... (intervalo: 3s)
[09:27:09] src.core.scanner_manager DEBUG    test_connection() retornó: True
[09:27:09] src.core.scanner_manager DEBUG    Estado anterior: True, Estado actual: True
[09:27:09] src.core.scanner_manager DEBUG    Estado del escáner sin cambios: conectado
[09:27:12] src.core.scanner_manager DEBUG    Verificando estado del escáner... (intervalo: 3s)
[09:27:12] src.core.scanner_manager DEBUG    test_connection() retornó: True
[09:27:12] src.core.scanner_manager DEBUG    Estado anterior: True, Estado actual: True
[09:27:12] src.core.scanner_manager DEBUG    Estado del escáner sin cambios: conectado
[09:27:15] src.core.scanner_manager DEBUG    Verificando estado del escáner... (intervalo: 3s)
[09:27:15] src.core.scanner_manager DEBUG    test_connection() retornó: True
[09:27:15] src.core.scanner_manager DEBUG    Estado anterior: True, Estado actual: True
[09:27:15] src.core.scanner_manager DEBUG    Estado del escáner sin cambios: conectado
[09:27:18] src.core.scanner_manager DEBUG    Verificando estado del escáner... (intervalo: 3s)
[09:27:18] src.core.scanner_manager DEBUG    test_connection() retornó: True
[09:27:18] src.core.scanner_manager DEBUG    Estado anterior: True, Estado actual: True
[09:27:18] src.core.scanner_manager DEBUG    Estado del escáner sin cambios: conectado
[09:27:21] src.core.scanner_manager DEBUG    Verificando estado del escáner... (intervalo: 3s)
[09:27:21] src.core.scanner_manager DEBUG    test_connection() retornó: True
[09:27:21] src.core.scanner_manager DEBUG    Estado anterior: True, Estado actual: True
[09:27:21] src.core.scanner_manager DEBUG    Estado del escáner sin cambios: conectado
[09:27:24] src.core.scanner_manager DEBUG    Verificando estado del escáner... (intervalo: 3s)
[09:27:24] src.core.scanner_manager DEBUG    test_connection() retornó: True
[09:27:24] src.core.scanner_manager DEBUG    Estado anterior: True, Estado actual: True
[09:27:24] src.core.scanner_manager DEBUG    Estado del escáner sin cambios: conectado
[09:27:27] src.core.scanner_manager DEBUG    Verificando estado del escáner... (intervalo: 3s)
[09:27:27] src.core.scanner_manager DEBUG    test_connection() retornó: True
[09:27:27] src.core.scanner_manager DEBUG    Estado anterior: True, Estado actual: True
[09:27:27] src.core.scanner_manager DEBUG    Estado del escáner sin cambios: conectado
[09:27:29] src.services.analytics_service DEBUG    Análisis completo realizado
[09:27:29] src.services.analytics_service WARNING  ALERTA HIGH: Eficiencia baja: 47.0%
[09:27:29] src.services.analytics_service WARNING  ALERTA MEDIUM: OEE bajo: 44.7%
[09:27:30] src.core.scanner_manager DEBUG    Verificando estado del escáner... (intervalo: 3s)
[09:27:30] src.core.scanner_manager DEBUG    test_connection() retornó: True
[09:27:30] src.core.scanner_manager DEBUG    Estado anterior: True, Estado actual: True
[09:27:30] src.core.scanner_manager DEBUG    Estado del escáner sin cambios: conectado
[09:27:33] src.core.scanner_manager DEBUG    Verificando estado del escáner... (intervalo: 3s)
[09:27:33] src.core.scanner_manager DEBUG    test_connection() retornó: True
[09:27:33] src.core.scanner_manager DEBUG    Estado anterior: True, Estado actual: True
[09:27:33] src.core.scanner_manager DEBUG    Estado del escáner sin cambios: conectado
[09:27:36] src.core.scanner_manager DEBUG    Verificando estado del escáner... (intervalo: 3s)
[09:27:36] src.core.scanner_manager DEBUG    test_connection() retornó: True
[09:27:36] src.core.scanner_manager DEBUG    Estado anterior: True, Estado actual: True
[09:27:36] src.core.scanner_manager DEBUG    Estado del escáner sin cambios: conectado
[09:27:39] src.core.scanner_manager DEBUG    Verificando estado del escáner... (intervalo: 3s)
[09:27:39] src.core.scanner_manager DEBUG    test_connection() retornó: True
[09:27:39] src.core.scanner_manager DEBUG    Estado anterior: True, Estado actual: True
[09:27:39] src.core.scanner_manager DEBUG    Estado del escáner sin cambios: conectado
[09:27:42] src.core.scanner_manager DEBUG    Verificando estado del escáner... (intervalo: 3s)
[09:27:42] src.core.scanner_manager DEBUG    test_connection() retornó: True
[09:27:42] src.core.scanner_manager DEBUG    Estado anterior: True, Estado actual: True
[09:27:42] src.core.scanner_manager DEBUG    Estado del escáner sin cambios: conectado
[09:27:45] src.core.scanner_manager DEBUG    Verificando estado del escáner... (intervalo: 3s)
[09:27:45] src.core.scanner_manager DEBUG    test_connection() retornó: True
[09:27:45] src.core.scanner_manager DEBUG    Estado anterior: True, Estado actual: True
[09:27:45] src.core.scanner_manager DEBUG    Estado del escáner sin cambios: conectado
[09:27:48] src.core.scanner_manager DEBUG    Verificando estado del escáner... (intervalo: 3s)
[09:27:48] src.core.scanner_manager DEBUG    test_connection() retornó: True
[09:27:48] src.core.scanner_manager DEBUG    Estado anterior: True, Estado actual: True
[09:27:48] src.core.scanner_manager DEBUG    Estado del escáner sin cambios: conectado
[09:27:51] src.core.scanner_manager DEBUG    Verificando estado del escáner... (intervalo: 3s)
[09:27:51] src.core.scanner_manager DEBUG    test_connection() retornó: True
[09:27:51] src.core.scanner_manager DEBUG    Estado anterior: True, Estado actual: True
[09:27:51] src.core.scanner_manager DEBUG    Estado del escáner sin cambios: conectado
[09:27:54] src.core.scanner_manager DEBUG    Verificando estado del escáner... (intervalo: 3s)
[09:27:54] src.core.scanner_manager DEBUG    test_connection() retornó: True
[09:27:54] src.core.scanner_manager DEBUG    Estado anterior: True, Estado actual: True
[09:27:54] src.core.scanner_manager DEBUG    Estado del escáner sin cambios: conectado
[09:27:57] src.core.scanner_manager DEBUG    Verificando estado del escáner... (intervalo: 3s)
[09:27:57] src.core.scanner_manager DEBUG    test_connection() retornó: True
[09:27:57] src.core.scanner_manager DEBUG    Estado anterior: True, Estado actual: True
[09:27:57] src.core.scanner_manager DEBUG    Estado del escáner sin cambios: conectado
[09:27:59] src.services.analytics_service DEBUG    Análisis completo realizado
[09:27:59] src.services.analytics_service WARNING  ALERTA HIGH: Eficiencia baja: 47.0%
[09:27:59] src.services.analytics_service WARNING  ALERTA MEDIUM: OEE bajo: 44.7%
[09:28:00] src.core.scanner_manager DEBUG    Verificando estado del escáner... (intervalo: 3s)
[09:28:00] src.core.scanner_manager DEBUG    test_connection() retornó: True
[09:28:00] src.core.scanner_manager DEBUG    Estado anterior: True, Estado actual: True
[09:28:00] src.core.scanner_manager DEBUG    Estado del escáner sin cambios: conectado
[09:28:03] src.core.scanner_manager DEBUG    Verificando estado del escáner... (intervalo: 3s)
[09:28:03] src.core.scanner_manager DEBUG    test_connection() retornó: True
[09:28:03] src.core.scanner_manager DEBUG    Estado anterior: True, Estado actual: True
[09:28:03] src.core.scanner_manager DEBUG    Estado del escáner sin cambios: conectado
[09:28:06] src.core.scanner_manager DEBUG    Verificando estado del escáner... (intervalo: 3s)
[09:28:06] src.core.scanner_manager DEBUG    test_connection() retornó: True
[09:28:06] src.core.scanner_manager DEBUG    Estado anterior: True, Estado actual: True
[09:28:06] src.core.scanner_manager DEBUG    Estado del escáner sin cambios: conectado
[09:28:09] src.core.scanner_manager DEBUG    Verificando estado del escáner... (intervalo: 3s)
[09:28:09] src.core.scanner_manager DEBUG    test_connection() retornó: True
[09:28:09] src.core.scanner_manager DEBUG    Estado anterior: True, Estado actual: True
[09:28:09] src.core.scanner_manager DEBUG    Estado del escáner sin cambios: conectado
[09:28:12] src.core.scanner_manager DEBUG    Verificando estado del escáner... (intervalo: 3s)
[09:28:12] src.core.scanner_manager DEBUG    test_connection() retornó: True
[09:28:12] src.core.scanner_manager DEBUG    Estado anterior: True, Estado actual: True
[09:28:12] src.core.scanner_manager DEBUG    Estado del escáner sin cambios: conectado
[09:28:15] src.core.scanner_manager DEBUG    Verificando estado del escáner... (intervalo: 3s)
[09:28:15] src.core.scanner_manager DEBUG    test_connection() retornó: True
[09:28:15] src.core.scanner_manager DEBUG    Estado anterior: True, Estado actual: True
[09:28:15] src.core.scanner_manager DEBUG    Estado del escáner sin cambios: conectado
[09:28:18] src.core.scanner_manager DEBUG    Verificando estado del escáner... (intervalo: 3s)
[09:28:18] src.core.scanner_manager DEBUG    test_connection() retornó: True
[09:28:18] src.core.scanner_manager DEBUG    Estado anterior: True, Estado actual: True
[09:28:18] src.core.scanner_manager DEBUG    Estado del escáner sin cambios: conectado
[09:28:21] src.core.scanner_manager DEBUG    Verificando estado del escáner... (intervalo: 3s)
[09:28:21] src.core.scanner_manager DEBUG    test_connection() retornó: True
[09:28:21] src.core.scanner_manager DEBUG    Estado anterior: True, Estado actual: True
[09:28:21] src.core.scanner_manager DEBUG    Estado del escáner sin cambios: conectado
[09:28:24] src.core.scanner_manager DEBUG    Verificando estado del escáner... (intervalo: 3s)
[09:28:24] src.core.scanner_manager DEBUG    test_connection() retornó: True
[09:28:24] src.core.scanner_manager DEBUG    Estado anterior: True, Estado actual: True
[09:28:24] src.core.scanner_manager DEBUG    Estado del escáner sin cambios: conectado
[09:28:27] src.core.scanner_manager DEBUG    Verificando estado del escáner... (intervalo: 3s)
[09:28:27] src.core.scanner_manager DEBUG    test_connection() retornó: True
[09:28:27] src.core.scanner_manager DEBUG    Estado anterior: True, Estado actual: True
[09:28:27] src.core.scanner_manager DEBUG    Estado del escáner sin cambios: conectado
[09:28:29] src.services.analytics_service DEBUG    Análisis completo realizado
[09:28:29] src.services.analytics_service WARNING  ALERTA HIGH: Eficiencia baja: 47.0%
[09:28:29] src.services.analytics_service WARNING  ALERTA MEDIUM: OEE bajo: 44.7%
[09:28:30] src.core.scanner_manager DEBUG    Verificando estado del escáner... (intervalo: 3s)
[09:28:30] src.core.scanner_manager DEBUG    test_connection() retornó: True
[09:28:30] src.core.scanner_manager DEBUG    Estado anterior: True, Estado actual: True
[09:28:30] src.core.scanner_manager DEBUG    Estado del escáner sin cambios: conectado
[09:28:33] src.core.scanner_manager DEBUG    Verificando estado del escáner... (intervalo: 3s)
[09:28:33] src.core.scanner_manager DEBUG    test_connection() retornó: True
[09:28:33] src.core.scanner_manager DEBUG    Estado anterior: True, Estado actual: True
[09:28:33] src.core.scanner_manager DEBUG    Estado del escáner sin cambios: conectado
[09:28:36] src.core.scanner_manager DEBUG    Verificando estado del escáner... (intervalo: 3s)
[09:28:36] src.core.scanner_manager DEBUG    test_connection() retornó: True
[09:28:36] src.core.scanner_manager DEBUG    Estado anterior: True, Estado actual: True
[09:28:36] src.core.scanner_manager DEBUG    Estado del escáner sin cambios: conectado
[09:28:39] src.core.scanner_manager DEBUG    Verificando estado del escáner... (intervalo: 3s)
[09:28:39] src.core.scanner_manager DEBUG    test_connection() retornó: True
[09:28:39] src.core.scanner_manager DEBUG    Estado anterior: True, Estado actual: True
[09:28:39] src.core.scanner_manager DEBUG    Estado del escáner sin cambios: conectado
[09:28:42] src.core.scanner_manager DEBUG    Verificando estado del escáner... (intervalo: 3s)
[09:28:42] src.core.scanner_manager DEBUG    test_connection() retornó: True
[09:28:42] src.core.scanner_manager DEBUG    Estado anterior: True, Estado actual: True
[09:28:42] src.core.scanner_manager DEBUG    Estado del escáner sin cambios: conectado
[09:28:45] src.core.scanner_manager DEBUG    Verificando estado del escáner... (intervalo: 3s)
[09:28:45] src.core.scanner_manager DEBUG    test_connection() retornó: True
[09:28:45] src.core.scanner_manager DEBUG    Estado anterior: True, Estado actual: True
[09:28:45] src.core.scanner_manager DEBUG    Estado del escáner sin cambios: conectado
[09:28:48] src.core.scanner_manager DEBUG    Verificando estado del escáner... (intervalo: 3s)
[09:28:48] src.core.scanner_manager DEBUG    test_connection() retornó: True
[09:28:48] src.core.scanner_manager DEBUG    Estado anterior: True, Estado actual: True
[09:28:48] src.core.scanner_manager DEBUG    Estado del escáner sin cambios: conectado
[09:28:51] src.core.scanner_manager DEBUG    Verificando estado del escáner... (intervalo: 3s)
[09:28:51] src.core.scanner_manager DEBUG    test_connection() retornó: True
[09:28:51] src.core.scanner_manager DEBUG    Estado anterior: True, Estado actual: True
[09:28:51] src.core.scanner_manager DEBUG    Estado del escáner sin cambios: conectado
[09:28:54] src.core.scanner_manager DEBUG    Verificando estado del escáner... (intervalo: 3s)
[09:28:54] src.core.scanner_manager DEBUG    test_connection() retornó: True
[09:28:54] src.core.scanner_manager DEBUG    Estado anterior: True, Estado actual: True
[09:28:54] src.core.scanner_manager DEBUG    Estado del escáner sin cambios: conectado
[09:28:57] src.core.scanner_manager DEBUG    Verificando estado del escáner... (intervalo: 3s)
[09:28:57] src.core.scanner_manager DEBUG    test_connection() retornó: True
[09:28:57] src.core.scanner_manager DEBUG    Estado anterior: True, Estado actual: True
[09:28:57] src.core.scanner_manager DEBUG    Estado del escáner sin cambios: conectado
[09:28:59] src.services.analytics_service DEBUG    Análisis completo realizado
[09:28:59] src.services.analytics_service WARNING  ALERTA HIGH: Eficiencia baja: 47.0%
[09:28:59] src.services.analytics_service WARNING  ALERTA MEDIUM: OEE bajo: 44.7%
[09:29:00] src.core.scanner_manager DEBUG    Verificando estado del escáner... (intervalo: 3s)
[09:29:00] src.core.scanner_manager DEBUG    test_connection() retornó: True
[09:29:00] src.core.scanner_manager DEBUG    Estado anterior: True, Estado actual: True
[09:29:00] src.core.scanner_manager DEBUG    Estado del escáner sin cambios: conectado
[09:29:03] src.core.scanner_manager DEBUG    Verificando estado del escáner... (intervalo: 3s)
[09:29:03] src.core.scanner_manager DEBUG    test_connection() retornó: True
[09:29:03] src.core.scanner_manager DEBUG    Estado anterior: True, Estado actual: True
[09:29:03] src.core.scanner_manager DEBUG    Estado del escáner sin cambios: conectado
[09:29:06] src.core.scanner_manager DEBUG    Verificando estado del escáner... (intervalo: 3s)
[09:29:06] src.core.scanner_manager DEBUG    test_connection() retornó: True
[09:29:06] src.core.scanner_manager DEBUG    Estado anterior: True, Estado actual: True
[09:29:06] src.core.scanner_manager DEBUG    Estado del escáner sin cambios: conectado
[09:29:09] src.core.scanner_manager DEBUG    Verificando estado del escáner... (intervalo: 3s)
[09:29:09] src.core.scanner_manager DEBUG    test_connection() retornó: True
[09:29:09] src.core.scanner_manager DEBUG    Estado anterior: True, Estado actual: True
[09:29:09] src.core.scanner_manager DEBUG    Estado del escáner sin cambios: conectado
[09:29:12] src.core.scanner_manager DEBUG    Verificando estado del escáner... (intervalo: 3s)
[09:29:12] src.core.scanner_manager DEBUG    test_connection() retornó: True
[09:29:12] src.core.scanner_manager DEBUG    Estado anterior: True, Estado actual: True
[09:29:12] src.core.scanner_manager DEBUG    Estado del escáner sin cambios: conectado
[09:29:15] src.core.scanner_manager DEBUG    Verificando estado del escáner... (intervalo: 3s)
[09:29:16] src.core.scanner_manager DEBUG    test_connection() retornó: True
[09:29:16] src.core.scanner_manager DEBUG    Estado anterior: True, Estado actual: True
[09:29:16] src.core.scanner_manager DEBUG    Estado del escáner sin cambios: conectado
[09:29:19] src.core.scanner_manager DEBUG    Verificando estado del escáner... (intervalo: 3s)
[09:29:19] src.core.scanner_manager DEBUG    test_connection() retornó: True
[09:29:19] src.core.scanner_manager DEBUG    Estado anterior: True, Estado actual: True
[09:29:19] src.core.scanner_manager DEBUG    Estado del escáner sin cambios: conectado
[09:29:22] src.core.scanner_manager DEBUG    Verificando estado del escáner... (intervalo: 3s)
[09:29:22] src.core.scanner_manager DEBUG    test_connection() retornó: True
[09:29:22] src.core.scanner_manager DEBUG    Estado anterior: True, Estado actual: True
[09:29:22] src.core.scanner_manager DEBUG    Estado del escáner sin cambios: conectado
[09:29:25] src.core.scanner_manager DEBUG    Verificando estado del escáner... (intervalo: 3s)
[09:29:25] src.core.scanner_manager DEBUG    test_connection() retornó: True
[09:29:25] src.core.scanner_manager DEBUG    Estado anterior: True, Estado actual: True
[09:29:25] src.core.scanner_manager DEBUG    Estado del escáner sin cambios: conectado
[09:29:28] src.core.scanner_manager DEBUG    Verificando estado del escáner... (intervalo: 3s)
[09:29:28] src.core.scanner_manager DEBUG    test_connection() retornó: True
[09:29:28] src.core.scanner_manager DEBUG    Estado anterior: True, Estado actual: True
[09:29:28] src.core.scanner_manager DEBUG    Estado del escáner sin cambios: conectado
[09:29:29] src.services.analytics_service DEBUG    Análisis completo realizado
[09:29:29] src.services.analytics_service WARNING  ALERTA HIGH: Eficiencia baja: 47.0%
[09:29:29] src.services.analytics_service WARNING  ALERTA MEDIUM: OEE bajo: 44.7%
[09:29:31] src.core.scanner_manager DEBUG    Verificando estado del escáner... (intervalo: 3s)
[09:29:31] src.core.scanner_manager DEBUG    test_connection() retornó: True
[09:29:31] src.core.scanner_manager DEBUG    Estado anterior: True, Estado actual: True
[09:29:31] src.core.scanner_manager DEBUG    Estado del escáner sin cambios: conectado
[09:29:34] src.core.scanner_manager DEBUG    Verificando estado del escáner... (intervalo: 3s)
[09:29:34] src.core.scanner_manager DEBUG    test_connection() retornó: True
[09:29:34] src.core.scanner_manager DEBUG    Estado anterior: True, Estado actual: True
[09:29:34] src.core.scanner_manager DEBUG    Estado del escáner sin cambios: conectado
[09:29:37] src.core.scanner_manager DEBUG    Verificando estado del escáner... (intervalo: 3s)
[09:29:37] src.core.scanner_manager DEBUG    test_connection() retornó: True
[09:29:37] src.core.scanner_manager DEBUG    Estado anterior: True, Estado actual: True
[09:29:37] src.core.scanner_manager DEBUG    Estado del escáner sin cambios: conectado
[09:29:40] src.core.scanner_manager DEBUG    Verificando estado del escáner... (intervalo: 3s)
[09:29:40] src.core.scanner_manager DEBUG    test_connection() retornó: True
[09:29:40] src.core.scanner_manager DEBUG    Estado anterior: True, Estado actual: True
[09:29:40] src.core.scanner_manager DEBUG    Estado del escáner sin cambios: conectado
[09:29:43] src.core.scanner_manager DEBUG    Verificando estado del escáner... (intervalo: 3s)
[09:29:43] src.core.scanner_manager DEBUG    test_connection() retornó: True
[09:29:43] src.core.scanner_manager DEBUG    Estado anterior: True, Estado actual: True
[09:29:43] src.core.scanner_manager DEBUG    Estado del escáner sin cambios: conectado
[09:29:46] src.core.scanner_manager DEBUG    Verificando estado del escáner... (intervalo: 3s)
[09:29:46] src.core.scanner_manager DEBUG    test_connection() retornó: True
[09:29:46] src.core.scanner_manager DEBUG    Estado anterior: True, Estado actual: True
[09:29:46] src.core.scanner_manager DEBUG    Estado del escáner sin cambios: conectado
[09:29:49] src.core.scanner_manager DEBUG    Verificando estado del escáner... (intervalo: 3s)
[09:29:49] src.core.scanner_manager DEBUG    test_connection() retornó: True
[09:29:49] src.core.scanner_manager DEBUG    Estado anterior: True, Estado actual: True
[09:29:49] src.core.scanner_manager DEBUG    Estado del escáner sin cambios: conectado
[09:29:52] src.core.scanner_manager DEBUG    Verificando estado del escáner... (intervalo: 3s)
[09:29:52] src.core.scanner_manager DEBUG    test_connection() retornó: True
[09:29:52] src.core.scanner_manager DEBUG    Estado anterior: True, Estado actual: True
[09:29:52] src.core.scanner_manager DEBUG    Estado del escáner sin cambios: conectado
[09:29:55] src.core.scanner_manager DEBUG    Verificando estado del escáner... (intervalo: 3s)
[09:29:55] src.core.scanner_manager DEBUG    test_connection() retornó: True
[09:29:55] src.core.scanner_manager DEBUG    Estado anterior: True, Estado actual: True
[09:29:55] src.core.scanner_manager DEBUG    Estado del escáner sin cambios: conectado
[09:29:58] src.core.scanner_manager DEBUG    Verificando estado del escáner... (intervalo: 3s)
[09:29:58] src.core.scanner_manager DEBUG    test_connection() retornó: True
[09:29:58] src.core.scanner_manager DEBUG    Estado anterior: True, Estado actual: True
[09:29:58] src.core.scanner_manager DEBUG    Estado del escáner sin cambios: conectado
[09:29:59] src.services.analytics_service DEBUG    Análisis completo realizado
[09:29:59] src.services.analytics_service WARNING  ALERTA HIGH: Eficiencia baja: 47.0%
[09:29:59] src.services.analytics_service WARNING  ALERTA MEDIUM: OEE bajo: 44.7%
[09:30:01] src.core.scanner_manager DEBUG    Verificando estado del escáner... (intervalo: 3s)
[09:30:01] src.core.scanner_manager DEBUG    test_connection() retornó: True
[09:30:01] src.core.scanner_manager DEBUG    Estado anterior: True, Estado actual: True
[09:30:01] src.core.scanner_manager DEBUG    Estado del escáner sin cambios: conectado
[09:30:04] src.core.scanner_manager DEBUG    Verificando estado del escáner... (intervalo: 3s)
[09:30:04] src.core.scanner_manager DEBUG    test_connection() retornó: True
[09:30:04] src.core.scanner_manager DEBUG    Estado anterior: True, Estado actual: True
[09:30:04] src.core.scanner_manager DEBUG    Estado del escáner sin cambios: conectado
[09:30:07] src.core.scanner_manager DEBUG    Verificando estado del escáner... (intervalo: 3s)
[09:30:07] src.core.scanner_manager DEBUG    test_connection() retornó: True
[09:30:07] src.core.scanner_manager DEBUG    Estado anterior: True, Estado actual: True
[09:30:07] src.core.scanner_manager DEBUG    Estado del escáner sin cambios: conectado
[09:30:10] src.core.scanner_manager DEBUG    Verificando estado del escáner... (intervalo: 3s)
[09:30:10] src.core.scanner_manager DEBUG    test_connection() retornó: True
[09:30:10] src.core.scanner_manager DEBUG    Estado anterior: True, Estado actual: True
[09:30:10] src.core.scanner_manager DEBUG    Estado del escáner sin cambios: conectado
[09:30:13] src.core.scanner_manager DEBUG    Verificando estado del escáner... (intervalo: 3s)
[09:30:13] src.core.scanner_manager DEBUG    test_connection() retornó: True
[09:30:13] src.core.scanner_manager DEBUG    Estado anterior: True, Estado actual: True
[09:30:13] src.core.scanner_manager DEBUG    Estado del escáner sin cambios: conectado
[09:30:16] src.core.scanner_manager DEBUG    Verificando estado del escáner... (intervalo: 3s)
[09:30:16] src.core.scanner_manager DEBUG    test_connection() retornó: True
[09:30:16] src.core.scanner_manager DEBUG    Estado anterior: True, Estado actual: True
[09:30:16] src.core.scanner_manager DEBUG    Estado del escáner sin cambios: conectado
[09:30:19] src.core.scanner_manager DEBUG    Verificando estado del escáner... (intervalo: 3s)
[09:30:19] src.core.scanner_manager DEBUG    test_connection() retornó: True
[09:30:19] src.core.scanner_manager DEBUG    Estado anterior: True, Estado actual: True
[09:30:19] src.core.scanner_manager DEBUG    Estado del escáner sin cambios: conectado
[09:30:22] src.core.scanner_manager DEBUG    Verificando estado del escáner... (intervalo: 3s)
[09:30:22] src.core.scanner_manager DEBUG    test_connection() retornó: True
[09:30:22] src.core.scanner_manager DEBUG    Estado anterior: True, Estado actual: True
[09:30:22] src.core.scanner_manager DEBUG    Estado del escáner sin cambios: conectado
[09:30:25] src.core.scanner_manager DEBUG    Verificando estado del escáner... (intervalo: 3s)
[09:30:25] src.core.scanner_manager DEBUG    test_connection() retornó: True
[09:30:25] src.core.scanner_manager DEBUG    Estado anterior: True, Estado actual: True
[09:30:25] src.core.scanner_manager DEBUG    Estado del escáner sin cambios: conectado
[09:30:28] src.core.scanner_manager DEBUG    Verificando estado del escáner... (intervalo: 3s)
[09:30:28] src.core.scanner_manager DEBUG    test_connection() retornó: True
[09:30:28] src.core.scanner_manager DEBUG    Estado anterior: True, Estado actual: True
[09:30:28] src.core.scanner_manager DEBUG    Estado del escáner sin cambios: conectado
[09:30:29] src.services.analytics_service DEBUG    Análisis completo realizado
[09:30:29] src.services.analytics_service WARNING  ALERTA HIGH: Eficiencia baja: 47.0%
[09:30:29] src.services.analytics_service WARNING  ALERTA MEDIUM: OEE bajo: 44.7%
[09:30:31] src.core.scanner_manager DEBUG    Verificando estado del escáner... (intervalo: 3s)
[09:30:31] src.core.scanner_manager DEBUG    test_connection() retornó: True
[09:30:31] src.core.scanner_manager DEBUG    Estado anterior: True, Estado actual: True
[09:30:31] src.core.scanner_manager DEBUG    Estado del escáner sin cambios: conectado
[09:30:34] src.core.scanner_manager DEBUG    Verificando estado del escáner... (intervalo: 3s)
[09:30:34] src.core.scanner_manager DEBUG    test_connection() retornó: True
[09:30:34] src.core.scanner_manager DEBUG    Estado anterior: True, Estado actual: True
[09:30:34] src.core.scanner_manager DEBUG    Estado del escáner sin cambios: conectado
[09:30:37] src.core.scanner_manager DEBUG    Verificando estado del escáner... (intervalo: 3s)
[09:30:37] src.core.scanner_manager DEBUG    test_connection() retornó: True
[09:30:37] src.core.scanner_manager DEBUG    Estado anterior: True, Estado actual: True
[09:30:37] src.core.scanner_manager DEBUG    Estado del escáner sin cambios: conectado
[09:30:40] src.core.scanner_manager DEBUG    Verificando estado del escáner... (intervalo: 3s)
[09:30:40] src.core.scanner_manager DEBUG    test_connection() retornó: True
[09:30:40] src.core.scanner_manager DEBUG    Estado anterior: True, Estado actual: True
[09:30:40] src.core.scanner_manager DEBUG    Estado del escáner sin cambios: conectado
[09:30:43] src.core.scanner_manager DEBUG    Verificando estado del escáner... (intervalo: 3s)
[09:30:43] src.core.scanner_manager DEBUG    test_connection() retornó: True
[09:30:43] src.core.scanner_manager DEBUG    Estado anterior: True, Estado actual: True
[09:30:43] src.core.scanner_manager DEBUG    Estado del escáner sin cambios: conectado
[09:30:46] src.core.scanner_manager DEBUG    Verificando estado del escáner... (intervalo: 3s)
[09:30:46] src.core.scanner_manager DEBUG    test_connection() retornó: True
[09:30:46] src.core.scanner_manager DEBUG    Estado anterior: True, Estado actual: True
[09:30:46] src.core.scanner_manager DEBUG    Estado del escáner sin cambios: conectado
[09:30:49] src.core.scanner_manager DEBUG    Verificando estado del escáner... (intervalo: 3s)
[09:30:49] src.core.scanner_manager DEBUG    test_connection() retornó: True
[09:30:49] src.core.scanner_manager DEBUG    Estado anterior: True, Estado actual: True
[09:30:49] src.core.scanner_manager DEBUG    Estado del escáner sin cambios: conectado
[09:30:52] src.core.scanner_manager DEBUG    Verificando estado del escáner... (intervalo: 3s)
[09:30:52] src.core.scanner_manager DEBUG    test_connection() retornó: True
[09:30:52] src.core.scanner_manager DEBUG    Estado anterior: True, Estado actual: True
[09:30:52] src.core.scanner_manager DEBUG    Estado del escáner sin cambios: conectado
[09:30:55] src.core.scanner_manager DEBUG    Verificando estado del escáner... (intervalo: 3s)
[09:30:55] src.core.scanner_manager DEBUG    test_connection() retornó: True
[09:30:55] src.core.scanner_manager DEBUG    Estado anterior: True, Estado actual: True
[09:30:55] src.core.scanner_manager DEBUG    Estado del escáner sin cambios: conectado
[09:30:58] src.core.scanner_manager DEBUG    Verificando estado del escáner... (intervalo: 3s)
[09:30:58] src.core.scanner_manager DEBUG    test_connection() retornó: True
[09:30:58] src.core.scanner_manager DEBUG    Estado anterior: True, Estado actual: True
[09:30:58] src.core.scanner_manager DEBUG    Estado del escáner sin cambios: conectado
[09:30:59] src.services.analytics_service DEBUG    Análisis completo realizado
[09:30:59] src.services.analytics_service WARNING  ALERTA HIGH: Eficiencia baja: 47.0%
[09:30:59] src.services.analytics_service WARNING  ALERTA MEDIUM: OEE bajo: 44.7%
[09:31:01] src.core.scanner_manager DEBUG    Verificando estado del escáner... (intervalo: 3s)
[09:31:01] src.core.scanner_manager DEBUG    test_connection() retornó: True
[09:31:01] src.core.scanner_manager DEBUG    Estado anterior: True, Estado actual: True
[09:31:01] src.core.scanner_manager DEBUG    Estado del escáner sin cambios: conectado
[09:31:04] src.core.scanner_manager DEBUG    Verificando estado del escáner... (intervalo: 3s)
[09:31:04] src.core.scanner_manager DEBUG    test_connection() retornó: True
[09:31:04] src.core.scanner_manager DEBUG    Estado anterior: True, Estado actual: True
[09:31:04] src.core.scanner_manager DEBUG    Estado del escáner sin cambios: conectado
[09:31:07] src.core.scanner_manager DEBUG    Verificando estado del escáner... (intervalo: 3s)
[09:31:07] src.core.scanner_manager DEBUG    test_connection() retornó: True
[09:31:07] src.core.scanner_manager DEBUG    Estado anterior: True, Estado actual: True
[09:31:07] src.core.scanner_manager DEBUG    Estado del escáner sin cambios: conectado
[09:31:10] src.core.scanner_manager DEBUG    Verificando estado del escáner... (intervalo: 3s)
[09:31:10] src.core.scanner_manager DEBUG    test_connection() retornó: True
[09:31:10] src.core.scanner_manager DEBUG    Estado anterior: True, Estado actual: True
[09:31:10] src.core.scanner_manager DEBUG    Estado del escáner sin cambios: conectado
[09:31:13] src.core.scanner_manager DEBUG    Verificando estado del escáner... (intervalo: 3s)
[09:31:13] src.core.scanner_manager DEBUG    test_connection() retornó: True
[09:31:13] src.core.scanner_manager DEBUG    Estado anterior: True, Estado actual: True
[09:31:13] src.core.scanner_manager DEBUG    Estado del escáner sin cambios: conectado
[09:31:16] src.core.scanner_manager DEBUG    Verificando estado del escáner... (intervalo: 3s)
[09:31:16] src.core.scanner_manager DEBUG    test_connection() retornó: True
[09:31:16] src.core.scanner_manager DEBUG    Estado anterior: True, Estado actual: True
[09:31:16] src.core.scanner_manager DEBUG    Estado del escáner sin cambios: conectado
[09:31:19] src.core.scanner_manager DEBUG    Verificando estado del escáner... (intervalo: 3s)
[09:31:19] src.core.scanner_manager DEBUG    test_connection() retornó: True
[09:31:19] src.core.scanner_manager DEBUG    Estado anterior: True, Estado actual: True
[09:31:19] src.core.scanner_manager DEBUG    Estado del escáner sin cambios: conectado
[09:31:22] src.core.scanner_manager DEBUG    Verificando estado del escáner... (intervalo: 3s)
[09:31:22] src.core.scanner_manager DEBUG    test_connection() retornó: True
[09:31:22] src.core.scanner_manager DEBUG    Estado anterior: True, Estado actual: True
[09:31:22] src.core.scanner_manager DEBUG    Estado del escáner sin cambios: conectado
[09:31:25] src.core.scanner_manager DEBUG    Verificando estado del escáner... (intervalo: 3s)
[09:31:25] src.core.scanner_manager DEBUG    test_connection() retornó: True
[09:31:25] src.core.scanner_manager DEBUG    Estado anterior: True, Estado actual: True
[09:31:25] src.core.scanner_manager DEBUG    Estado del escáner sin cambios: conectado
[09:31:28] src.core.scanner_manager DEBUG    Verificando estado del escáner... (intervalo: 3s)
[09:31:28] src.core.scanner_manager DEBUG    test_connection() retornó: True
[09:31:28] src.core.scanner_manager DEBUG    Estado anterior: True, Estado actual: True
[09:31:28] src.core.scanner_manager DEBUG    Estado del escáner sin cambios: conectado
[09:31:29] src.services.analytics_service DEBUG    Análisis completo realizado
[09:31:29] src.services.analytics_service WARNING  ALERTA HIGH: Eficiencia baja: 47.0%
[09:31:29] src.services.analytics_service WARNING  ALERTA MEDIUM: OEE bajo: 44.7%
[09:31:31] src.core.scanner_manager DEBUG    Verificando estado del escáner... (intervalo: 3s)
[09:31:31] src.core.scanner_manager DEBUG    test_connection() retornó: True
[09:31:31] src.core.scanner_manager DEBUG    Estado anterior: True, Estado actual: True
[09:31:31] src.core.scanner_manager DEBUG    Estado del escáner sin cambios: conectado
[09:31:34] src.core.scanner_manager DEBUG    Verificando estado del escáner... (intervalo: 3s)
[09:31:34] src.core.scanner_manager DEBUG    test_connection() retornó: True
[09:31:34] src.core.scanner_manager DEBUG    Estado anterior: True, Estado actual: True
[09:31:34] src.core.scanner_manager DEBUG    Estado del escáner sin cambios: conectado
[09:31:37] src.core.scanner_manager DEBUG    Verificando estado del escáner... (intervalo: 3s)
[09:31:37] src.core.scanner_manager DEBUG    test_connection() retornó: True
[09:31:37] src.core.scanner_manager DEBUG    Estado anterior: True, Estado actual: True
[09:31:37] src.core.scanner_manager DEBUG    Estado del escáner sin cambios: conectado
[09:31:40] src.core.scanner_manager DEBUG    Verificando estado del escáner... (intervalo: 3s)
[09:31:40] src.core.scanner_manager DEBUG    test_connection() retornó: True
[09:31:40] src.core.scanner_manager DEBUG    Estado anterior: True, Estado actual: True
[09:31:40] src.core.scanner_manager DEBUG    Estado del escáner sin cambios: conectado
[09:31:43] src.core.scanner_manager DEBUG    Verificando estado del escáner... (intervalo: 3s)
[09:31:43] src.core.scanner_manager DEBUG    test_connection() retornó: True
[09:31:43] src.core.scanner_manager DEBUG    Estado anterior: True, Estado actual: True
[09:31:43] src.core.scanner_manager DEBUG    Estado del escáner sin cambios: conectado
[09:31:46] src.core.scanner_manager DEBUG    Verificando estado del escáner... (intervalo: 3s)
[09:31:46] src.core.scanner_manager DEBUG    test_connection() retornó: True
[09:31:46] src.core.scanner_manager DEBUG    Estado anterior: True, Estado actual: True
[09:31:46] src.core.scanner_manager DEBUG    Estado del escáner sin cambios: conectado
[09:31:49] src.core.scanner_manager DEBUG    Verificando estado del escáner... (intervalo: 3s)
[09:31:49] src.core.scanner_manager DEBUG    test_connection() retornó: True
[09:31:49] src.core.scanner_manager DEBUG    Estado anterior: True, Estado actual: True
[09:31:49] src.core.scanner_manager DEBUG    Estado del escáner sin cambios: conectado
[09:31:52] src.core.scanner_manager DEBUG    Verificando estado del escáner... (intervalo: 3s)
[09:31:52] src.core.scanner_manager DEBUG    test_connection() retornó: True
[09:31:52] src.core.scanner_manager DEBUG    Estado anterior: True, Estado actual: True
[09:31:52] src.core.scanner_manager DEBUG    Estado del escáner sin cambios: conectado
[09:31:55] src.core.scanner_manager DEBUG    Verificando estado del escáner... (intervalo: 3s)
[09:31:55] src.core.scanner_manager DEBUG    test_connection() retornó: True
[09:31:55] src.core.scanner_manager DEBUG    Estado anterior: True, Estado actual: True
[09:31:55] src.core.scanner_manager DEBUG    Estado del escáner sin cambios: conectado
[09:31:58] src.core.scanner_manager DEBUG    Verificando estado del escáner... (intervalo: 3s)
[09:31:58] src.core.scanner_manager DEBUG    test_connection() retornó: True
[09:31:58] src.core.scanner_manager DEBUG    Estado anterior: True, Estado actual: True
[09:31:58] src.core.scanner_manager DEBUG    Estado del escáner sin cambios: conectado
[09:31:59] src.services.analytics_service DEBUG    Análisis completo realizado
[09:31:59] src.services.analytics_service WARNING  ALERTA HIGH: Eficiencia baja: 47.0%
[09:31:59] src.services.analytics_service WARNING  ALERTA MEDIUM: OEE bajo: 44.7%
[09:32:01] src.core.scanner_manager DEBUG    Verificando estado del escáner... (intervalo: 3s)
[09:32:01] src.core.scanner_manager DEBUG    test_connection() retornó: True
[09:32:01] src.core.scanner_manager DEBUG    Estado anterior: True, Estado actual: True
[09:32:01] src.core.scanner_manager DEBUG    Estado del escáner sin cambios: conectado
[09:32:04] src.core.scanner_manager DEBUG    Verificando estado del escáner... (intervalo: 3s)
[09:32:04] src.core.scanner_manager DEBUG    test_connection() retornó: True
[09:32:04] src.core.scanner_manager DEBUG    Estado anterior: True, Estado actual: True
[09:32:04] src.core.scanner_manager DEBUG    Estado del escáner sin cambios: conectado
[09:32:07] src.core.scanner_manager DEBUG    Verificando estado del escáner... (intervalo: 3s)
[09:32:07] src.core.scanner_manager DEBUG    test_connection() retornó: True
[09:32:07] src.core.scanner_manager DEBUG    Estado anterior: True, Estado actual: True
[09:32:07] src.core.scanner_manager DEBUG    Estado del escáner sin cambios: conectado
[09:32:10] src.core.scanner_manager DEBUG    Verificando estado del escáner... (intervalo: 3s)
[09:32:10] src.core.scanner_manager DEBUG    test_connection() retornó: True
[09:32:10] src.core.scanner_manager DEBUG    Estado anterior: True, Estado actual: True
[09:32:10] src.core.scanner_manager DEBUG    Estado del escáner sin cambios: conectado
[09:32:13] src.core.scanner_manager DEBUG    Verificando estado del escáner... (intervalo: 3s)
[09:32:13] src.core.scanner_manager DEBUG    test_connection() retornó: True
[09:32:13] src.core.scanner_manager DEBUG    Estado anterior: True, Estado actual: True
[09:32:13] src.core.scanner_manager DEBUG    Estado del escáner sin cambios: conectado
[09:32:16] src.core.scanner_manager DEBUG    Verificando estado del escáner... (intervalo: 3s)
[09:32:16] src.core.scanner_manager DEBUG    test_connection() retornó: True
[09:32:16] src.core.scanner_manager DEBUG    Estado anterior: True, Estado actual: True
[09:32:16] src.core.scanner_manager DEBUG    Estado del escáner sin cambios: conectado
[09:32:19] src.core.scanner_manager DEBUG    Verificando estado del escáner... (intervalo: 3s)
[09:32:19] src.core.scanner_manager DEBUG    test_connection() retornó: True
[09:32:19] src.core.scanner_manager DEBUG    Estado anterior: True, Estado actual: True
[09:32:19] src.core.scanner_manager DEBUG    Estado del escáner sin cambios: conectado
[09:32:22] src.core.scanner_manager DEBUG    Verificando estado del escáner... (intervalo: 3s)
[09:32:22] src.core.scanner_manager DEBUG    test_connection() retornó: True
[09:32:22] src.core.scanner_manager DEBUG    Estado anterior: True, Estado actual: True
[09:32:22] src.core.scanner_manager DEBUG    Estado del escáner sin cambios: conectado
[09:32:25] src.core.scanner_manager DEBUG    Verificando estado del escáner... (intervalo: 3s)
[09:32:25] src.core.scanner_manager DEBUG    test_connection() retornó: True
[09:32:25] src.core.scanner_manager DEBUG    Estado anterior: True, Estado actual: True
[09:32:25] src.core.scanner_manager DEBUG    Estado del escáner sin cambios: conectado
[09:32:28] src.core.scanner_manager DEBUG    Verificando estado del escáner... (intervalo: 3s)
[09:32:28] src.core.scanner_manager DEBUG    test_connection() retornó: True
[09:32:28] src.core.scanner_manager DEBUG    Estado anterior: True, Estado actual: True
[09:32:28] src.core.scanner_manager DEBUG    Estado del escáner sin cambios: conectado
[09:32:29] src.services.analytics_service DEBUG    Análisis completo realizado
[09:32:29] src.services.analytics_service WARNING  ALERTA HIGH: Eficiencia baja: 47.0%
[09:32:29] src.services.analytics_service WARNING  ALERTA MEDIUM: OEE bajo: 44.7%
[09:32:31] src.core.scanner_manager DEBUG    Verificando estado del escáner... (intervalo: 3s)
[09:32:31] src.core.scanner_manager DEBUG    test_connection() retornó: True
[09:32:31] src.core.scanner_manager DEBUG    Estado anterior: True, Estado actual: True
[09:32:31] src.core.scanner_manager DEBUG    Estado del escáner sin cambios: conectado
[09:32:34] src.core.scanner_manager DEBUG    Verificando estado del escáner... (intervalo: 3s)
[09:32:34] src.core.scanner_manager DEBUG    test_connection() retornó: True
[09:32:34] src.core.scanner_manager DEBUG    Estado anterior: True, Estado actual: True
[09:32:34] src.core.scanner_manager DEBUG    Estado del escáner sin cambios: conectado
[09:32:37] src.core.scanner_manager DEBUG    Verificando estado del escáner... (intervalo: 3s)
[09:32:37] src.core.scanner_manager DEBUG    test_connection() retornó: True
[09:32:37] src.core.scanner_manager DEBUG    Estado anterior: True, Estado actual: True
[09:32:37] src.core.scanner_manager DEBUG    Estado del escáner sin cambios: conectado
[09:32:40] src.core.scanner_manager DEBUG    Verificando estado del escáner... (intervalo: 3s)
[09:32:40] src.core.scanner_manager DEBUG    test_connection() retornó: True
[09:32:40] src.core.scanner_manager DEBUG    Estado anterior: True, Estado actual: True
[09:32:40] src.core.scanner_manager DEBUG    Estado del escáner sin cambios: conectado
[09:32:43] src.core.scanner_manager DEBUG    Verificando estado del escáner... (intervalo: 3s)
[09:32:43] src.core.scanner_manager DEBUG    test_connection() retornó: True
[09:32:43] src.core.scanner_manager DEBUG    Estado anterior: True, Estado actual: True
[09:32:43] src.core.scanner_manager DEBUG    Estado del escáner sin cambios: conectado
[09:32:46] src.core.scanner_manager DEBUG    Verificando estado del escáner... (intervalo: 3s)
[09:32:46] src.core.scanner_manager DEBUG    test_connection() retornó: True
[09:32:46] src.core.scanner_manager DEBUG    Estado anterior: True, Estado actual: True
[09:32:46] src.core.scanner_manager DEBUG    Estado del escáner sin cambios: conectado
[09:32:49] src.core.scanner_manager DEBUG    Verificando estado del escáner... (intervalo: 3s)
[09:32:49] src.core.scanner_manager DEBUG    test_connection() retornó: True
[09:32:49] src.core.scanner_manager DEBUG    Estado anterior: True, Estado actual: True
[09:32:49] src.core.scanner_manager DEBUG    Estado del escáner sin cambios: conectado
[09:32:52] src.core.scanner_manager DEBUG    Verificando estado del escáner... (intervalo: 3s)
[09:32:52] src.core.scanner_manager DEBUG    test_connection() retornó: True
[09:32:52] src.core.scanner_manager DEBUG    Estado anterior: True, Estado actual: True
[09:32:52] src.core.scanner_manager DEBUG    Estado del escáner sin cambios: conectado
[09:32:55] src.core.scanner_manager DEBUG    Verificando estado del escáner... (intervalo: 3s)
[09:32:55] src.core.scanner_manager DEBUG    test_connection() retornó: True
[09:32:55] src.core.scanner_manager DEBUG    Estado anterior: True, Estado actual: True
[09:32:55] src.core.scanner_manager DEBUG    Estado del escáner sin cambios: conectado
[09:32:58] src.core.scanner_manager DEBUG    Verificando estado del escáner... (intervalo: 3s)
[09:32:58] src.core.scanner_manager DEBUG    test_connection() retornó: True
[09:32:58] src.core.scanner_manager DEBUG    Estado anterior: True, Estado actual: True
[09:32:58] src.core.scanner_manager DEBUG    Estado del escáner sin cambios: conectado
[09:32:59] src.services.analytics_service DEBUG    Análisis completo realizado
[09:32:59] src.services.analytics_service WARNING  ALERTA HIGH: Eficiencia baja: 47.0%
[09:32:59] src.services.analytics_service WARNING  ALERTA MEDIUM: OEE bajo: 44.7%
[09:33:01] src.core.scanner_manager DEBUG    Verificando estado del escáner... (intervalo: 3s)
[09:33:01] src.core.scanner_manager DEBUG    test_connection() retornó: True
[09:33:01] src.core.scanner_manager DEBUG    Estado anterior: True, Estado actual: True
[09:33:01] src.core.scanner_manager DEBUG    Estado del escáner sin cambios: conectado
[09:33:04] src.core.scanner_manager DEBUG    Verificando estado del escáner... (intervalo: 3s)
[09:33:04] src.core.scanner_manager DEBUG    test_connection() retornó: True
[09:33:04] src.core.scanner_manager DEBUG    Estado anterior: True, Estado actual: True
[09:33:04] src.core.scanner_manager DEBUG    Estado del escáner sin cambios: conectado
[09:33:07] src.core.scanner_manager DEBUG    Verificando estado del escáner... (intervalo: 3s)
[09:33:07] src.core.scanner_manager DEBUG    test_connection() retornó: True
[09:33:07] src.core.scanner_manager DEBUG    Estado anterior: True, Estado actual: True
[09:33:07] src.core.scanner_manager DEBUG    Estado del escáner sin cambios: conectado
[09:33:10] src.core.scanner_manager DEBUG    Verificando estado del escáner... (intervalo: 3s)
[09:33:10] src.core.scanner_manager DEBUG    test_connection() retornó: True
[09:33:10] src.core.scanner_manager DEBUG    Estado anterior: True, Estado actual: True
[09:33:10] src.core.scanner_manager DEBUG    Estado del escáner sin cambios: conectado
[09:33:13] src.core.scanner_manager DEBUG    Verificando estado del escáner... (intervalo: 3s)
[09:33:13] src.core.scanner_manager DEBUG    test_connection() retornó: True
[09:33:13] src.core.scanner_manager DEBUG    Estado anterior: True, Estado actual: True
[09:33:13] src.core.scanner_manager DEBUG    Estado del escáner sin cambios: conectado
[09:33:16] src.core.scanner_manager DEBUG    Verificando estado del escáner... (intervalo: 3s)
[09:33:16] src.core.scanner_manager DEBUG    test_connection() retornó: True
[09:33:16] src.core.scanner_manager DEBUG    Estado anterior: True, Estado actual: True
[09:33:16] src.core.scanner_manager DEBUG    Estado del escáner sin cambios: conectado
[09:33:19] src.core.scanner_manager DEBUG    Verificando estado del escáner... (intervalo: 3s)
[09:33:19] src.core.scanner_manager DEBUG    test_connection() retornó: True
[09:33:19] src.core.scanner_manager DEBUG    Estado anterior: True, Estado actual: True
[09:33:19] src.core.scanner_manager DEBUG    Estado del escáner sin cambios: conectado
[09:33:22] src.core.scanner_manager DEBUG    Verificando estado del escáner... (intervalo: 3s)
[09:33:22] src.core.scanner_manager DEBUG    test_connection() retornó: True
[09:33:22] src.core.scanner_manager DEBUG    Estado anterior: True, Estado actual: True
[09:33:22] src.core.scanner_manager DEBUG    Estado del escáner sin cambios: conectado
[09:33:25] src.core.scanner_manager DEBUG    Verificando estado del escáner... (intervalo: 3s)
[09:33:25] src.core.scanner_manager DEBUG    test_connection() retornó: True
[09:33:25] src.core.scanner_manager DEBUG    Estado anterior: True, Estado actual: True
[09:33:25] src.core.scanner_manager DEBUG    Estado del escáner sin cambios: conectado
[09:33:28] src.core.scanner_manager DEBUG    Verificando estado del escáner... (intervalo: 3s)
[09:33:28] src.core.scanner_manager DEBUG    test_connection() retornó: True
[09:33:28] src.core.scanner_manager DEBUG    Estado anterior: True, Estado actual: True
[09:33:28] src.core.scanner_manager DEBUG    Estado del escáner sin cambios: conectado
[09:33:29] src.services.analytics_service DEBUG    Análisis completo realizado
[09:33:29] src.services.analytics_service WARNING  ALERTA HIGH: Eficiencia baja: 47.0%
[09:33:29] src.services.analytics_service WARNING  ALERTA MEDIUM: OEE bajo: 44.7%
[09:33:31] src.core.scanner_manager DEBUG    Verificando estado del escáner... (intervalo: 3s)
[09:33:31] src.core.scanner_manager DEBUG    test_connection() retornó: True
[09:33:31] src.core.scanner_manager DEBUG    Estado anterior: True, Estado actual: True
[09:33:31] src.core.scanner_manager DEBUG    Estado del escáner sin cambios: conectado
[09:33:34] src.core.scanner_manager DEBUG    Verificando estado del escáner... (intervalo: 3s)
[09:33:34] src.core.scanner_manager DEBUG    test_connection() retornó: True
[09:33:34] src.core.scanner_manager DEBUG    Estado anterior: True, Estado actual: True
[09:33:34] src.core.scanner_manager DEBUG    Estado del escáner sin cambios: conectado
[09:33:37] src.core.scanner_manager DEBUG    Verificando estado del escáner... (intervalo: 3s)
[09:33:37] src.core.scanner_manager DEBUG    test_connection() retornó: True
[09:33:37] src.core.scanner_manager DEBUG    Estado anterior: True, Estado actual: True
[09:33:37] src.core.scanner_manager DEBUG    Estado del escáner sin cambios: conectado
[09:33:40] src.core.scanner_manager DEBUG    Verificando estado del escáner... (intervalo: 3s)
[09:33:40] src.core.scanner_manager DEBUG    test_connection() retornó: True
[09:33:40] src.core.scanner_manager DEBUG    Estado anterior: True, Estado actual: True
[09:33:40] src.core.scanner_manager DEBUG    Estado del escáner sin cambios: conectado
[09:33:43] src.core.scanner_manager DEBUG    Verificando estado del escáner... (intervalo: 3s)
[09:33:43] src.core.scanner_manager DEBUG    test_connection() retornó: True
[09:33:43] src.core.scanner_manager DEBUG    Estado anterior: True, Estado actual: True
[09:33:43] src.core.scanner_manager DEBUG    Estado del escáner sin cambios: conectado
[09:33:46] src.core.scanner_manager DEBUG    Verificando estado del escáner... (intervalo: 3s)
[09:33:46] src.core.scanner_manager DEBUG    test_connection() retornó: True
[09:33:46] src.core.scanner_manager DEBUG    Estado anterior: True, Estado actual: True
[09:33:46] src.core.scanner_manager DEBUG    Estado del escáner sin cambios: conectado
[09:33:49] src.core.scanner_manager DEBUG    Verificando estado del escáner... (intervalo: 3s)
[09:33:49] src.core.scanner_manager DEBUG    test_connection() retornó: True
[09:33:49] src.core.scanner_manager DEBUG    Estado anterior: True, Estado actual: True
[09:33:49] src.core.scanner_manager DEBUG    Estado del escáner sin cambios: conectado
[09:33:52] src.core.scanner_manager DEBUG    Verificando estado del escáner... (intervalo: 3s)
[09:33:52] src.core.scanner_manager DEBUG    test_connection() retornó: True
[09:33:52] src.core.scanner_manager DEBUG    Estado anterior: True, Estado actual: True
[09:33:52] src.core.scanner_manager DEBUG    Estado del escáner sin cambios: conectado
[09:33:55] src.core.scanner_manager DEBUG    Verificando estado del escáner... (intervalo: 3s)
[09:33:55] src.core.scanner_manager DEBUG    test_connection() retornó: True
[09:33:55] src.core.scanner_manager DEBUG    Estado anterior: True, Estado actual: True
[09:33:55] src.core.scanner_manager DEBUG    Estado del escáner sin cambios: conectado
[09:33:58] src.core.scanner_manager DEBUG    Verificando estado del escáner... (intervalo: 3s)
[09:33:58] src.core.scanner_manager DEBUG    test_connection() retornó: True
[09:33:58] src.core.scanner_manager DEBUG    Estado anterior: True, Estado actual: True
[09:33:58] src.core.scanner_manager DEBUG    Estado del escáner sin cambios: conectado
[09:33:59] src.services.analytics_service DEBUG    Análisis completo realizado
[09:33:59] src.services.analytics_service WARNING  ALERTA HIGH: Eficiencia baja: 47.0%
[09:33:59] src.services.analytics_service WARNING  ALERTA MEDIUM: OEE bajo: 44.7%
[09:34:01] src.core.scanner_manager DEBUG    Verificando estado del escáner... (intervalo: 3s)
[09:34:01] src.core.scanner_manager DEBUG    test_connection() retornó: True
[09:34:01] src.core.scanner_manager DEBUG    Estado anterior: True, Estado actual: True
[09:34:01] src.core.scanner_manager DEBUG    Estado del escáner sin cambios: conectado
[09:34:04] src.core.scanner_manager DEBUG    Verificando estado del escáner... (intervalo: 3s)
[09:34:04] src.core.scanner_manager DEBUG    test_connection() retornó: True
[09:34:04] src.core.scanner_manager DEBUG    Estado anterior: True, Estado actual: True
[09:34:04] src.core.scanner_manager DEBUG    Estado del escáner sin cambios: conectado
[09:34:07] src.core.scanner_manager DEBUG    Verificando estado del escáner... (intervalo: 3s)
[09:34:07] src.core.scanner_manager DEBUG    test_connection() retornó: True
[09:34:07] src.core.scanner_manager DEBUG    Estado anterior: True, Estado actual: True
[09:34:07] src.core.scanner_manager DEBUG    Estado del escáner sin cambios: conectado
[09:34:10] src.core.scanner_manager DEBUG    Verificando estado del escáner... (intervalo: 3s)
[09:34:10] src.core.scanner_manager DEBUG    test_connection() retornó: True
[09:34:10] src.core.scanner_manager DEBUG    Estado anterior: True, Estado actual: True
[09:34:10] src.core.scanner_manager DEBUG    Estado del escáner sin cambios: conectado
[09:34:13] src.core.scanner_manager DEBUG    Verificando estado del escáner... (intervalo: 3s)
[09:34:13] src.core.scanner_manager DEBUG    test_connection() retornó: True
[09:34:13] src.core.scanner_manager DEBUG    Estado anterior: True, Estado actual: True
[09:34:13] src.core.scanner_manager DEBUG    Estado del escáner sin cambios: conectado
[09:34:16] src.core.scanner_manager DEBUG    Verificando estado del escáner... (intervalo: 3s)
[09:34:16] src.core.scanner_manager DEBUG    test_connection() retornó: True
[09:34:16] src.core.scanner_manager DEBUG    Estado anterior: True, Estado actual: True
[09:34:16] src.core.scanner_manager DEBUG    Estado del escáner sin cambios: conectado
[09:34:19] src.core.scanner_manager DEBUG    Verificando estado del escáner... (intervalo: 3s)
[09:34:19] src.core.scanner_manager DEBUG    test_connection() retornó: True
[09:34:19] src.core.scanner_manager DEBUG    Estado anterior: True, Estado actual: True
[09:34:19] src.core.scanner_manager DEBUG    Estado del escáner sin cambios: conectado
[09:34:22] src.core.scanner_manager DEBUG    Verificando estado del escáner... (intervalo: 3s)
[09:34:22] src.core.scanner_manager DEBUG    test_connection() retornó: True
[09:34:22] src.core.scanner_manager DEBUG    Estado anterior: True, Estado actual: True
[09:34:22] src.core.scanner_manager DEBUG    Estado del escáner sin cambios: conectado
[09:34:25] src.core.scanner_manager DEBUG    Verificando estado del escáner... (intervalo: 3s)
[09:34:25] src.core.scanner_manager DEBUG    test_connection() retornó: True
[09:34:25] src.core.scanner_manager DEBUG    Estado anterior: True, Estado actual: True
[09:34:25] src.core.scanner_manager DEBUG    Estado del escáner sin cambios: conectado
[09:34:28] src.core.scanner_manager DEBUG    Verificando estado del escáner... (intervalo: 3s)
[09:34:28] src.core.scanner_manager DEBUG    test_connection() retornó: True
[09:34:28] src.core.scanner_manager DEBUG    Estado anterior: True, Estado actual: True
[09:34:28] src.core.scanner_manager DEBUG    Estado del escáner sin cambios: conectado
[09:34:29] src.services.analytics_service DEBUG    Análisis completo realizado
[09:34:29] src.services.analytics_service WARNING  ALERTA HIGH: Eficiencia baja: 47.0%
[09:34:29] src.services.analytics_service WARNING  ALERTA MEDIUM: OEE bajo: 44.7%
[09:34:31] src.core.scanner_manager DEBUG    Verificando estado del escáner... (intervalo: 3s)
[09:34:31] src.core.scanner_manager DEBUG    test_connection() retornó: True
[09:34:31] src.core.scanner_manager DEBUG    Estado anterior: True, Estado actual: True
[09:34:31] src.core.scanner_manager DEBUG    Estado del escáner sin cambios: conectado
[09:34:34] src.core.scanner_manager DEBUG    Verificando estado del escáner... (intervalo: 3s)
[09:34:34] src.core.scanner_manager DEBUG    test_connection() retornó: True
[09:34:34] src.core.scanner_manager DEBUG    Estado anterior: True, Estado actual: True
[09:34:34] src.core.scanner_manager DEBUG    Estado del escáner sin cambios: conectado
[09:34:37] src.core.scanner_manager DEBUG    Verificando estado del escáner... (intervalo: 3s)
[09:34:37] src.core.scanner_manager DEBUG    test_connection() retornó: True
[09:34:37] src.core.scanner_manager DEBUG    Estado anterior: True, Estado actual: True
[09:34:37] src.core.scanner_manager DEBUG    Estado del escáner sin cambios: conectado
[09:34:40] src.core.scanner_manager DEBUG    Verificando estado del escáner... (intervalo: 3s)
[09:34:40] src.core.scanner_manager DEBUG    test_connection() retornó: True
[09:34:40] src.core.scanner_manager DEBUG    Estado anterior: True, Estado actual: True
[09:34:40] src.core.scanner_manager DEBUG    Estado del escáner sin cambios: conectado
[09:34:43] src.core.scanner_manager DEBUG    Verificando estado del escáner... (intervalo: 3s)
[09:34:43] src.core.scanner_manager DEBUG    test_connection() retornó: True
[09:34:43] src.core.scanner_manager DEBUG    Estado anterior: True, Estado actual: True
[09:34:43] src.core.scanner_manager DEBUG    Estado del escáner sin cambios: conectado
[09:34:46] src.core.scanner_manager DEBUG    Verificando estado del escáner... (intervalo: 3s)
[09:34:46] src.core.scanner_manager DEBUG    test_connection() retornó: True
[09:34:46] src.core.scanner_manager DEBUG    Estado anterior: True, Estado actual: True
[09:34:46] src.core.scanner_manager DEBUG    Estado del escáner sin cambios: conectado
[09:34:49] src.core.scanner_manager DEBUG    Verificando estado del escáner... (intervalo: 3s)
[09:34:49] src.core.scanner_manager DEBUG    test_connection() retornó: True
[09:34:49] src.core.scanner_manager DEBUG    Estado anterior: True, Estado actual: True
[09:34:49] src.core.scanner_manager DEBUG    Estado del escáner sin cambios: conectado
[09:34:52] src.core.scanner_manager DEBUG    Verificando estado del escáner... (intervalo: 3s)
[09:34:52] src.core.scanner_manager DEBUG    test_connection() retornó: True
[09:34:52] src.core.scanner_manager DEBUG    Estado anterior: True, Estado actual: True
[09:34:52] src.core.scanner_manager DEBUG    Estado del escáner sin cambios: conectado
[09:34:55] src.core.scanner_manager DEBUG    Verificando estado del escáner... (intervalo: 3s)
[09:34:55] src.core.scanner_manager DEBUG    test_connection() retornó: True
[09:34:55] src.core.scanner_manager DEBUG    Estado anterior: True, Estado actual: True
[09:34:55] src.core.scanner_manager DEBUG    Estado del escáner sin cambios: conectado
[09:34:58] src.core.scanner_manager DEBUG    Verificando estado del escáner... (intervalo: 3s)
[09:34:58] src.core.scanner_manager DEBUG    test_connection() retornó: True
[09:34:58] src.core.scanner_manager DEBUG    Estado anterior: True, Estado actual: True
[09:34:58] src.core.scanner_manager DEBUG    Estado del escáner sin cambios: conectado
[09:34:59] src.services.analytics_service DEBUG    Análisis completo realizado
[09:34:59] src.services.analytics_service WARNING  ALERTA HIGH: Eficiencia baja: 47.0%
[09:34:59] src.services.analytics_service WARNING  ALERTA MEDIUM: OEE bajo: 44.7%
[09:35:01] src.core.scanner_manager DEBUG    Verificando estado del escáner... (intervalo: 3s)
[09:35:01] src.core.scanner_manager DEBUG    test_connection() retornó: True
[09:35:01] src.core.scanner_manager DEBUG    Estado anterior: True, Estado actual: True
[09:35:01] src.core.scanner_manager DEBUG    Estado del escáner sin cambios: conectado
[09:35:04] src.core.scanner_manager DEBUG    Verificando estado del escáner... (intervalo: 3s)
[09:35:04] src.core.scanner_manager DEBUG    test_connection() retornó: True
[09:35:04] src.core.scanner_manager DEBUG    Estado anterior: True, Estado actual: True
[09:35:04] src.core.scanner_manager DEBUG    Estado del escáner sin cambios: conectado
[09:35:07] src.core.scanner_manager DEBUG    Verificando estado del escáner... (intervalo: 3s)
[09:35:07] src.core.scanner_manager DEBUG    test_connection() retornó: True
[09:35:07] src.core.scanner_manager DEBUG    Estado anterior: True, Estado actual: True
[09:35:07] src.core.scanner_manager DEBUG    Estado del escáner sin cambios: conectado
[09:35:10] src.core.scanner_manager DEBUG    Verificando estado del escáner... (intervalo: 3s)
[09:35:10] src.core.scanner_manager DEBUG    test_connection() retornó: True
[09:35:10] src.core.scanner_manager DEBUG    Estado anterior: True, Estado actual: True
[09:35:10] src.core.scanner_manager DEBUG    Estado del escáner sin cambios: conectado
[09:35:13] src.core.scanner_manager DEBUG    Verificando estado del escáner... (intervalo: 3s)
[09:35:13] src.core.scanner_manager DEBUG    test_connection() retornó: True
[09:35:13] src.core.scanner_manager DEBUG    Estado anterior: True, Estado actual: True
[09:35:13] src.core.scanner_manager DEBUG    Estado del escáner sin cambios: conectado
[09:35:16] src.core.scanner_manager DEBUG    Verificando estado del escáner... (intervalo: 3s)
[09:35:16] src.core.scanner_manager DEBUG    test_connection() retornó: True
[09:35:16] src.core.scanner_manager DEBUG    Estado anterior: True, Estado actual: True
[09:35:16] src.core.scanner_manager DEBUG    Estado del escáner sin cambios: conectado
[09:35:19] src.core.scanner_manager DEBUG    Verificando estado del escáner... (intervalo: 3s)
[09:35:19] src.core.scanner_manager DEBUG    test_connection() retornó: True
[09:35:19] src.core.scanner_manager DEBUG    Estado anterior: True, Estado actual: True
[09:35:19] src.core.scanner_manager DEBUG    Estado del escáner sin cambios: conectado
[09:35:22] src.core.scanner_manager DEBUG    Verificando estado del escáner... (intervalo: 3s)
[09:35:22] src.core.scanner_manager DEBUG    test_connection() retornó: True
[09:35:22] src.core.scanner_manager DEBUG    Estado anterior: True, Estado actual: True
[09:35:22] src.core.scanner_manager DEBUG    Estado del escáner sin cambios: conectado
[09:35:25] src.core.scanner_manager DEBUG    Verificando estado del escáner... (intervalo: 3s)
[09:35:25] src.core.scanner_manager DEBUG    test_connection() retornó: True
[09:35:25] src.core.scanner_manager DEBUG    Estado anterior: True, Estado actual: True
[09:35:25] src.core.scanner_manager DEBUG    Estado del escáner sin cambios: conectado
[09:35:28] src.core.scanner_manager DEBUG    Verificando estado del escáner... (intervalo: 3s)
[09:35:28] src.core.scanner_manager DEBUG    test_connection() retornó: True
[09:35:28] src.core.scanner_manager DEBUG    Estado anterior: True, Estado actual: True
[09:35:28] src.core.scanner_manager DEBUG    Estado del escáner sin cambios: conectado
[09:35:29] src.services.analytics_service DEBUG    Análisis completo realizado
[09:35:29] src.services.analytics_service WARNING  ALERTA HIGH: Eficiencia baja: 47.0%
[09:35:29] src.services.analytics_service WARNING  ALERTA MEDIUM: OEE bajo: 44.7%
[09:35:31] src.core.scanner_manager DEBUG    Verificando estado del escáner... (intervalo: 3s)
[09:35:31] src.core.scanner_manager DEBUG    test_connection() retornó: True
[09:35:31] src.core.scanner_manager DEBUG    Estado anterior: True, Estado actual: True
[09:35:31] src.core.scanner_manager DEBUG    Estado del escáner sin cambios: conectado
[09:35:34] src.core.scanner_manager DEBUG    Verificando estado del escáner... (intervalo: 3s)
[09:35:34] src.core.scanner_manager DEBUG    test_connection() retornó: True
[09:35:34] src.core.scanner_manager DEBUG    Estado anterior: True, Estado actual: True
[09:35:34] src.core.scanner_manager DEBUG    Estado del escáner sin cambios: conectado
[09:35:37] src.core.scanner_manager DEBUG    Verificando estado del escáner... (intervalo: 3s)
[09:35:37] src.core.scanner_manager DEBUG    test_connection() retornó: True
[09:35:37] src.core.scanner_manager DEBUG    Estado anterior: True, Estado actual: True
[09:35:37] src.core.scanner_manager DEBUG    Estado del escáner sin cambios: conectado
[09:35:40] src.core.scanner_manager DEBUG    Verificando estado del escáner... (intervalo: 3s)
[09:35:40] src.core.scanner_manager DEBUG    test_connection() retornó: True
[09:35:40] src.core.scanner_manager DEBUG    Estado anterior: True, Estado actual: True
[09:35:40] src.core.scanner_manager DEBUG    Estado del escáner sin cambios: conectado
[09:35:43] src.core.scanner_manager DEBUG    Verificando estado del escáner... (intervalo: 3s)
[09:35:43] src.core.scanner_manager DEBUG    test_connection() retornó: True
[09:35:43] src.core.scanner_manager DEBUG    Estado anterior: True, Estado actual: True
[09:35:43] src.core.scanner_manager DEBUG    Estado del escáner sin cambios: conectado
[09:35:46] src.core.scanner_manager DEBUG    Verificando estado del escáner... (intervalo: 3s)
[09:35:46] src.core.scanner_manager DEBUG    test_connection() retornó: True
[09:35:46] src.core.scanner_manager DEBUG    Estado anterior: True, Estado actual: True
[09:35:46] src.core.scanner_manager DEBUG    Estado del escáner sin cambios: conectado
[09:35:49] src.core.scanner_manager DEBUG    Verificando estado del escáner... (intervalo: 3s)
[09:35:49] src.core.scanner_manager DEBUG    test_connection() retornó: True
[09:35:49] src.core.scanner_manager DEBUG    Estado anterior: True, Estado actual: True
[09:35:49] src.core.scanner_manager DEBUG    Estado del escáner sin cambios: conectado
[09:35:52] src.core.scanner_manager DEBUG    Verificando estado del escáner... (intervalo: 3s)
[09:35:52] src.core.scanner_manager DEBUG    test_connection() retornó: True
[09:35:52] src.core.scanner_manager DEBUG    Estado anterior: True, Estado actual: True
[09:35:52] src.core.scanner_manager DEBUG    Estado del escáner sin cambios: conectado
[09:35:55] src.core.scanner_manager DEBUG    Verificando estado del escáner... (intervalo: 3s)
[09:35:55] src.core.scanner_manager DEBUG    test_connection() retornó: True
[09:35:55] src.core.scanner_manager DEBUG    Estado anterior: True, Estado actual: True
[09:35:55] src.core.scanner_manager DEBUG    Estado del escáner sin cambios: conectado
[09:35:58] src.core.scanner_manager DEBUG    Verificando estado del escáner... (intervalo: 3s)
[09:35:58] src.core.scanner_manager DEBUG    test_connection() retornó: True
[09:35:58] src.core.scanner_manager DEBUG    Estado anterior: True, Estado actual: True
[09:35:58] src.core.scanner_manager DEBUG    Estado del escáner sin cambios: conectado
[09:35:59] src.services.analytics_service DEBUG    Análisis completo realizado
[09:35:59] src.services.analytics_service WARNING  ALERTA HIGH: Eficiencia baja: 47.0%
[09:35:59] src.services.analytics_service WARNING  ALERTA MEDIUM: OEE bajo: 44.7%
[09:36:01] src.core.scanner_manager DEBUG    Verificando estado del escáner... (intervalo: 3s)
[09:36:01] src.core.scanner_manager DEBUG    test_connection() retornó: True
[09:36:01] src.core.scanner_manager DEBUG    Estado anterior: True, Estado actual: True
[09:36:01] src.core.scanner_manager DEBUG    Estado del escáner sin cambios: conectado
[09:36:04] src.core.scanner_manager DEBUG    Verificando estado del escáner... (intervalo: 3s)
[09:36:04] src.core.scanner_manager DEBUG    test_connection() retornó: True
[09:36:04] src.core.scanner_manager DEBUG    Estado anterior: True, Estado actual: True
[09:36:04] src.core.scanner_manager DEBUG    Estado del escáner sin cambios: conectado
[09:36:07] src.core.scanner_manager DEBUG    Verificando estado del escáner... (intervalo: 3s)
[09:36:07] src.core.scanner_manager DEBUG    test_connection() retornó: True
[09:36:07] src.core.scanner_manager DEBUG    Estado anterior: True, Estado actual: True
[09:36:07] src.core.scanner_manager DEBUG    Estado del escáner sin cambios: conectado
[09:36:10] src.core.scanner_manager DEBUG    Verificando estado del escáner... (intervalo: 3s)
[09:36:10] src.core.scanner_manager DEBUG    test_connection() retornó: True
[09:36:10] src.core.scanner_manager DEBUG    Estado anterior: True, Estado actual: True
[09:36:10] src.core.scanner_manager DEBUG    Estado del escáner sin cambios: conectado
[09:36:13] src.core.scanner_manager DEBUG    Verificando estado del escáner... (intervalo: 3s)
[09:36:13] src.core.scanner_manager DEBUG    test_connection() retornó: True
[09:36:13] src.core.scanner_manager DEBUG    Estado anterior: True, Estado actual: True
[09:36:13] src.core.scanner_manager DEBUG    Estado del escáner sin cambios: conectado
[09:36:16] src.core.scanner_manager DEBUG    Verificando estado del escáner... (intervalo: 3s)
[09:36:16] src.core.scanner_manager DEBUG    test_connection() retornó: True
[09:36:16] src.core.scanner_manager DEBUG    Estado anterior: True, Estado actual: True
[09:36:16] src.core.scanner_manager DEBUG    Estado del escáner sin cambios: conectado
[09:36:19] src.core.scanner_manager DEBUG    Verificando estado del escáner... (intervalo: 3s)
[09:36:19] src.core.scanner_manager DEBUG    test_connection() retornó: True
[09:36:19] src.core.scanner_manager DEBUG    Estado anterior: True, Estado actual: True
[09:36:19] src.core.scanner_manager DEBUG    Estado del escáner sin cambios: conectado
[09:36:22] src.core.scanner_manager DEBUG    Verificando estado del escáner... (intervalo: 3s)
[09:36:22] src.core.scanner_manager DEBUG    test_connection() retornó: True
[09:36:22] src.core.scanner_manager DEBUG    Estado anterior: True, Estado actual: True
[09:36:22] src.core.scanner_manager DEBUG    Estado del escáner sin cambios: conectado
[09:36:25] src.core.scanner_manager DEBUG    Verificando estado del escáner... (intervalo: 3s)
[09:36:25] src.core.scanner_manager DEBUG    test_connection() retornó: True
[09:36:25] src.core.scanner_manager DEBUG    Estado anterior: True, Estado actual: True
[09:36:25] src.core.scanner_manager DEBUG    Estado del escáner sin cambios: conectado
[09:36:28] src.core.scanner_manager DEBUG    Verificando estado del escáner... (intervalo: 3s)
[09:36:28] src.core.scanner_manager DEBUG    test_connection() retornó: True
[09:36:28] src.core.scanner_manager DEBUG    Estado anterior: True, Estado actual: True
[09:36:28] src.core.scanner_manager DEBUG    Estado del escáner sin cambios: conectado
[09:36:29] src.services.analytics_service DEBUG    Análisis completo realizado
[09:36:29] src.services.analytics_service WARNING  ALERTA HIGH: Eficiencia baja: 47.0%
[09:36:29] src.services.analytics_service WARNING  ALERTA MEDIUM: OEE bajo: 44.7%
[09:36:31] src.core.scanner_manager DEBUG    Verificando estado del escáner... (intervalo: 3s)
[09:36:31] src.core.scanner_manager DEBUG    test_connection() retornó: True
[09:36:31] src.core.scanner_manager DEBUG    Estado anterior: True, Estado actual: True
[09:36:31] src.core.scanner_manager DEBUG    Estado del escáner sin cambios: conectado
[09:36:34] src.core.scanner_manager DEBUG    Verificando estado del escáner... (intervalo: 3s)
[09:36:34] src.core.scanner_manager DEBUG    test_connection() retornó: True
[09:36:34] src.core.scanner_manager DEBUG    Estado anterior: True, Estado actual: True
[09:36:34] src.core.scanner_manager DEBUG    Estado del escáner sin cambios: conectado
[09:36:37] src.core.scanner_manager DEBUG    Verificando estado del escáner... (intervalo: 3s)
[09:36:37] src.core.scanner_manager DEBUG    test_connection() retornó: True
[09:36:37] src.core.scanner_manager DEBUG    Estado anterior: True, Estado actual: True
[09:36:37] src.core.scanner_manager DEBUG    Estado del escáner sin cambios: conectado
[09:36:40] src.core.scanner_manager DEBUG    Verificando estado del escáner... (intervalo: 3s)
[09:36:40] src.core.scanner_manager DEBUG    test_connection() retornó: True
[09:36:40] src.core.scanner_manager DEBUG    Estado anterior: True, Estado actual: True
[09:36:40] src.core.scanner_manager DEBUG    Estado del escáner sin cambios: conectado
[09:36:43] src.core.scanner_manager DEBUG    Verificando estado del escáner... (intervalo: 3s)
[09:36:43] src.core.scanner_manager DEBUG    test_connection() retornó: True
[09:36:43] src.core.scanner_manager DEBUG    Estado anterior: True, Estado actual: True
[09:36:43] src.core.scanner_manager DEBUG    Estado del escáner sin cambios: conectado
[09:36:46] src.core.scanner_manager DEBUG    Verificando estado del escáner... (intervalo: 3s)
[09:36:46] src.core.scanner_manager DEBUG    test_connection() retornó: True
[09:36:46] src.core.scanner_manager DEBUG    Estado anterior: True, Estado actual: True
[09:36:46] src.core.scanner_manager DEBUG    Estado del escáner sin cambios: conectado
[09:36:49] src.core.scanner_manager DEBUG    Verificando estado del escáner... (intervalo: 3s)
[09:36:49] src.core.scanner_manager DEBUG    test_connection() retornó: True
[09:36:49] src.core.scanner_manager DEBUG    Estado anterior: True, Estado actual: True
[09:36:49] src.core.scanner_manager DEBUG    Estado del escáner sin cambios: conectado
[09:36:52] src.core.scanner_manager DEBUG    Verificando estado del escáner... (intervalo: 3s)
[09:36:52] src.core.scanner_manager DEBUG    test_connection() retornó: True
[09:36:52] src.core.scanner_manager DEBUG    Estado anterior: True, Estado actual: True
[09:36:52] src.core.scanner_manager DEBUG    Estado del escáner sin cambios: conectado
[09:36:55] src.core.scanner_manager DEBUG    Verificando estado del escáner... (intervalo: 3s)
[09:36:55] src.core.scanner_manager DEBUG    test_connection() retornó: True
[09:36:55] src.core.scanner_manager DEBUG    Estado anterior: True, Estado actual: True
[09:36:55] src.core.scanner_manager DEBUG    Estado del escáner sin cambios: conectado
[09:36:58] src.core.scanner_manager DEBUG    Verificando estado del escáner... (intervalo: 3s)
[09:36:58] src.core.scanner_manager DEBUG    test_connection() retornó: True
[09:36:58] src.core.scanner_manager DEBUG    Estado anterior: True, Estado actual: True
[09:36:58] src.core.scanner_manager DEBUG    Estado del escáner sin cambios: conectado
[09:36:59] src.services.analytics_service DEBUG    Análisis completo realizado
[09:36:59] src.services.analytics_service WARNING  ALERTA HIGH: Eficiencia baja: 47.0%
[09:36:59] src.services.analytics_service WARNING  ALERTA MEDIUM: OEE bajo: 44.7%
[09:37:01] src.core.scanner_manager DEBUG    Verificando estado del escáner... (intervalo: 3s)
[09:37:01] src.core.scanner_manager DEBUG    test_connection() retornó: True
[09:37:01] src.core.scanner_manager DEBUG    Estado anterior: True, Estado actual: True
[09:37:01] src.core.scanner_manager DEBUG    Estado del escáner sin cambios: conectado
[09:37:04] src.core.scanner_manager DEBUG    Verificando estado del escáner... (intervalo: 3s)
[09:37:04] src.core.scanner_manager DEBUG    test_connection() retornó: True
[09:37:04] src.core.scanner_manager DEBUG    Estado anterior: True, Estado actual: True
[09:37:04] src.core.scanner_manager DEBUG    Estado del escáner sin cambios: conectado
[09:37:07] src.core.scanner_manager DEBUG    Verificando estado del escáner... (intervalo: 3s)
[09:37:07] src.core.scanner_manager DEBUG    test_connection() retornó: True
[09:37:07] src.core.scanner_manager DEBUG    Estado anterior: True, Estado actual: True
[09:37:07] src.core.scanner_manager DEBUG    Estado del escáner sin cambios: conectado
[09:37:10] src.core.scanner_manager DEBUG    Verificando estado del escáner... (intervalo: 3s)
[09:37:10] src.core.scanner_manager DEBUG    test_connection() retornó: True
[09:37:10] src.core.scanner_manager DEBUG    Estado anterior: True, Estado actual: True
[09:37:10] src.core.scanner_manager DEBUG    Estado del escáner sin cambios: conectado
[09:37:13] src.core.scanner_manager DEBUG    Verificando estado del escáner... (intervalo: 3s)
[09:37:13] src.core.scanner_manager DEBUG    test_connection() retornó: True
[09:37:13] src.core.scanner_manager DEBUG    Estado anterior: True, Estado actual: True
[09:37:13] src.core.scanner_manager DEBUG    Estado del escáner sin cambios: conectado
[09:37:16] src.core.scanner_manager DEBUG    Verificando estado del escáner... (intervalo: 3s)
[09:37:16] src.core.scanner_manager DEBUG    test_connection() retornó: True
[09:37:16] src.core.scanner_manager DEBUG    Estado anterior: True, Estado actual: True
[09:37:16] src.core.scanner_manager DEBUG    Estado del escáner sin cambios: conectado
[09:37:19] src.core.scanner_manager DEBUG    Verificando estado del escáner... (intervalo: 3s)
[09:37:19] src.core.scanner_manager DEBUG    test_connection() retornó: True
[09:37:19] src.core.scanner_manager DEBUG    Estado anterior: True, Estado actual: True
[09:37:19] src.core.scanner_manager DEBUG    Estado del escáner sin cambios: conectado
[09:37:22] src.core.scanner_manager DEBUG    Verificando estado del escáner... (intervalo: 3s)
[09:37:22] src.core.scanner_manager DEBUG    test_connection() retornó: True
[09:37:22] src.core.scanner_manager DEBUG    Estado anterior: True, Estado actual: True
[09:37:22] src.core.scanner_manager DEBUG    Estado del escáner sin cambios: conectado
[09:37:25] src.core.scanner_manager DEBUG    Verificando estado del escáner... (intervalo: 3s)
[09:37:25] src.core.scanner_manager DEBUG    test_connection() retornó: True
[09:37:25] src.core.scanner_manager DEBUG    Estado anterior: True, Estado actual: True
[09:37:25] src.core.scanner_manager DEBUG    Estado del escáner sin cambios: conectado
[09:37:28] src.core.scanner_manager DEBUG    Verificando estado del escáner... (intervalo: 3s)
[09:37:29] src.core.scanner_manager DEBUG    test_connection() retornó: True
[09:37:29] src.core.scanner_manager DEBUG    Estado anterior: True, Estado actual: True
[09:37:29] src.core.scanner_manager DEBUG    Estado del escáner sin cambios: conectado
[09:37:29] src.services.analytics_service DEBUG    Análisis completo realizado
[09:37:29] src.services.analytics_service WARNING  ALERTA HIGH: Eficiencia baja: 47.0%
[09:37:29] src.services.analytics_service WARNING  ALERTA MEDIUM: OEE bajo: 44.7%
[09:37:32] src.core.scanner_manager DEBUG    Verificando estado del escáner... (intervalo: 3s)
[09:37:32] src.core.scanner_manager DEBUG    test_connection() retornó: True
[09:37:32] src.core.scanner_manager DEBUG    Estado anterior: True, Estado actual: True
[09:37:32] src.core.scanner_manager DEBUG    Estado del escáner sin cambios: conectado
[09:37:35] src.core.scanner_manager DEBUG    Verificando estado del escáner... (intervalo: 3s)
[09:37:35] src.core.scanner_manager DEBUG    test_connection() retornó: True
[09:37:35] src.core.scanner_manager DEBUG    Estado anterior: True, Estado actual: True
[09:37:35] src.core.scanner_manager DEBUG    Estado del escáner sin cambios: conectado
[09:37:38] src.core.scanner_manager DEBUG    Verificando estado del escáner... (intervalo: 3s)
[09:37:38] src.core.scanner_manager DEBUG    test_connection() retornó: True
[09:37:38] src.core.scanner_manager DEBUG    Estado anterior: True, Estado actual: True
[09:37:38] src.core.scanner_manager DEBUG    Estado del escáner sin cambios: conectado
[09:37:41] src.core.scanner_manager DEBUG    Verificando estado del escáner... (intervalo: 3s)
[09:37:41] src.core.scanner_manager DEBUG    test_connection() retornó: True
[09:37:41] src.core.scanner_manager DEBUG    Estado anterior: True, Estado actual: True
[09:37:41] src.core.scanner_manager DEBUG    Estado del escáner sin cambios: conectado
[09:37:44] src.core.scanner_manager DEBUG    Verificando estado del escáner... (intervalo: 3s)
[09:37:44] src.core.scanner_manager DEBUG    test_connection() retornó: True
[09:37:44] src.core.scanner_manager DEBUG    Estado anterior: True, Estado actual: True
[09:37:44] src.core.scanner_manager DEBUG    Estado del escáner sin cambios: conectado
[09:37:47] src.core.scanner_manager DEBUG    Verificando estado del escáner... (intervalo: 3s)
[09:37:47] src.core.scanner_manager DEBUG    test_connection() retornó: True
[09:37:47] src.core.scanner_manager DEBUG    Estado anterior: True, Estado actual: True
[09:37:47] src.core.scanner_manager DEBUG    Estado del escáner sin cambios: conectado
[09:37:50] src.core.scanner_manager DEBUG    Verificando estado del escáner... (intervalo: 3s)
[09:37:50] src.core.scanner_manager DEBUG    test_connection() retornó: True
[09:37:50] src.core.scanner_manager DEBUG    Estado anterior: True, Estado actual: True
[09:37:50] src.core.scanner_manager DEBUG    Estado del escáner sin cambios: conectado
[09:37:53] src.core.scanner_manager DEBUG    Verificando estado del escáner... (intervalo: 3s)
[09:37:53] src.core.scanner_manager DEBUG    test_connection() retornó: True
[09:37:53] src.core.scanner_manager DEBUG    Estado anterior: True, Estado actual: True
[09:37:53] src.core.scanner_manager DEBUG    Estado del escáner sin cambios: conectado
[09:37:56] src.core.scanner_manager DEBUG    Verificando estado del escáner... (intervalo: 3s)
[09:37:56] src.core.scanner_manager DEBUG    test_connection() retornó: True
[09:37:56] src.core.scanner_manager DEBUG    Estado anterior: True, Estado actual: True
[09:37:56] src.core.scanner_manager DEBUG    Estado del escáner sin cambios: conectado
[09:37:59] src.core.scanner_manager DEBUG    Verificando estado del escáner... (intervalo: 3s)
[09:37:59] src.core.scanner_manager DEBUG    test_connection() retornó: True
[09:37:59] src.core.scanner_manager DEBUG    Estado anterior: True, Estado actual: True
[09:37:59] src.core.scanner_manager DEBUG    Estado del escáner sin cambios: conectado
[09:37:59] src.services.analytics_service DEBUG    Análisis completo realizado
[09:37:59] src.services.analytics_service WARNING  ALERTA HIGH: Eficiencia baja: 47.0%
[09:37:59] src.services.analytics_service WARNING  ALERTA MEDIUM: OEE bajo: 44.7%
[09:38:02] src.core.scanner_manager DEBUG    Verificando estado del escáner... (intervalo: 3s)
[09:38:02] src.core.scanner_manager DEBUG    test_connection() retornó: True
[09:38:02] src.core.scanner_manager DEBUG    Estado anterior: True, Estado actual: True
[09:38:02] src.core.scanner_manager DEBUG    Estado del escáner sin cambios: conectado
[09:38:05] src.core.scanner_manager DEBUG    Verificando estado del escáner... (intervalo: 3s)
[09:38:05] src.core.scanner_manager DEBUG    test_connection() retornó: True
[09:38:05] src.core.scanner_manager DEBUG    Estado anterior: True, Estado actual: True
[09:38:05] src.core.scanner_manager DEBUG    Estado del escáner sin cambios: conectado
[09:38:08] src.core.scanner_manager DEBUG    Verificando estado del escáner... (intervalo: 3s)
[09:38:08] src.core.scanner_manager DEBUG    test_connection() retornó: True
[09:38:08] src.core.scanner_manager DEBUG    Estado anterior: True, Estado actual: True
[09:38:08] src.core.scanner_manager DEBUG    Estado del escáner sin cambios: conectado
[09:38:11] src.core.scanner_manager DEBUG    Verificando estado del escáner... (intervalo: 3s)
[09:38:11] src.core.scanner_manager DEBUG    test_connection() retornó: True
[09:38:11] src.core.scanner_manager DEBUG    Estado anterior: True, Estado actual: True
[09:38:11] src.core.scanner_manager DEBUG    Estado del escáner sin cambios: conectado
[09:38:14] src.core.scanner_manager DEBUG    Verificando estado del escáner... (intervalo: 3s)
[09:38:14] src.core.scanner_manager DEBUG    test_connection() retornó: True
[09:38:14] src.core.scanner_manager DEBUG    Estado anterior: True, Estado actual: True
[09:38:14] src.core.scanner_manager DEBUG    Estado del escáner sin cambios: conectado
[09:38:17] src.core.scanner_manager DEBUG    Verificando estado del escáner... (intervalo: 3s)
[09:38:17] src.core.scanner_manager DEBUG    test_connection() retornó: True
[09:38:17] src.core.scanner_manager DEBUG    Estado anterior: True, Estado actual: True
[09:38:17] src.core.scanner_manager DEBUG    Estado del escáner sin cambios: conectado
[09:38:20] src.core.scanner_manager DEBUG    Verificando estado del escáner... (intervalo: 3s)
[09:38:20] src.core.scanner_manager DEBUG    test_connection() retornó: True
[09:38:20] src.core.scanner_manager DEBUG    Estado anterior: True, Estado actual: True
[09:38:20] src.core.scanner_manager DEBUG    Estado del escáner sin cambios: conectado
[09:38:23] src.core.scanner_manager DEBUG    Verificando estado del escáner... (intervalo: 3s)
[09:38:23] src.core.scanner_manager DEBUG    test_connection() retornó: True
[09:38:23] src.core.scanner_manager DEBUG    Estado anterior: True, Estado actual: True
[09:38:23] src.core.scanner_manager DEBUG    Estado del escáner sin cambios: conectado
[09:38:26] src.core.scanner_manager DEBUG    Verificando estado del escáner... (intervalo: 3s)
[09:38:26] src.core.scanner_manager DEBUG    test_connection() retornó: True
[09:38:26] src.core.scanner_manager DEBUG    Estado anterior: True, Estado actual: True
[09:38:26] src.core.scanner_manager DEBUG    Estado del escáner sin cambios: conectado
[09:38:29] src.core.scanner_manager DEBUG    Verificando estado del escáner... (intervalo: 3s)
[09:38:29] src.core.scanner_manager DEBUG    test_connection() retornó: True
[09:38:29] src.core.scanner_manager DEBUG    Estado anterior: True, Estado actual: True
[09:38:29] src.core.scanner_manager DEBUG    Estado del escáner sin cambios: conectado
[09:38:29] src.services.analytics_service DEBUG    Análisis completo realizado
[09:38:29] src.services.analytics_service WARNING  ALERTA HIGH: Eficiencia baja: 47.0%
[09:38:29] src.services.analytics_service WARNING  ALERTA MEDIUM: OEE bajo: 44.7%
[09:38:32] src.core.scanner_manager DEBUG    Verificando estado del escáner... (intervalo: 3s)
[09:38:32] src.core.scanner_manager DEBUG    test_connection() retornó: True
[09:38:32] src.core.scanner_manager DEBUG    Estado anterior: True, Estado actual: True
[09:38:32] src.core.scanner_manager DEBUG    Estado del escáner sin cambios: conectado
[09:38:35] src.core.scanner_manager DEBUG    Verificando estado del escáner... (intervalo: 3s)
[09:38:35] src.core.scanner_manager DEBUG    test_connection() retornó: True
[09:38:35] src.core.scanner_manager DEBUG    Estado anterior: True, Estado actual: True
[09:38:35] src.core.scanner_manager DEBUG    Estado del escáner sin cambios: conectado
[09:38:38] src.core.scanner_manager DEBUG    Verificando estado del escáner... (intervalo: 3s)
[09:38:38] src.core.scanner_manager DEBUG    test_connection() retornó: True
[09:38:38] src.core.scanner_manager DEBUG    Estado anterior: True, Estado actual: True
[09:38:38] src.core.scanner_manager DEBUG    Estado del escáner sin cambios: conectado
[09:38:41] src.core.scanner_manager DEBUG    Verificando estado del escáner... (intervalo: 3s)
[09:38:41] src.core.scanner_manager DEBUG    test_connection() retornó: True
[09:38:41] src.core.scanner_manager DEBUG    Estado anterior: True, Estado actual: True
[09:38:41] src.core.scanner_manager DEBUG    Estado del escáner sin cambios: conectado
[09:38:44] src.core.scanner_manager DEBUG    Verificando estado del escáner... (intervalo: 3s)
[09:38:44] src.core.scanner_manager DEBUG    test_connection() retornó: True
[09:38:44] src.core.scanner_manager DEBUG    Estado anterior: True, Estado actual: True
[09:38:44] src.core.scanner_manager DEBUG    Estado del escáner sin cambios: conectado
[09:38:47] src.core.scanner_manager DEBUG    Verificando estado del escáner... (intervalo: 3s)
[09:38:47] src.core.scanner_manager DEBUG    test_connection() retornó: True
[09:38:47] src.core.scanner_manager DEBUG    Estado anterior: True, Estado actual: True
[09:38:47] src.core.scanner_manager DEBUG    Estado del escáner sin cambios: conectado
[09:38:50] src.core.scanner_manager DEBUG    Verificando estado del escáner... (intervalo: 3s)
[09:38:50] src.core.scanner_manager DEBUG    test_connection() retornó: True
[09:38:50] src.core.scanner_manager DEBUG    Estado anterior: True, Estado actual: True
[09:38:50] src.core.scanner_manager DEBUG    Estado del escáner sin cambios: conectado
[09:38:53] src.core.scanner_manager DEBUG    Verificando estado del escáner... (intervalo: 3s)
[09:38:53] src.core.scanner_manager DEBUG    test_connection() retornó: True
[09:38:53] src.core.scanner_manager DEBUG    Estado anterior: True, Estado actual: True
[09:38:53] src.core.scanner_manager DEBUG    Estado del escáner sin cambios: conectado
[09:38:56] src.core.scanner_manager DEBUG    Verificando estado del escáner... (intervalo: 3s)
[09:38:56] src.core.scanner_manager DEBUG    test_connection() retornó: True
[09:38:56] src.core.scanner_manager DEBUG    Estado anterior: True, Estado actual: True
[09:38:56] src.core.scanner_manager DEBUG    Estado del escáner sin cambios: conectado
[09:38:59] src.core.scanner_manager DEBUG    Verificando estado del escáner... (intervalo: 3s)
[09:38:59] src.core.scanner_manager DEBUG    test_connection() retornó: True
[09:38:59] src.core.scanner_manager DEBUG    Estado anterior: True, Estado actual: True
[09:38:59] src.core.scanner_manager DEBUG    Estado del escáner sin cambios: conectado
[09:38:59] src.services.analytics_service DEBUG    Análisis completo realizado
[09:38:59] src.services.analytics_service WARNING  ALERTA HIGH: Eficiencia baja: 47.0%
[09:38:59] src.services.analytics_service WARNING  ALERTA MEDIUM: OEE bajo: 44.7%
[09:39:02] src.core.scanner_manager DEBUG    Verificando estado del escáner... (intervalo: 3s)
[09:39:02] src.core.scanner_manager DEBUG    test_connection() retornó: True
[09:39:02] src.core.scanner_manager DEBUG    Estado anterior: True, Estado actual: True
[09:39:02] src.core.scanner_manager DEBUG    Estado del escáner sin cambios: conectado
[09:39:05] src.core.scanner_manager DEBUG    Verificando estado del escáner... (intervalo: 3s)
[09:39:05] src.core.scanner_manager DEBUG    test_connection() retornó: True
[09:39:05] src.core.scanner_manager DEBUG    Estado anterior: True, Estado actual: True
[09:39:05] src.core.scanner_manager DEBUG    Estado del escáner sin cambios: conectado
[09:39:08] src.core.scanner_manager DEBUG    Verificando estado del escáner... (intervalo: 3s)
[09:39:08] src.core.scanner_manager DEBUG    test_connection() retornó: True
[09:39:08] src.core.scanner_manager DEBUG    Estado anterior: True, Estado actual: True
[09:39:08] src.core.scanner_manager DEBUG    Estado del escáner sin cambios: conectado
[09:39:11] src.core.scanner_manager DEBUG    Verificando estado del escáner... (intervalo: 3s)
[09:39:11] src.core.scanner_manager DEBUG    test_connection() retornó: True
[09:39:11] src.core.scanner_manager DEBUG    Estado anterior: True, Estado actual: True
[09:39:11] src.core.scanner_manager DEBUG    Estado del escáner sin cambios: conectado
[09:39:14] src.core.scanner_manager DEBUG    Verificando estado del escáner... (intervalo: 3s)
[09:39:14] src.core.scanner_manager DEBUG    test_connection() retornó: True
[09:39:14] src.core.scanner_manager DEBUG    Estado anterior: True, Estado actual: True
[09:39:14] src.core.scanner_manager DEBUG    Estado del escáner sin cambios: conectado
[09:39:17] src.core.scanner_manager DEBUG    Verificando estado del escáner... (intervalo: 3s)
[09:39:17] src.core.scanner_manager DEBUG    test_connection() retornó: True
[09:39:17] src.core.scanner_manager DEBUG    Estado anterior: True, Estado actual: True
[09:39:17] src.core.scanner_manager DEBUG    Estado del escáner sin cambios: conectado
[09:39:20] src.core.scanner_manager DEBUG    Verificando estado del escáner... (intervalo: 3s)
[09:39:20] src.core.scanner_manager DEBUG    test_connection() retornó: True
[09:39:20] src.core.scanner_manager DEBUG    Estado anterior: True, Estado actual: True
[09:39:20] src.core.scanner_manager DEBUG    Estado del escáner sin cambios: conectado
[09:39:23] src.core.scanner_manager DEBUG    Verificando estado del escáner... (intervalo: 3s)
[09:39:23] src.core.scanner_manager DEBUG    test_connection() retornó: True
[09:39:23] src.core.scanner_manager DEBUG    Estado anterior: True, Estado actual: True
[09:39:23] src.core.scanner_manager DEBUG    Estado del escáner sin cambios: conectado
[09:39:26] src.core.scanner_manager DEBUG    Verificando estado del escáner... (intervalo: 3s)
[09:39:26] src.core.scanner_manager DEBUG    test_connection() retornó: True
[09:39:26] src.core.scanner_manager DEBUG    Estado anterior: True, Estado actual: True
[09:39:26] src.core.scanner_manager DEBUG    Estado del escáner sin cambios: conectado
[09:39:29] src.services.analytics_service DEBUG    Análisis completo realizado
[09:39:29] src.services.analytics_service WARNING  ALERTA HIGH: Eficiencia baja: 47.0%
[09:39:29] src.services.analytics_service WARNING  ALERTA MEDIUM: OEE bajo: 44.7%
[09:39:29] src.core.scanner_manager DEBUG    Verificando estado del escáner... (intervalo: 3s)
[09:39:29] src.core.scanner_manager DEBUG    test_connection() retornó: True
[09:39:29] src.core.scanner_manager DEBUG    Estado anterior: True, Estado actual: True
[09:39:29] src.core.scanner_manager DEBUG    Estado del escáner sin cambios: conectado
[09:39:32] src.core.scanner_manager DEBUG    Verificando estado del escáner... (intervalo: 3s)
[09:39:32] src.core.scanner_manager DEBUG    test_connection() retornó: True
[09:39:32] src.core.scanner_manager DEBUG    Estado anterior: True, Estado actual: True
[09:39:32] src.core.scanner_manager DEBUG    Estado del escáner sin cambios: conectado
[09:39:35] src.core.scanner_manager DEBUG    Verificando estado del escáner... (intervalo: 3s)
[09:39:35] src.core.scanner_manager DEBUG    test_connection() retornó: True
[09:39:35] src.core.scanner_manager DEBUG    Estado anterior: True, Estado actual: True
[09:39:35] src.core.scanner_manager DEBUG    Estado del escáner sin cambios: conectado
[09:39:38] src.core.scanner_manager DEBUG    Verificando estado del escáner... (intervalo: 3s)
[09:39:38] src.core.scanner_manager DEBUG    test_connection() retornó: True
[09:39:38] src.core.scanner_manager DEBUG    Estado anterior: True, Estado actual: True
[09:39:38] src.core.scanner_manager DEBUG    Estado del escáner sin cambios: conectado
[09:39:41] src.core.scanner_manager DEBUG    Verificando estado del escáner... (intervalo: 3s)
[09:39:41] src.core.scanner_manager DEBUG    test_connection() retornó: True
[09:39:41] src.core.scanner_manager DEBUG    Estado anterior: True, Estado actual: True
[09:39:41] src.core.scanner_manager DEBUG    Estado del escáner sin cambios: conectado
[09:39:44] src.core.scanner_manager DEBUG    Verificando estado del escáner... (intervalo: 3s)
[09:39:44] src.core.scanner_manager DEBUG    test_connection() retornó: True
[09:39:44] src.core.scanner_manager DEBUG    Estado anterior: True, Estado actual: True
[09:39:44] src.core.scanner_manager DEBUG    Estado del escáner sin cambios: conectado
[09:39:47] src.core.scanner_manager DEBUG    Verificando estado del escáner... (intervalo: 3s)
[09:39:47] src.core.scanner_manager DEBUG    test_connection() retornó: True
[09:39:47] src.core.scanner_manager DEBUG    Estado anterior: True, Estado actual: True
[09:39:47] src.core.scanner_manager DEBUG    Estado del escáner sin cambios: conectado
[09:39:50] src.core.scanner_manager DEBUG    Verificando estado del escáner... (intervalo: 3s)
[09:39:50] src.core.scanner_manager DEBUG    test_connection() retornó: True
[09:39:50] src.core.scanner_manager DEBUG    Estado anterior: True, Estado actual: True
[09:39:50] src.core.scanner_manager DEBUG    Estado del escáner sin cambios: conectado
[09:39:53] src.core.scanner_manager DEBUG    Verificando estado del escáner... (intervalo: 3s)
[09:39:53] src.core.scanner_manager DEBUG    test_connection() retornó: True
[09:39:53] src.core.scanner_manager DEBUG    Estado anterior: True, Estado actual: True
[09:39:53] src.core.scanner_manager DEBUG    Estado del escáner sin cambios: conectado
[09:39:56] src.core.scanner_manager DEBUG    Verificando estado del escáner... (intervalo: 3s)
[09:39:56] src.core.scanner_manager DEBUG    test_connection() retornó: True
[09:39:56] src.core.scanner_manager DEBUG    Estado anterior: True, Estado actual: True
[09:39:56] src.core.scanner_manager DEBUG    Estado del escáner sin cambios: conectado
[09:39:59] src.services.analytics_service DEBUG    Análisis completo realizado
[09:39:59] src.services.analytics_service WARNING  ALERTA HIGH: Eficiencia baja: 47.0%
[09:39:59] src.services.analytics_service WARNING  ALERTA MEDIUM: OEE bajo: 44.7%
[09:39:59] src.core.scanner_manager DEBUG    Verificando estado del escáner... (intervalo: 3s)
[09:39:59] src.core.scanner_manager DEBUG    test_connection() retornó: True
[09:39:59] src.core.scanner_manager DEBUG    Estado anterior: True, Estado actual: True
[09:39:59] src.core.scanner_manager DEBUG    Estado del escáner sin cambios: conectado
[09:40:02] src.core.scanner_manager DEBUG    Verificando estado del escáner... (intervalo: 3s)
[09:40:02] src.core.scanner_manager DEBUG    test_connection() retornó: True
[09:40:02] src.core.scanner_manager DEBUG    Estado anterior: True, Estado actual: True
[09:40:02] src.core.scanner_manager DEBUG    Estado del escáner sin cambios: conectado
[09:40:05] src.core.scanner_manager DEBUG    Verificando estado del escáner... (intervalo: 3s)
[09:40:05] src.core.scanner_manager DEBUG    test_connection() retornó: True
[09:40:05] src.core.scanner_manager DEBUG    Estado anterior: True, Estado actual: True
[09:40:05] src.core.scanner_manager DEBUG    Estado del escáner sin cambios: conectado
[09:40:08] src.core.scanner_manager DEBUG    Verificando estado del escáner... (intervalo: 3s)
[09:40:08] src.core.scanner_manager DEBUG    test_connection() retornó: True
[09:40:08] src.core.scanner_manager DEBUG    Estado anterior: True, Estado actual: True
[09:40:08] src.core.scanner_manager DEBUG    Estado del escáner sin cambios: conectado
[09:40:11] src.core.scanner_manager DEBUG    Verificando estado del escáner... (intervalo: 3s)
[09:40:11] src.core.scanner_manager DEBUG    test_connection() retornó: True
[09:40:11] src.core.scanner_manager DEBUG    Estado anterior: True, Estado actual: True
[09:40:11] src.core.scanner_manager DEBUG    Estado del escáner sin cambios: conectado
[09:40:14] src.core.scanner_manager DEBUG    Verificando estado del escáner... (intervalo: 3s)
[09:40:14] src.core.scanner_manager DEBUG    test_connection() retornó: True
[09:40:14] src.core.scanner_manager DEBUG    Estado anterior: True, Estado actual: True
[09:40:14] src.core.scanner_manager DEBUG    Estado del escáner sin cambios: conectado
[09:40:17] src.core.scanner_manager DEBUG    Verificando estado del escáner... (intervalo: 3s)
[09:40:17] src.core.scanner_manager DEBUG    test_connection() retornó: True
[09:40:17] src.core.scanner_manager DEBUG    Estado anterior: True, Estado actual: True
[09:40:17] src.core.scanner_manager DEBUG    Estado del escáner sin cambios: conectado
[09:40:20] src.core.scanner_manager DEBUG    Verificando estado del escáner... (intervalo: 3s)
[09:40:20] src.core.scanner_manager DEBUG    test_connection() retornó: True
[09:40:20] src.core.scanner_manager DEBUG    Estado anterior: True, Estado actual: True
[09:40:20] src.core.scanner_manager DEBUG    Estado del escáner sin cambios: conectado
[09:40:23] src.core.scanner_manager DEBUG    Verificando estado del escáner... (intervalo: 3s)
[09:40:23] src.core.scanner_manager DEBUG    test_connection() retornó: True
[09:40:23] src.core.scanner_manager DEBUG    Estado anterior: True, Estado actual: True
[09:40:23] src.core.scanner_manager DEBUG    Estado del escáner sin cambios: conectado
[09:40:26] src.core.scanner_manager DEBUG    Verificando estado del escáner... (intervalo: 3s)
[09:40:26] src.core.scanner_manager DEBUG    test_connection() retornó: True
[09:40:26] src.core.scanner_manager DEBUG    Estado anterior: True, Estado actual: True
[09:40:26] src.core.scanner_manager DEBUG    Estado del escáner sin cambios: conectado
[09:40:29] src.services.analytics_service DEBUG    Análisis completo realizado
[09:40:29] src.services.analytics_service WARNING  ALERTA HIGH: Eficiencia baja: 47.0%
[09:40:29] src.services.analytics_service WARNING  ALERTA MEDIUM: OEE bajo: 44.7%
[09:40:29] src.core.scanner_manager DEBUG    Verificando estado del escáner... (intervalo: 3s)
[09:40:29] src.core.scanner_manager DEBUG    test_connection() retornó: True
[09:40:29] src.core.scanner_manager DEBUG    Estado anterior: True, Estado actual: True
[09:40:29] src.core.scanner_manager DEBUG    Estado del escáner sin cambios: conectado
[09:40:32] src.core.scanner_manager DEBUG    Verificando estado del escáner... (intervalo: 3s)
[09:40:32] src.core.scanner_manager DEBUG    test_connection() retornó: True
[09:40:32] src.core.scanner_manager DEBUG    Estado anterior: True, Estado actual: True
[09:40:32] src.core.scanner_manager DEBUG    Estado del escáner sin cambios: conectado
[09:40:35] src.core.scanner_manager DEBUG    Verificando estado del escáner... (intervalo: 3s)
[09:40:35] src.core.scanner_manager DEBUG    test_connection() retornó: True
[09:40:35] src.core.scanner_manager DEBUG    Estado anterior: True, Estado actual: True
[09:40:35] src.core.scanner_manager DEBUG    Estado del escáner sin cambios: conectado
[09:40:38] src.core.scanner_manager DEBUG    Verificando estado del escáner... (intervalo: 3s)
[09:40:38] src.core.scanner_manager DEBUG    test_connection() retornó: True
[09:40:38] src.core.scanner_manager DEBUG    Estado anterior: True, Estado actual: True
[09:40:38] src.core.scanner_manager DEBUG    Estado del escáner sin cambios: conectado
[09:40:41] src.core.scanner_manager DEBUG    Verificando estado del escáner... (intervalo: 3s)
[09:40:41] src.core.scanner_manager DEBUG    test_connection() retornó: True
[09:40:41] src.core.scanner_manager DEBUG    Estado anterior: True, Estado actual: True
[09:40:41] src.core.scanner_manager DEBUG    Estado del escáner sin cambios: conectado
[09:40:44] src.core.scanner_manager DEBUG    Verificando estado del escáner... (intervalo: 3s)
[09:40:44] src.core.scanner_manager DEBUG    test_connection() retornó: True
[09:40:44] src.core.scanner_manager DEBUG    Estado anterior: True, Estado actual: True
[09:40:44] src.core.scanner_manager DEBUG    Estado del escáner sin cambios: conectado
[09:40:47] src.core.scanner_manager DEBUG    Verificando estado del escáner... (intervalo: 3s)
[09:40:47] src.core.scanner_manager DEBUG    test_connection() retornó: True
[09:40:47] src.core.scanner_manager DEBUG    Estado anterior: True, Estado actual: True
[09:40:47] src.core.scanner_manager DEBUG    Estado del escáner sin cambios: conectado
[09:40:50] src.core.scanner_manager DEBUG    Verificando estado del escáner... (intervalo: 3s)
[09:40:50] src.core.scanner_manager DEBUG    test_connection() retornó: True
[09:40:50] src.core.scanner_manager DEBUG    Estado anterior: True, Estado actual: True
[09:40:50] src.core.scanner_manager DEBUG    Estado del escáner sin cambios: conectado
[09:40:53] src.core.scanner_manager DEBUG    Verificando estado del escáner... (intervalo: 3s)
[09:40:53] src.core.scanner_manager DEBUG    test_connection() retornó: True
[09:40:53] src.core.scanner_manager DEBUG    Estado anterior: True, Estado actual: True
[09:40:53] src.core.scanner_manager DEBUG    Estado del escáner sin cambios: conectado
[09:40:56] src.core.scanner_manager DEBUG    Verificando estado del escáner... (intervalo: 3s)
[09:40:56] src.core.scanner_manager DEBUG    test_connection() retornó: True
[09:40:56] src.core.scanner_manager DEBUG    Estado anterior: True, Estado actual: True
[09:40:56] src.core.scanner_manager DEBUG    Estado del escáner sin cambios: conectado
[09:40:59] src.services.analytics_service DEBUG    Análisis completo realizado
[09:40:59] src.services.analytics_service WARNING  ALERTA HIGH: Eficiencia baja: 47.0%
[09:40:59] src.services.analytics_service WARNING  ALERTA MEDIUM: OEE bajo: 44.7%
[09:40:59] src.core.scanner_manager DEBUG    Verificando estado del escáner... (intervalo: 3s)
[09:40:59] src.core.scanner_manager DEBUG    test_connection() retornó: True
[09:40:59] src.core.scanner_manager DEBUG    Estado anterior: True, Estado actual: True
[09:40:59] src.core.scanner_manager DEBUG    Estado del escáner sin cambios: conectado
[09:41:02] src.core.scanner_manager DEBUG    Verificando estado del escáner... (intervalo: 3s)
[09:41:02] src.core.scanner_manager DEBUG    test_connection() retornó: True
[09:41:02] src.core.scanner_manager DEBUG    Estado anterior: True, Estado actual: True
[09:41:02] src.core.scanner_manager DEBUG    Estado del escáner sin cambios: conectado
[09:41:05] src.core.scanner_manager DEBUG    Verificando estado del escáner... (intervalo: 3s)
[09:41:05] src.core.scanner_manager DEBUG    test_connection() retornó: True
[09:41:05] src.core.scanner_manager DEBUG    Estado anterior: True, Estado actual: True
[09:41:05] src.core.scanner_manager DEBUG    Estado del escáner sin cambios: conectado
[09:41:08] src.core.scanner_manager DEBUG    Verificando estado del escáner... (intervalo: 3s)
[09:41:08] src.core.scanner_manager DEBUG    test_connection() retornó: True
[09:41:08] src.core.scanner_manager DEBUG    Estado anterior: True, Estado actual: True
[09:41:08] src.core.scanner_manager DEBUG    Estado del escáner sin cambios: conectado
[09:41:11] src.core.scanner_manager DEBUG    Verificando estado del escáner... (intervalo: 3s)
[09:41:11] src.core.scanner_manager DEBUG    test_connection() retornó: True
[09:41:11] src.core.scanner_manager DEBUG    Estado anterior: True, Estado actual: True
[09:41:11] src.core.scanner_manager DEBUG    Estado del escáner sin cambios: conectado
[09:41:14] src.core.scanner_manager DEBUG    Verificando estado del escáner... (intervalo: 3s)
[09:41:14] src.core.scanner_manager DEBUG    test_connection() retornó: True
[09:41:14] src.core.scanner_manager DEBUG    Estado anterior: True, Estado actual: True
[09:41:14] src.core.scanner_manager DEBUG    Estado del escáner sin cambios: conectado
[09:41:17] src.core.scanner_manager DEBUG    Verificando estado del escáner... (intervalo: 3s)
[09:41:17] src.core.scanner_manager DEBUG    test_connection() retornó: True
[09:41:17] src.core.scanner_manager DEBUG    Estado anterior: True, Estado actual: True
[09:41:17] src.core.scanner_manager DEBUG    Estado del escáner sin cambios: conectado
[09:41:20] src.core.scanner_manager DEBUG    Verificando estado del escáner... (intervalo: 3s)
[09:41:20] src.core.scanner_manager DEBUG    test_connection() retornó: True
[09:41:20] src.core.scanner_manager DEBUG    Estado anterior: True, Estado actual: True
[09:41:20] src.core.scanner_manager DEBUG    Estado del escáner sin cambios: conectado
[09:41:23] src.core.scanner_manager DEBUG    Verificando estado del escáner... (intervalo: 3s)
[09:41:23] src.core.scanner_manager DEBUG    test_connection() retornó: True
[09:41:23] src.core.scanner_manager DEBUG    Estado anterior: True, Estado actual: True
[09:41:23] src.core.scanner_manager DEBUG    Estado del escáner sin cambios: conectado
[09:41:26] src.core.scanner_manager DEBUG    Verificando estado del escáner... (intervalo: 3s)
[09:41:26] src.core.scanner_manager DEBUG    test_connection() retornó: True
[09:41:26] src.core.scanner_manager DEBUG    Estado anterior: True, Estado actual: True
[09:41:26] src.core.scanner_manager DEBUG    Estado del escáner sin cambios: conectado
[09:41:29] src.services.analytics_service DEBUG    Análisis completo realizado
[09:41:29] src.services.analytics_service WARNING  ALERTA HIGH: Eficiencia baja: 47.0%
[09:41:29] src.services.analytics_service WARNING  ALERTA MEDIUM: OEE bajo: 44.7%
[09:41:29] src.core.scanner_manager DEBUG    Verificando estado del escáner... (intervalo: 3s)
[09:41:29] src.core.scanner_manager DEBUG    test_connection() retornó: True
[09:41:29] src.core.scanner_manager DEBUG    Estado anterior: True, Estado actual: True
[09:41:29] src.core.scanner_manager DEBUG    Estado del escáner sin cambios: conectado
[09:41:32] src.core.scanner_manager DEBUG    Verificando estado del escáner... (intervalo: 3s)
[09:41:32] src.core.scanner_manager DEBUG    test_connection() retornó: True
[09:41:32] src.core.scanner_manager DEBUG    Estado anterior: True, Estado actual: True
[09:41:32] src.core.scanner_manager DEBUG    Estado del escáner sin cambios: conectado
[09:41:35] src.core.scanner_manager DEBUG    Verificando estado del escáner... (intervalo: 3s)
[09:41:35] src.core.scanner_manager DEBUG    test_connection() retornó: True
[09:41:35] src.core.scanner_manager DEBUG    Estado anterior: True, Estado actual: True
[09:41:35] src.core.scanner_manager DEBUG    Estado del escáner sin cambios: conectado
[09:41:38] src.core.scanner_manager DEBUG    Verificando estado del escáner... (intervalo: 3s)
[09:41:38] src.core.scanner_manager DEBUG    test_connection() retornó: True
[09:41:38] src.core.scanner_manager DEBUG    Estado anterior: True, Estado actual: True
[09:41:38] src.core.scanner_manager DEBUG    Estado del escáner sin cambios: conectado
[09:41:41] src.core.scanner_manager DEBUG    Verificando estado del escáner... (intervalo: 3s)
[09:41:41] src.core.scanner_manager DEBUG    test_connection() retornó: True
[09:41:41] src.core.scanner_manager DEBUG    Estado anterior: True, Estado actual: True
[09:41:41] src.core.scanner_manager DEBUG    Estado del escáner sin cambios: conectado
[09:41:44] src.core.scanner_manager DEBUG    Verificando estado del escáner... (intervalo: 3s)
[09:41:44] src.core.scanner_manager DEBUG    test_connection() retornó: True
[09:41:44] src.core.scanner_manager DEBUG    Estado anterior: True, Estado actual: True
[09:41:44] src.core.scanner_manager DEBUG    Estado del escáner sin cambios: conectado
[09:41:47] src.core.scanner_manager DEBUG    Verificando estado del escáner... (intervalo: 3s)
[09:41:47] src.core.scanner_manager DEBUG    test_connection() retornó: True
[09:41:47] src.core.scanner_manager DEBUG    Estado anterior: True, Estado actual: True
[09:41:47] src.core.scanner_manager DEBUG    Estado del escáner sin cambios: conectado
[09:41:50] src.core.scanner_manager DEBUG    Verificando estado del escáner... (intervalo: 3s)
[09:41:50] src.core.scanner_manager DEBUG    test_connection() retornó: True
[09:41:50] src.core.scanner_manager DEBUG    Estado anterior: True, Estado actual: True
[09:41:50] src.core.scanner_manager DEBUG    Estado del escáner sin cambios: conectado
[09:41:53] src.core.scanner_manager DEBUG    Verificando estado del escáner... (intervalo: 3s)
[09:41:53] src.core.scanner_manager DEBUG    test_connection() retornó: True
[09:41:53] src.core.scanner_manager DEBUG    Estado anterior: True, Estado actual: True
[09:41:53] src.core.scanner_manager DEBUG    Estado del escáner sin cambios: conectado
[09:41:56] src.core.scanner_manager DEBUG    Verificando estado del escáner... (intervalo: 3s)
[09:41:56] src.core.scanner_manager DEBUG    test_connection() retornó: True
[09:41:56] src.core.scanner_manager DEBUG    Estado anterior: True, Estado actual: True
[09:41:56] src.core.scanner_manager DEBUG    Estado del escáner sin cambios: conectado
[09:41:59] src.services.analytics_service DEBUG    Análisis completo realizado
[09:41:59] src.services.analytics_service WARNING  ALERTA HIGH: Eficiencia baja: 47.0%
[09:41:59] src.services.analytics_service WARNING  ALERTA MEDIUM: OEE bajo: 44.7%
[09:41:59] src.core.scanner_manager DEBUG    Verificando estado del escáner... (intervalo: 3s)
[09:41:59] src.core.scanner_manager DEBUG    test_connection() retornó: True
[09:41:59] src.core.scanner_manager DEBUG    Estado anterior: True, Estado actual: True
[09:41:59] src.core.scanner_manager DEBUG    Estado del escáner sin cambios: conectado
[09:42:02] src.core.scanner_manager DEBUG    Verificando estado del escáner... (intervalo: 3s)
[09:42:02] src.core.scanner_manager DEBUG    test_connection() retornó: True
[09:42:02] src.core.scanner_manager DEBUG    Estado anterior: True, Estado actual: True
[09:42:02] src.core.scanner_manager DEBUG    Estado del escáner sin cambios: conectado
[09:42:05] src.core.scanner_manager DEBUG    Verificando estado del escáner... (intervalo: 3s)
[09:42:05] src.core.scanner_manager DEBUG    test_connection() retornó: True
[09:42:05] src.core.scanner_manager DEBUG    Estado anterior: True, Estado actual: True
[09:42:05] src.core.scanner_manager DEBUG    Estado del escáner sin cambios: conectado
[09:42:08] src.core.scanner_manager DEBUG    Verificando estado del escáner... (intervalo: 3s)
[09:42:08] src.core.scanner_manager DEBUG    test_connection() retornó: True
[09:42:08] src.core.scanner_manager DEBUG    Estado anterior: True, Estado actual: True
[09:42:08] src.core.scanner_manager DEBUG    Estado del escáner sin cambios: conectado
[09:42:11] src.core.scanner_manager DEBUG    Verificando estado del escáner... (intervalo: 3s)
[09:42:11] src.core.scanner_manager DEBUG    test_connection() retornó: True
[09:42:11] src.core.scanner_manager DEBUG    Estado anterior: True, Estado actual: True
[09:42:11] src.core.scanner_manager DEBUG    Estado del escáner sin cambios: conectado
[09:42:14] src.core.scanner_manager DEBUG    Verificando estado del escáner... (intervalo: 3s)
[09:42:14] src.core.scanner_manager DEBUG    test_connection() retornó: True
[09:42:14] src.core.scanner_manager DEBUG    Estado anterior: True, Estado actual: True
[09:42:14] src.core.scanner_manager DEBUG    Estado del escáner sin cambios: conectado
[09:42:17] src.core.scanner_manager DEBUG    Verificando estado del escáner... (intervalo: 3s)
[09:42:17] src.core.scanner_manager DEBUG    test_connection() retornó: True
[09:42:17] src.core.scanner_manager DEBUG    Estado anterior: True, Estado actual: True
[09:42:17] src.core.scanner_manager DEBUG    Estado del escáner sin cambios: conectado
[09:42:20] src.core.scanner_manager DEBUG    Verificando estado del escáner... (intervalo: 3s)
[09:42:20] src.core.scanner_manager DEBUG    test_connection() retornó: True
[09:42:20] src.core.scanner_manager DEBUG    Estado anterior: True, Estado actual: True
[09:42:20] src.core.scanner_manager DEBUG    Estado del escáner sin cambios: conectado
[09:42:23] src.core.scanner_manager DEBUG    Verificando estado del escáner... (intervalo: 3s)
[09:42:23] src.core.scanner_manager DEBUG    test_connection() retornó: True
[09:42:23] src.core.scanner_manager DEBUG    Estado anterior: True, Estado actual: True
[09:42:23] src.core.scanner_manager DEBUG    Estado del escáner sin cambios: conectado
[09:42:26] src.core.scanner_manager DEBUG    Verificando estado del escáner... (intervalo: 3s)
[09:42:26] src.core.scanner_manager DEBUG    test_connection() retornó: True
[09:42:26] src.core.scanner_manager DEBUG    Estado anterior: True, Estado actual: True
[09:42:26] src.core.scanner_manager DEBUG    Estado del escáner sin cambios: conectado
[09:42:29] src.services.analytics_service DEBUG    Análisis completo realizado
[09:42:29] src.services.analytics_service WARNING  ALERTA HIGH: Eficiencia baja: 47.0%
[09:42:29] src.services.analytics_service WARNING  ALERTA MEDIUM: OEE bajo: 44.7%
[09:42:29] src.core.scanner_manager DEBUG    Verificando estado del escáner... (intervalo: 3s)
[09:42:29] src.core.scanner_manager DEBUG    test_connection() retornó: True
[09:42:29] src.core.scanner_manager DEBUG    Estado anterior: True, Estado actual: True
[09:42:29] src.core.scanner_manager DEBUG    Estado del escáner sin cambios: conectado
[09:42:32] src.core.scanner_manager DEBUG    Verificando estado del escáner... (intervalo: 3s)
[09:42:32] src.core.scanner_manager DEBUG    test_connection() retornó: True
[09:42:32] src.core.scanner_manager DEBUG    Estado anterior: True, Estado actual: True
[09:42:32] src.core.scanner_manager DEBUG    Estado del escáner sin cambios: conectado
[09:42:35] src.core.scanner_manager DEBUG    Verificando estado del escáner... (intervalo: 3s)
[09:42:35] src.core.scanner_manager DEBUG    test_connection() retornó: True
[09:42:35] src.core.scanner_manager DEBUG    Estado anterior: True, Estado actual: True
[09:42:35] src.core.scanner_manager DEBUG    Estado del escáner sin cambios: conectado
[09:42:38] src.core.scanner_manager DEBUG    Verificando estado del escáner... (intervalo: 3s)
[09:42:38] src.core.scanner_manager DEBUG    test_connection() retornó: True
[09:42:38] src.core.scanner_manager DEBUG    Estado anterior: True, Estado actual: True
[09:42:38] src.core.scanner_manager DEBUG    Estado del escáner sin cambios: conectado
[09:42:41] src.core.scanner_manager DEBUG    Verificando estado del escáner... (intervalo: 3s)
[09:42:41] src.core.scanner_manager DEBUG    test_connection() retornó: True
[09:42:41] src.core.scanner_manager DEBUG    Estado anterior: True, Estado actual: True
[09:42:41] src.core.scanner_manager DEBUG    Estado del escáner sin cambios: conectado
[09:42:44] src.core.scanner_manager DEBUG    Verificando estado del escáner... (intervalo: 3s)
[09:42:44] src.core.scanner_manager DEBUG    test_connection() retornó: True
[09:42:44] src.core.scanner_manager DEBUG    Estado anterior: True, Estado actual: True
[09:42:44] src.core.scanner_manager DEBUG    Estado del escáner sin cambios: conectado
[09:42:47] src.core.scanner_manager DEBUG    Verificando estado del escáner... (intervalo: 3s)
[09:42:47] src.core.scanner_manager DEBUG    test_connection() retornó: True
[09:42:47] src.core.scanner_manager DEBUG    Estado anterior: True, Estado actual: True
[09:42:47] src.core.scanner_manager DEBUG    Estado del escáner sin cambios: conectado
[09:42:50] src.core.scanner_manager DEBUG    Verificando estado del escáner... (intervalo: 3s)
[09:42:50] src.core.scanner_manager DEBUG    test_connection() retornó: True
[09:42:50] src.core.scanner_manager DEBUG    Estado anterior: True, Estado actual: True
[09:42:50] src.core.scanner_manager DEBUG    Estado del escáner sin cambios: conectado
[09:42:53] src.core.scanner_manager DEBUG    Verificando estado del escáner... (intervalo: 3s)
[09:42:53] src.core.scanner_manager DEBUG    test_connection() retornó: True
[09:42:53] src.core.scanner_manager DEBUG    Estado anterior: True, Estado actual: True
[09:42:53] src.core.scanner_manager DEBUG    Estado del escáner sin cambios: conectado
[09:42:56] src.core.scanner_manager DEBUG    Verificando estado del escáner... (intervalo: 3s)
[09:42:56] src.core.scanner_manager DEBUG    test_connection() retornó: True
[09:42:56] src.core.scanner_manager DEBUG    Estado anterior: True, Estado actual: True
[09:42:56] src.core.scanner_manager DEBUG    Estado del escáner sin cambios: conectado
[09:42:59] src.services.analytics_service DEBUG    Análisis completo realizado
[09:42:59] src.services.analytics_service WARNING  ALERTA HIGH: Eficiencia baja: 47.0%
[09:42:59] src.services.analytics_service WARNING  ALERTA MEDIUM: OEE bajo: 44.7%
[09:42:59] src.core.scanner_manager DEBUG    Verificando estado del escáner... (intervalo: 3s)
[09:42:59] src.core.scanner_manager DEBUG    test_connection() retornó: True
[09:42:59] src.core.scanner_manager DEBUG    Estado anterior: True, Estado actual: True
[09:42:59] src.core.scanner_manager DEBUG    Estado del escáner sin cambios: conectado
[09:43:02] src.core.scanner_manager DEBUG    Verificando estado del escáner... (intervalo: 3s)
[09:43:02] src.core.scanner_manager DEBUG    test_connection() retornó: True
[09:43:02] src.core.scanner_manager DEBUG    Estado anterior: True, Estado actual: True
[09:43:02] src.core.scanner_manager DEBUG    Estado del escáner sin cambios: conectado
[09:43:05] src.core.scanner_manager DEBUG    Verificando estado del escáner... (intervalo: 3s)
[09:43:05] src.core.scanner_manager DEBUG    test_connection() retornó: True
[09:43:05] src.core.scanner_manager DEBUG    Estado anterior: True, Estado actual: True
[09:43:05] src.core.scanner_manager DEBUG    Estado del escáner sin cambios: conectado
[09:43:08] src.core.scanner_manager DEBUG    Verificando estado del escáner... (intervalo: 3s)
[09:43:08] src.core.scanner_manager DEBUG    test_connection() retornó: True
[09:43:08] src.core.scanner_manager DEBUG    Estado anterior: True, Estado actual: True
[09:43:08] src.core.scanner_manager DEBUG    Estado del escáner sin cambios: conectado
[09:43:11] src.core.scanner_manager DEBUG    Verificando estado del escáner... (intervalo: 3s)
[09:43:11] src.core.scanner_manager DEBUG    test_connection() retornó: True
[09:43:11] src.core.scanner_manager DEBUG    Estado anterior: True, Estado actual: True
[09:43:11] src.core.scanner_manager DEBUG    Estado del escáner sin cambios: conectado
[09:43:14] src.core.scanner_manager DEBUG    Verificando estado del escáner... (intervalo: 3s)
[09:43:14] src.core.scanner_manager DEBUG    test_connection() retornó: True
[09:43:14] src.core.scanner_manager DEBUG    Estado anterior: True, Estado actual: True
[09:43:14] src.core.scanner_manager DEBUG    Estado del escáner sin cambios: conectado
[09:43:17] src.core.scanner_manager DEBUG    Verificando estado del escáner... (intervalo: 3s)
[09:43:17] src.core.scanner_manager DEBUG    test_connection() retornó: True
[09:43:17] src.core.scanner_manager DEBUG    Estado anterior: True, Estado actual: True
[09:43:17] src.core.scanner_manager DEBUG    Estado del escáner sin cambios: conectado
[09:43:20] src.core.scanner_manager DEBUG    Verificando estado del escáner... (intervalo: 3s)
[09:43:20] src.core.scanner_manager DEBUG    test_connection() retornó: True
[09:43:20] src.core.scanner_manager DEBUG    Estado anterior: True, Estado actual: True
[09:43:20] src.core.scanner_manager DEBUG    Estado del escáner sin cambios: conectado
[09:43:23] src.core.scanner_manager DEBUG    Verificando estado del escáner... (intervalo: 3s)
[09:43:23] src.core.scanner_manager DEBUG    test_connection() retornó: True
[09:43:23] src.core.scanner_manager DEBUG    Estado anterior: True, Estado actual: True
[09:43:23] src.core.scanner_manager DEBUG    Estado del escáner sin cambios: conectado
[09:43:26] src.core.scanner_manager DEBUG    Verificando estado del escáner... (intervalo: 3s)
[09:43:26] src.core.scanner_manager DEBUG    test_connection() retornó: True
[09:43:26] src.core.scanner_manager DEBUG    Estado anterior: True, Estado actual: True
[09:43:26] src.core.scanner_manager DEBUG    Estado del escáner sin cambios: conectado
[09:43:29] src.services.analytics_service DEBUG    Análisis completo realizado
[09:43:29] src.services.analytics_service WARNING  ALERTA HIGH: Eficiencia baja: 47.0%
[09:43:29] src.services.analytics_service WARNING  ALERTA MEDIUM: OEE bajo: 44.7%
[09:43:29] src.core.scanner_manager DEBUG    Verificando estado del escáner... (intervalo: 3s)
[09:43:29] src.core.scanner_manager DEBUG    test_connection() retornó: True
[09:43:29] src.core.scanner_manager DEBUG    Estado anterior: True, Estado actual: True
[09:43:29] src.core.scanner_manager DEBUG    Estado del escáner sin cambios: conectado
[09:43:32] src.core.scanner_manager DEBUG    Verificando estado del escáner... (intervalo: 3s)
[09:43:32] src.core.scanner_manager DEBUG    test_connection() retornó: True
[09:43:32] src.core.scanner_manager DEBUG    Estado anterior: True, Estado actual: True
[09:43:32] src.core.scanner_manager DEBUG    Estado del escáner sin cambios: conectado
[09:43:35] src.core.scanner_manager DEBUG    Verificando estado del escáner... (intervalo: 3s)
[09:43:35] src.core.scanner_manager DEBUG    test_connection() retornó: True
[09:43:35] src.core.scanner_manager DEBUG    Estado anterior: True, Estado actual: True
[09:43:35] src.core.scanner_manager DEBUG    Estado del escáner sin cambios: conectado
[09:43:38] src.core.scanner_manager DEBUG    Verificando estado del escáner... (intervalo: 3s)
[09:43:38] src.core.scanner_manager DEBUG    test_connection() retornó: True
[09:43:38] src.core.scanner_manager DEBUG    Estado anterior: True, Estado actual: True
[09:43:38] src.core.scanner_manager DEBUG    Estado del escáner sin cambios: conectado
[09:43:41] src.core.scanner_manager DEBUG    Verificando estado del escáner... (intervalo: 3s)
[09:43:41] src.core.scanner_manager DEBUG    test_connection() retornó: True
[09:43:41] src.core.scanner_manager DEBUG    Estado anterior: True, Estado actual: True
[09:43:41] src.core.scanner_manager DEBUG    Estado del escáner sin cambios: conectado
[09:43:44] src.core.scanner_manager DEBUG    Verificando estado del escáner... (intervalo: 3s)
[09:43:44] src.core.scanner_manager DEBUG    test_connection() retornó: True
[09:43:44] src.core.scanner_manager DEBUG    Estado anterior: True, Estado actual: True
[09:43:44] src.core.scanner_manager DEBUG    Estado del escáner sin cambios: conectado
[09:43:47] src.core.scanner_manager DEBUG    Verificando estado del escáner... (intervalo: 3s)
[09:43:47] src.core.scanner_manager DEBUG    test_connection() retornó: True
[09:43:47] src.core.scanner_manager DEBUG    Estado anterior: True, Estado actual: True
[09:43:47] src.core.scanner_manager DEBUG    Estado del escáner sin cambios: conectado
[09:43:50] src.core.scanner_manager DEBUG    Verificando estado del escáner... (intervalo: 3s)
[09:43:50] src.core.scanner_manager DEBUG    test_connection() retornó: True
[09:43:50] src.core.scanner_manager DEBUG    Estado anterior: True, Estado actual: True
[09:43:50] src.core.scanner_manager DEBUG    Estado del escáner sin cambios: conectado
[09:43:53] src.core.scanner_manager DEBUG    Verificando estado del escáner... (intervalo: 3s)
[09:43:53] src.core.scanner_manager DEBUG    test_connection() retornó: True
[09:43:53] src.core.scanner_manager DEBUG    Estado anterior: True, Estado actual: True
[09:43:53] src.core.scanner_manager DEBUG    Estado del escáner sin cambios: conectado
[09:43:56] src.core.scanner_manager DEBUG    Verificando estado del escáner... (intervalo: 3s)
[09:43:56] src.core.scanner_manager DEBUG    test_connection() retornó: True
[09:43:56] src.core.scanner_manager DEBUG    Estado anterior: True, Estado actual: True
[09:43:56] src.core.scanner_manager DEBUG    Estado del escáner sin cambios: conectado
[09:43:59] src.services.analytics_service DEBUG    Análisis completo realizado
[09:43:59] src.services.analytics_service WARNING  ALERTA HIGH: Eficiencia baja: 47.0%
[09:43:59] src.services.analytics_service WARNING  ALERTA MEDIUM: OEE bajo: 44.7%
[09:43:59] src.core.scanner_manager DEBUG    Verificando estado del escáner... (intervalo: 3s)
[09:43:59] src.core.scanner_manager DEBUG    test_connection() retornó: True
[09:43:59] src.core.scanner_manager DEBUG    Estado anterior: True, Estado actual: True
[09:43:59] src.core.scanner_manager DEBUG    Estado del escáner sin cambios: conectado
[09:44:02] src.core.scanner_manager DEBUG    Verificando estado del escáner... (intervalo: 3s)
[09:44:02] src.core.scanner_manager DEBUG    test_connection() retornó: True
[09:44:02] src.core.scanner_manager DEBUG    Estado anterior: True, Estado actual: True
[09:44:02] src.core.scanner_manager DEBUG    Estado del escáner sin cambios: conectado
[09:44:05] src.core.scanner_manager DEBUG    Verificando estado del escáner... (intervalo: 3s)
[09:44:05] src.core.scanner_manager DEBUG    test_connection() retornó: True
[09:44:05] src.core.scanner_manager DEBUG    Estado anterior: True, Estado actual: True
[09:44:05] src.core.scanner_manager DEBUG    Estado del escáner sin cambios: conectado
[09:44:08] src.core.scanner_manager DEBUG    Verificando estado del escáner... (intervalo: 3s)
[09:44:08] src.core.scanner_manager DEBUG    test_connection() retornó: True
[09:44:08] src.core.scanner_manager DEBUG    Estado anterior: True, Estado actual: True
[09:44:08] src.core.scanner_manager DEBUG    Estado del escáner sin cambios: conectado
[09:44:11] src.core.scanner_manager DEBUG    Verificando estado del escáner... (intervalo: 3s)
[09:44:11] src.core.scanner_manager DEBUG    test_connection() retornó: True
[09:44:11] src.core.scanner_manager DEBUG    Estado anterior: True, Estado actual: True
[09:44:11] src.core.scanner_manager DEBUG    Estado del escáner sin cambios: conectado
[09:44:14] src.core.scanner_manager DEBUG    Verificando estado del escáner... (intervalo: 3s)
[09:44:14] src.core.scanner_manager DEBUG    test_connection() retornó: True
[09:44:14] src.core.scanner_manager DEBUG    Estado anterior: True, Estado actual: True
[09:44:14] src.core.scanner_manager DEBUG    Estado del escáner sin cambios: conectado
[09:44:17] src.core.scanner_manager DEBUG    Verificando estado del escáner... (intervalo: 3s)
[09:44:17] src.core.scanner_manager DEBUG    test_connection() retornó: True
[09:44:17] src.core.scanner_manager DEBUG    Estado anterior: True, Estado actual: True
[09:44:17] src.core.scanner_manager DEBUG    Estado del escáner sin cambios: conectado
[09:44:20] src.core.scanner_manager DEBUG    Verificando estado del escáner... (intervalo: 3s)
[09:44:20] src.core.scanner_manager DEBUG    test_connection() retornó: True
[09:44:20] src.core.scanner_manager DEBUG    Estado anterior: True, Estado actual: True
[09:44:20] src.core.scanner_manager DEBUG    Estado del escáner sin cambios: conectado
[09:44:23] src.core.scanner_manager DEBUG    Verificando estado del escáner... (intervalo: 3s)
[09:44:23] src.core.scanner_manager DEBUG    test_connection() retornó: True
[09:44:23] src.core.scanner_manager DEBUG    Estado anterior: True, Estado actual: True
[09:44:23] src.core.scanner_manager DEBUG    Estado del escáner sin cambios: conectado
[09:44:26] src.core.scanner_manager DEBUG    Verificando estado del escáner... (intervalo: 3s)
[09:44:26] src.core.scanner_manager DEBUG    test_connection() retornó: True
[09:44:26] src.core.scanner_manager DEBUG    Estado anterior: True, Estado actual: True
[09:44:26] src.core.scanner_manager DEBUG    Estado del escáner sin cambios: conectado
[09:44:29] src.services.analytics_service DEBUG    Análisis completo realizado
[09:44:29] src.services.analytics_service WARNING  ALERTA HIGH: Eficiencia baja: 47.0%
[09:44:29] src.services.analytics_service WARNING  ALERTA MEDIUM: OEE bajo: 44.7%
[09:44:29] src.core.scanner_manager DEBUG    Verificando estado del escáner... (intervalo: 3s)
[09:44:29] src.core.scanner_manager DEBUG    test_connection() retornó: True
[09:44:29] src.core.scanner_manager DEBUG    Estado anterior: True, Estado actual: True
[09:44:29] src.core.scanner_manager DEBUG    Estado del escáner sin cambios: conectado
[09:44:32] src.core.scanner_manager DEBUG    Verificando estado del escáner... (intervalo: 3s)
[09:44:32] src.core.scanner_manager DEBUG    test_connection() retornó: True
[09:44:32] src.core.scanner_manager DEBUG    Estado anterior: True, Estado actual: True
[09:44:32] src.core.scanner_manager DEBUG    Estado del escáner sin cambios: conectado
[09:44:35] src.core.scanner_manager DEBUG    Verificando estado del escáner... (intervalo: 3s)
[09:44:35] src.core.scanner_manager DEBUG    test_connection() retornó: True
[09:44:35] src.core.scanner_manager DEBUG    Estado anterior: True, Estado actual: True
[09:44:35] src.core.scanner_manager DEBUG    Estado del escáner sin cambios: conectado
[09:44:38] src.core.scanner_manager DEBUG    Verificando estado del escáner... (intervalo: 3s)
[09:44:38] src.core.scanner_manager DEBUG    test_connection() retornó: True
[09:44:38] src.core.scanner_manager DEBUG    Estado anterior: True, Estado actual: True
[09:44:38] src.core.scanner_manager DEBUG    Estado del escáner sin cambios: conectado
[09:44:41] src.core.scanner_manager DEBUG    Verificando estado del escáner... (intervalo: 3s)
[09:44:41] src.core.scanner_manager DEBUG    test_connection() retornó: True
[09:44:41] src.core.scanner_manager DEBUG    Estado anterior: True, Estado actual: True
[09:44:41] src.core.scanner_manager DEBUG    Estado del escáner sin cambios: conectado
[09:44:44] src.core.scanner_manager DEBUG    Verificando estado del escáner... (intervalo: 3s)
[09:44:44] src.core.scanner_manager DEBUG    test_connection() retornó: True
[09:44:44] src.core.scanner_manager DEBUG    Estado anterior: True, Estado actual: True
[09:44:44] src.core.scanner_manager DEBUG    Estado del escáner sin cambios: conectado
[09:44:47] src.core.scanner_manager DEBUG    Verificando estado del escáner... (intervalo: 3s)
[09:44:47] src.core.scanner_manager DEBUG    test_connection() retornó: True
[09:44:47] src.core.scanner_manager DEBUG    Estado anterior: True, Estado actual: True
[09:44:47] src.core.scanner_manager DEBUG    Estado del escáner sin cambios: conectado
[09:44:50] src.core.scanner_manager DEBUG    Verificando estado del escáner... (intervalo: 3s)
[09:44:50] src.core.scanner_manager DEBUG    test_connection() retornó: True
[09:44:50] src.core.scanner_manager DEBUG    Estado anterior: True, Estado actual: True
[09:44:50] src.core.scanner_manager DEBUG    Estado del escáner sin cambios: conectado
[09:44:53] src.core.scanner_manager DEBUG    Verificando estado del escáner... (intervalo: 3s)
[09:44:53] src.core.scanner_manager DEBUG    test_connection() retornó: True
[09:44:53] src.core.scanner_manager DEBUG    Estado anterior: True, Estado actual: True
[09:44:53] src.core.scanner_manager DEBUG    Estado del escáner sin cambios: conectado
[09:44:56] src.core.scanner_manager DEBUG    Verificando estado del escáner... (intervalo: 3s)
[09:44:56] src.core.scanner_manager DEBUG    test_connection() retornó: True
[09:44:56] src.core.scanner_manager DEBUG    Estado anterior: True, Estado actual: True
[09:44:56] src.core.scanner_manager DEBUG    Estado del escáner sin cambios: conectado
[09:44:59] src.services.analytics_service DEBUG    Análisis completo realizado
[09:44:59] src.services.analytics_service WARNING  ALERTA HIGH: Eficiencia baja: 47.0%
[09:44:59] src.services.analytics_service WARNING  ALERTA MEDIUM: OEE bajo: 44.7%
[09:44:59] src.core.scanner_manager DEBUG    Verificando estado del escáner... (intervalo: 3s)
[09:44:59] src.core.scanner_manager DEBUG    test_connection() retornó: True
[09:44:59] src.core.scanner_manager DEBUG    Estado anterior: True, Estado actual: True
[09:44:59] src.core.scanner_manager DEBUG    Estado del escáner sin cambios: conectado
[09:45:02] src.core.scanner_manager DEBUG    Verificando estado del escáner... (intervalo: 3s)
[09:45:02] src.core.scanner_manager DEBUG    test_connection() retornó: True
[09:45:02] src.core.scanner_manager DEBUG    Estado anterior: True, Estado actual: True
[09:45:02] src.core.scanner_manager DEBUG    Estado del escáner sin cambios: conectado
[09:45:05] src.core.scanner_manager DEBUG    Verificando estado del escáner... (intervalo: 3s)
[09:45:05] src.core.scanner_manager DEBUG    test_connection() retornó: True
[09:45:05] src.core.scanner_manager DEBUG    Estado anterior: True, Estado actual: True
[09:45:05] src.core.scanner_manager DEBUG    Estado del escáner sin cambios: conectado
[09:45:08] src.core.scanner_manager DEBUG    Verificando estado del escáner... (intervalo: 3s)
[09:45:08] src.core.scanner_manager DEBUG    test_connection() retornó: True
[09:45:08] src.core.scanner_manager DEBUG    Estado anterior: True, Estado actual: True
[09:45:08] src.core.scanner_manager DEBUG    Estado del escáner sin cambios: conectado
[09:45:11] src.core.scanner_manager DEBUG    Verificando estado del escáner... (intervalo: 3s)
[09:45:11] src.core.scanner_manager DEBUG    test_connection() retornó: True
[09:45:11] src.core.scanner_manager DEBUG    Estado anterior: True, Estado actual: True
[09:45:11] src.core.scanner_manager DEBUG    Estado del escáner sin cambios: conectado
[09:45:14] src.core.scanner_manager DEBUG    Verificando estado del escáner... (intervalo: 3s)
[09:45:14] src.core.scanner_manager DEBUG    test_connection() retornó: True
[09:45:14] src.core.scanner_manager DEBUG    Estado anterior: True, Estado actual: True
[09:45:14] src.core.scanner_manager DEBUG    Estado del escáner sin cambios: conectado
[09:45:17] src.core.scanner_manager DEBUG    Verificando estado del escáner... (intervalo: 3s)
[09:45:17] src.core.scanner_manager DEBUG    test_connection() retornó: True
[09:45:17] src.core.scanner_manager DEBUG    Estado anterior: True, Estado actual: True
[09:45:17] src.core.scanner_manager DEBUG    Estado del escáner sin cambios: conectado
[09:45:20] src.core.scanner_manager DEBUG    Verificando estado del escáner... (intervalo: 3s)
[09:45:20] src.core.scanner_manager DEBUG    test_connection() retornó: True
[09:45:20] src.core.scanner_manager DEBUG    Estado anterior: True, Estado actual: True
[09:45:20] src.core.scanner_manager DEBUG    Estado del escáner sin cambios: conectado
[09:45:23] src.core.scanner_manager DEBUG    Verificando estado del escáner... (intervalo: 3s)
[09:45:23] src.core.scanner_manager DEBUG    test_connection() retornó: True
[09:45:23] src.core.scanner_manager DEBUG    Estado anterior: True, Estado actual: True
[09:45:23] src.core.scanner_manager DEBUG    Estado del escáner sin cambios: conectado
[09:45:26] src.core.scanner_manager DEBUG    Verificando estado del escáner... (intervalo: 3s)
[09:45:26] src.core.scanner_manager DEBUG    test_connection() retornó: True
[09:45:26] src.core.scanner_manager DEBUG    Estado anterior: True, Estado actual: True
[09:45:26] src.core.scanner_manager DEBUG    Estado del escáner sin cambios: conectado
[09:45:29] src.services.analytics_service DEBUG    Análisis completo realizado
[09:45:29] src.services.analytics_service WARNING  ALERTA HIGH: Eficiencia baja: 47.0%
[09:45:29] src.services.analytics_service WARNING  ALERTA MEDIUM: OEE bajo: 44.7%
[09:45:29] src.core.scanner_manager DEBUG    Verificando estado del escáner... (intervalo: 3s)
[09:45:29] src.core.scanner_manager DEBUG    test_connection() retornó: True
[09:45:29] src.core.scanner_manager DEBUG    Estado anterior: True, Estado actual: True
[09:45:29] src.core.scanner_manager DEBUG    Estado del escáner sin cambios: conectado
[09:45:32] src.core.scanner_manager DEBUG    Verificando estado del escáner... (intervalo: 3s)
[09:45:32] src.core.scanner_manager DEBUG    test_connection() retornó: True
[09:45:32] src.core.scanner_manager DEBUG    Estado anterior: True, Estado actual: True
[09:45:32] src.core.scanner_manager DEBUG    Estado del escáner sin cambios: conectado
[09:45:35] src.core.scanner_manager DEBUG    Verificando estado del escáner... (intervalo: 3s)
[09:45:35] src.core.scanner_manager DEBUG    test_connection() retornó: True
[09:45:35] src.core.scanner_manager DEBUG    Estado anterior: True, Estado actual: True
[09:45:35] src.core.scanner_manager DEBUG    Estado del escáner sin cambios: conectado
[09:45:38] src.core.scanner_manager DEBUG    Verificando estado del escáner... (intervalo: 3s)
[09:45:38] src.core.scanner_manager DEBUG    test_connection() retornó: True
[09:45:38] src.core.scanner_manager DEBUG    Estado anterior: True, Estado actual: True
[09:45:38] src.core.scanner_manager DEBUG    Estado del escáner sin cambios: conectado
[09:45:41] src.core.scanner_manager DEBUG    Verificando estado del escáner... (intervalo: 3s)
[09:45:41] src.core.scanner_manager DEBUG    test_connection() retornó: True
[09:45:41] src.core.scanner_manager DEBUG    Estado anterior: True, Estado actual: True
[09:45:41] src.core.scanner_manager DEBUG    Estado del escáner sin cambios: conectado
[09:45:44] src.core.scanner_manager DEBUG    Verificando estado del escáner... (intervalo: 3s)
[09:45:44] src.core.scanner_manager DEBUG    test_connection() retornó: True
[09:45:44] src.core.scanner_manager DEBUG    Estado anterior: True, Estado actual: True
[09:45:44] src.core.scanner_manager DEBUG    Estado del escáner sin cambios: conectado
[09:45:47] src.core.scanner_manager DEBUG    Verificando estado del escáner... (intervalo: 3s)
[09:45:48] src.core.scanner_manager DEBUG    test_connection() retornó: True
[09:45:48] src.core.scanner_manager DEBUG    Estado anterior: True, Estado actual: True
[09:45:48] src.core.scanner_manager DEBUG    Estado del escáner sin cambios: conectado
[09:45:51] src.core.scanner_manager DEBUG    Verificando estado del escáner... (intervalo: 3s)
[09:45:51] src.core.scanner_manager DEBUG    test_connection() retornó: True
[09:45:51] src.core.scanner_manager DEBUG    Estado anterior: True, Estado actual: True
[09:45:51] src.core.scanner_manager DEBUG    Estado del escáner sin cambios: conectado
[09:45:54] src.core.scanner_manager DEBUG    Verificando estado del escáner... (intervalo: 3s)
[09:45:54] src.core.scanner_manager DEBUG    test_connection() retornó: True
[09:45:54] src.core.scanner_manager DEBUG    Estado anterior: True, Estado actual: True
[09:45:54] src.core.scanner_manager DEBUG    Estado del escáner sin cambios: conectado
[09:45:57] src.core.scanner_manager DEBUG    Verificando estado del escáner... (intervalo: 3s)
[09:45:57] src.core.scanner_manager DEBUG    test_connection() retornó: True
[09:45:57] src.core.scanner_manager DEBUG    Estado anterior: True, Estado actual: True
[09:45:57] src.core.scanner_manager DEBUG    Estado del escáner sin cambios: conectado
[09:45:59] src.services.analytics_service DEBUG    Análisis completo realizado
[09:45:59] src.services.analytics_service WARNING  ALERTA HIGH: Eficiencia baja: 47.0%
[09:45:59] src.services.analytics_service WARNING  ALERTA MEDIUM: OEE bajo: 44.7%
[09:46:00] src.core.scanner_manager DEBUG    Verificando estado del escáner... (intervalo: 3s)
[09:46:00] src.core.scanner_manager DEBUG    test_connection() retornó: True
[09:46:00] src.core.scanner_manager DEBUG    Estado anterior: True, Estado actual: True
[09:46:00] src.core.scanner_manager DEBUG    Estado del escáner sin cambios: conectado
[09:46:03] src.core.scanner_manager DEBUG    Verificando estado del escáner... (intervalo: 3s)
[09:46:03] src.core.scanner_manager DEBUG    test_connection() retornó: True
[09:46:03] src.core.scanner_manager DEBUG    Estado anterior: True, Estado actual: True
[09:46:03] src.core.scanner_manager DEBUG    Estado del escáner sin cambios: conectado
[09:46:06] src.core.scanner_manager DEBUG    Verificando estado del escáner... (intervalo: 3s)
[09:46:06] src.core.scanner_manager DEBUG    test_connection() retornó: True
[09:46:06] src.core.scanner_manager DEBUG    Estado anterior: True, Estado actual: True
[09:46:06] src.core.scanner_manager DEBUG    Estado del escáner sin cambios: conectado
[09:46:09] src.core.scanner_manager DEBUG    Verificando estado del escáner... (intervalo: 3s)
[09:46:09] src.core.scanner_manager DEBUG    test_connection() retornó: True
[09:46:09] src.core.scanner_manager DEBUG    Estado anterior: True, Estado actual: True
[09:46:09] src.core.scanner_manager DEBUG    Estado del escáner sin cambios: conectado
[09:46:12] src.core.scanner_manager DEBUG    Verificando estado del escáner... (intervalo: 3s)
[09:46:12] src.core.scanner_manager DEBUG    test_connection() retornó: True
[09:46:12] src.core.scanner_manager DEBUG    Estado anterior: True, Estado actual: True
[09:46:12] src.core.scanner_manager DEBUG    Estado del escáner sin cambios: conectado
[09:46:15] src.core.scanner_manager DEBUG    Verificando estado del escáner... (intervalo: 3s)
[09:46:15] src.core.scanner_manager DEBUG    test_connection() retornó: True
[09:46:15] src.core.scanner_manager DEBUG    Estado anterior: True, Estado actual: True
[09:46:15] src.core.scanner_manager DEBUG    Estado del escáner sin cambios: conectado
[09:46:18] src.core.scanner_manager DEBUG    Verificando estado del escáner... (intervalo: 3s)
[09:46:18] src.core.scanner_manager DEBUG    test_connection() retornó: True
[09:46:18] src.core.scanner_manager DEBUG    Estado anterior: True, Estado actual: True
[09:46:18] src.core.scanner_manager DEBUG    Estado del escáner sin cambios: conectado
[09:46:21] src.core.scanner_manager DEBUG    Verificando estado del escáner... (intervalo: 3s)
[09:46:21] src.core.scanner_manager DEBUG    test_connection() retornó: True
[09:46:21] src.core.scanner_manager DEBUG    Estado anterior: True, Estado actual: True
[09:46:21] src.core.scanner_manager DEBUG    Estado del escáner sin cambios: conectado
[09:46:24] src.core.scanner_manager DEBUG    Verificando estado del escáner... (intervalo: 3s)
[09:46:24] src.core.scanner_manager DEBUG    test_connection() retornó: True
[09:46:24] src.core.scanner_manager DEBUG    Estado anterior: True, Estado actual: True
[09:46:24] src.core.scanner_manager DEBUG    Estado del escáner sin cambios: conectado
[09:46:27] src.core.scanner_manager DEBUG    Verificando estado del escáner... (intervalo: 3s)
[09:46:27] src.core.scanner_manager DEBUG    test_connection() retornó: True
[09:46:27] src.core.scanner_manager DEBUG    Estado anterior: True, Estado actual: True
[09:46:27] src.core.scanner_manager DEBUG    Estado del escáner sin cambios: conectado
[09:46:29] src.services.analytics_service DEBUG    Análisis completo realizado
[09:46:29] src.services.analytics_service WARNING  ALERTA HIGH: Eficiencia baja: 47.0%
[09:46:29] src.services.analytics_service WARNING  ALERTA MEDIUM: OEE bajo: 44.7%
[09:46:30] src.core.scanner_manager DEBUG    Verificando estado del escáner... (intervalo: 3s)
[09:46:30] src.core.scanner_manager DEBUG    test_connection() retornó: True
[09:46:30] src.core.scanner_manager DEBUG    Estado anterior: True, Estado actual: True
[09:46:30] src.core.scanner_manager DEBUG    Estado del escáner sin cambios: conectado
[09:46:33] src.core.scanner_manager DEBUG    Verificando estado del escáner... (intervalo: 3s)
[09:46:33] src.core.scanner_manager DEBUG    test_connection() retornó: True
[09:46:33] src.core.scanner_manager DEBUG    Estado anterior: True, Estado actual: True
[09:46:33] src.core.scanner_manager DEBUG    Estado del escáner sin cambios: conectado
[09:46:36] src.core.scanner_manager DEBUG    Verificando estado del escáner... (intervalo: 3s)
[09:46:36] src.core.scanner_manager DEBUG    test_connection() retornó: True
[09:46:36] src.core.scanner_manager DEBUG    Estado anterior: True, Estado actual: True
[09:46:36] src.core.scanner_manager DEBUG    Estado del escáner sin cambios: conectado
[09:46:39] src.core.scanner_manager DEBUG    Verificando estado del escáner... (intervalo: 3s)
[09:46:39] src.core.scanner_manager DEBUG    test_connection() retornó: True
[09:46:39] src.core.scanner_manager DEBUG    Estado anterior: True, Estado actual: True
[09:46:39] src.core.scanner_manager DEBUG    Estado del escáner sin cambios: conectado
[09:46:42] src.core.scanner_manager DEBUG    Verificando estado del escáner... (intervalo: 3s)
[09:46:42] src.core.scanner_manager DEBUG    test_connection() retornó: True
[09:46:42] src.core.scanner_manager DEBUG    Estado anterior: True, Estado actual: True
[09:46:42] src.core.scanner_manager DEBUG    Estado del escáner sin cambios: conectado
[09:46:45] src.core.scanner_manager DEBUG    Verificando estado del escáner... (intervalo: 3s)
[09:46:45] src.core.scanner_manager DEBUG    test_connection() retornó: True
[09:46:45] src.core.scanner_manager DEBUG    Estado anterior: True, Estado actual: True
[09:46:45] src.core.scanner_manager DEBUG    Estado del escáner sin cambios: conectado
[09:46:48] src.core.scanner_manager DEBUG    Verificando estado del escáner... (intervalo: 3s)
[09:46:48] src.core.scanner_manager DEBUG    test_connection() retornó: True
[09:46:48] src.core.scanner_manager DEBUG    Estado anterior: True, Estado actual: True
[09:46:48] src.core.scanner_manager DEBUG    Estado del escáner sin cambios: conectado
[09:46:51] src.core.scanner_manager DEBUG    Verificando estado del escáner... (intervalo: 3s)
[09:46:51] src.core.scanner_manager DEBUG    test_connection() retornó: True
[09:46:51] src.core.scanner_manager DEBUG    Estado anterior: True, Estado actual: True
[09:46:51] src.core.scanner_manager DEBUG    Estado del escáner sin cambios: conectado
[09:46:54] src.core.scanner_manager DEBUG    Verificando estado del escáner... (intervalo: 3s)
[09:46:54] src.core.scanner_manager DEBUG    test_connection() retornó: True
[09:46:54] src.core.scanner_manager DEBUG    Estado anterior: True, Estado actual: True
[09:46:54] src.core.scanner_manager DEBUG    Estado del escáner sin cambios: conectado
[09:46:57] src.core.scanner_manager DEBUG    Verificando estado del escáner... (intervalo: 3s)
[09:46:57] src.core.scanner_manager DEBUG    test_connection() retornó: True
[09:46:57] src.core.scanner_manager DEBUG    Estado anterior: True, Estado actual: True
[09:46:57] src.core.scanner_manager DEBUG    Estado del escáner sin cambios: conectado
[09:46:59] src.services.analytics_service DEBUG    Análisis completo realizado
[09:46:59] src.services.analytics_service WARNING  ALERTA HIGH: Eficiencia baja: 47.0%
[09:46:59] src.services.analytics_service WARNING  ALERTA MEDIUM: OEE bajo: 44.7%
[09:47:00] src.core.scanner_manager DEBUG    Verificando estado del escáner... (intervalo: 3s)
[09:47:00] src.core.scanner_manager DEBUG    test_connection() retornó: True
[09:47:00] src.core.scanner_manager DEBUG    Estado anterior: True, Estado actual: True
[09:47:00] src.core.scanner_manager DEBUG    Estado del escáner sin cambios: conectado
[09:47:03] src.core.scanner_manager DEBUG    Verificando estado del escáner... (intervalo: 3s)
[09:47:03] src.core.scanner_manager DEBUG    test_connection() retornó: True
[09:47:03] src.core.scanner_manager DEBUG    Estado anterior: True, Estado actual: True
[09:47:03] src.core.scanner_manager DEBUG    Estado del escáner sin cambios: conectado
[09:47:06] src.core.scanner_manager DEBUG    Verificando estado del escáner... (intervalo: 3s)
[09:47:06] src.core.scanner_manager DEBUG    test_connection() retornó: True
[09:47:06] src.core.scanner_manager DEBUG    Estado anterior: True, Estado actual: True
[09:47:06] src.core.scanner_manager DEBUG    Estado del escáner sin cambios: conectado
[09:47:09] src.core.scanner_manager DEBUG    Verificando estado del escáner... (intervalo: 3s)
[09:47:09] src.core.scanner_manager DEBUG    test_connection() retornó: True
[09:47:09] src.core.scanner_manager DEBUG    Estado anterior: True, Estado actual: True
[09:47:09] src.core.scanner_manager DEBUG    Estado del escáner sin cambios: conectado
[09:47:12] src.core.scanner_manager DEBUG    Verificando estado del escáner... (intervalo: 3s)
[09:47:12] src.core.scanner_manager DEBUG    test_connection() retornó: True
[09:47:12] src.core.scanner_manager DEBUG    Estado anterior: True, Estado actual: True
[09:47:12] src.core.scanner_manager DEBUG    Estado del escáner sin cambios: conectado
[09:47:15] src.core.scanner_manager DEBUG    Verificando estado del escáner... (intervalo: 3s)
[09:47:15] src.core.scanner_manager DEBUG    test_connection() retornó: True
[09:47:15] src.core.scanner_manager DEBUG    Estado anterior: True, Estado actual: True
[09:47:15] src.core.scanner_manager DEBUG    Estado del escáner sin cambios: conectado
[09:47:18] src.core.scanner_manager DEBUG    Verificando estado del escáner... (intervalo: 3s)
[09:47:18] src.core.scanner_manager DEBUG    test_connection() retornó: True
[09:47:18] src.core.scanner_manager DEBUG    Estado anterior: True, Estado actual: True
[09:47:18] src.core.scanner_manager DEBUG    Estado del escáner sin cambios: conectado
[09:47:21] src.core.scanner_manager DEBUG    Verificando estado del escáner... (intervalo: 3s)
[09:47:21] src.core.scanner_manager DEBUG    test_connection() retornó: True
[09:47:21] src.core.scanner_manager DEBUG    Estado anterior: True, Estado actual: True
[09:47:21] src.core.scanner_manager DEBUG    Estado del escáner sin cambios: conectado
[09:47:24] src.core.scanner_manager DEBUG    Verificando estado del escáner... (intervalo: 3s)
[09:47:24] src.core.scanner_manager DEBUG    test_connection() retornó: True
[09:47:24] src.core.scanner_manager DEBUG    Estado anterior: True, Estado actual: True
[09:47:24] src.core.scanner_manager DEBUG    Estado del escáner sin cambios: conectado
[09:47:27] src.core.scanner_manager DEBUG    Verificando estado del escáner... (intervalo: 3s)
[09:47:27] src.core.scanner_manager DEBUG    test_connection() retornó: True
[09:47:27] src.core.scanner_manager DEBUG    Estado anterior: True, Estado actual: True
[09:47:27] src.core.scanner_manager DEBUG    Estado del escáner sin cambios: conectado
[09:47:29] src.services.analytics_service DEBUG    Análisis completo realizado
[09:47:29] src.services.analytics_service WARNING  ALERTA HIGH: Eficiencia baja: 47.0%
[09:47:29] src.services.analytics_service WARNING  ALERTA MEDIUM: OEE bajo: 44.7%
[09:47:30] src.core.scanner_manager DEBUG    Verificando estado del escáner... (intervalo: 3s)
[09:47:30] src.core.scanner_manager DEBUG    test_connection() retornó: True
[09:47:30] src.core.scanner_manager DEBUG    Estado anterior: True, Estado actual: True
[09:47:30] src.core.scanner_manager DEBUG    Estado del escáner sin cambios: conectado
[09:47:33] src.core.scanner_manager DEBUG    Verificando estado del escáner... (intervalo: 3s)
[09:47:33] src.core.scanner_manager DEBUG    test_connection() retornó: True
[09:47:33] src.core.scanner_manager DEBUG    Estado anterior: True, Estado actual: True
[09:47:33] src.core.scanner_manager DEBUG    Estado del escáner sin cambios: conectado
[09:47:36] src.core.scanner_manager DEBUG    Verificando estado del escáner... (intervalo: 3s)
[09:47:36] src.core.scanner_manager DEBUG    test_connection() retornó: True
[09:47:36] src.core.scanner_manager DEBUG    Estado anterior: True, Estado actual: True
[09:47:36] src.core.scanner_manager DEBUG    Estado del escáner sin cambios: conectado
[09:47:39] src.core.scanner_manager DEBUG    Verificando estado del escáner... (intervalo: 3s)
[09:47:39] src.core.scanner_manager DEBUG    test_connection() retornó: True
[09:47:39] src.core.scanner_manager DEBUG    Estado anterior: True, Estado actual: True
[09:47:39] src.core.scanner_manager DEBUG    Estado del escáner sin cambios: conectado
[09:47:42] src.core.scanner_manager DEBUG    Verificando estado del escáner... (intervalo: 3s)
[09:47:42] src.core.scanner_manager DEBUG    test_connection() retornó: True
[09:47:42] src.core.scanner_manager DEBUG    Estado anterior: True, Estado actual: True
[09:47:42] src.core.scanner_manager DEBUG    Estado del escáner sin cambios: conectado
[09:47:45] src.core.scanner_manager DEBUG    Verificando estado del escáner... (intervalo: 3s)
[09:47:45] src.core.scanner_manager DEBUG    test_connection() retornó: True
[09:47:45] src.core.scanner_manager DEBUG    Estado anterior: True, Estado actual: True
[09:47:45] src.core.scanner_manager DEBUG    Estado del escáner sin cambios: conectado
[09:47:48] src.core.scanner_manager DEBUG    Verificando estado del escáner... (intervalo: 3s)
[09:47:48] src.core.scanner_manager DEBUG    test_connection() retornó: True
[09:47:48] src.core.scanner_manager DEBUG    Estado anterior: True, Estado actual: True
[09:47:48] src.core.scanner_manager DEBUG    Estado del escáner sin cambios: conectado
[09:47:51] src.core.scanner_manager DEBUG    Verificando estado del escáner... (intervalo: 3s)
[09:47:51] src.core.scanner_manager DEBUG    test_connection() retornó: True
[09:47:51] src.core.scanner_manager DEBUG    Estado anterior: True, Estado actual: True
[09:47:51] src.core.scanner_manager DEBUG    Estado del escáner sin cambios: conectado
[09:47:54] src.core.scanner_manager DEBUG    Verificando estado del escáner... (intervalo: 3s)
[09:47:54] src.core.scanner_manager DEBUG    test_connection() retornó: True
[09:47:54] src.core.scanner_manager DEBUG    Estado anterior: True, Estado actual: True
[09:47:54] src.core.scanner_manager DEBUG    Estado del escáner sin cambios: conectado
[09:47:57] src.core.scanner_manager DEBUG    Verificando estado del escáner... (intervalo: 3s)
[09:47:57] src.core.scanner_manager DEBUG    test_connection() retornó: True
[09:47:57] src.core.scanner_manager DEBUG    Estado anterior: True, Estado actual: True
[09:47:57] src.core.scanner_manager DEBUG    Estado del escáner sin cambios: conectado
[09:47:59] src.services.analytics_service DEBUG    Análisis completo realizado
[09:47:59] src.services.analytics_service WARNING  ALERTA HIGH: Eficiencia baja: 47.0%
[09:47:59] src.services.analytics_service WARNING  ALERTA MEDIUM: OEE bajo: 44.7%
[09:48:00] src.core.scanner_manager DEBUG    Verificando estado del escáner... (intervalo: 3s)
[09:48:00] src.core.scanner_manager DEBUG    test_connection() retornó: True
[09:48:00] src.core.scanner_manager DEBUG    Estado anterior: True, Estado actual: True
[09:48:00] src.core.scanner_manager DEBUG    Estado del escáner sin cambios: conectado
[09:48:03] src.core.scanner_manager DEBUG    Verificando estado del escáner... (intervalo: 3s)
[09:48:03] src.core.scanner_manager DEBUG    test_connection() retornó: True
[09:48:03] src.core.scanner_manager DEBUG    Estado anterior: True, Estado actual: True
[09:48:03] src.core.scanner_manager DEBUG    Estado del escáner sin cambios: conectado
[09:48:06] src.core.scanner_manager DEBUG    Verificando estado del escáner... (intervalo: 3s)
[09:48:06] src.core.scanner_manager DEBUG    test_connection() retornó: True
[09:48:06] src.core.scanner_manager DEBUG    Estado anterior: True, Estado actual: True
[09:48:06] src.core.scanner_manager DEBUG    Estado del escáner sin cambios: conectado
[09:48:09] src.core.scanner_manager DEBUG    Verificando estado del escáner... (intervalo: 3s)
[09:48:09] src.core.scanner_manager DEBUG    test_connection() retornó: True
[09:48:09] src.core.scanner_manager DEBUG    Estado anterior: True, Estado actual: True
[09:48:09] src.core.scanner_manager DEBUG    Estado del escáner sin cambios: conectado
[09:48:12] src.core.scanner_manager DEBUG    Verificando estado del escáner... (intervalo: 3s)
[09:48:12] src.core.scanner_manager DEBUG    test_connection() retornó: True
[09:48:12] src.core.scanner_manager DEBUG    Estado anterior: True, Estado actual: True
[09:48:12] src.core.scanner_manager DEBUG    Estado del escáner sin cambios: conectado
[09:48:15] src.core.scanner_manager DEBUG    Verificando estado del escáner... (intervalo: 3s)
[09:48:15] src.core.scanner_manager DEBUG    test_connection() retornó: True
[09:48:15] src.core.scanner_manager DEBUG    Estado anterior: True, Estado actual: True
[09:48:15] src.core.scanner_manager DEBUG    Estado del escáner sin cambios: conectado
[09:48:18] src.core.scanner_manager DEBUG    Verificando estado del escáner... (intervalo: 3s)
[09:48:18] src.core.scanner_manager DEBUG    test_connection() retornó: True
[09:48:18] src.core.scanner_manager DEBUG    Estado anterior: True, Estado actual: True
[09:48:18] src.core.scanner_manager DEBUG    Estado del escáner sin cambios: conectado
[09:48:21] src.core.scanner_manager DEBUG    Verificando estado del escáner... (intervalo: 3s)
[09:48:21] src.core.scanner_manager DEBUG    test_connection() retornó: True
[09:48:21] src.core.scanner_manager DEBUG    Estado anterior: True, Estado actual: True
[09:48:21] src.core.scanner_manager DEBUG    Estado del escáner sin cambios: conectado
[09:48:24] src.core.scanner_manager DEBUG    Verificando estado del escáner... (intervalo: 3s)
[09:48:24] src.core.scanner_manager DEBUG    test_connection() retornó: True
[09:48:24] src.core.scanner_manager DEBUG    Estado anterior: True, Estado actual: True
[09:48:24] src.core.scanner_manager DEBUG    Estado del escáner sin cambios: conectado
[09:48:27] src.core.scanner_manager DEBUG    Verificando estado del escáner... (intervalo: 3s)
[09:48:27] src.core.scanner_manager DEBUG    test_connection() retornó: True
[09:48:27] src.core.scanner_manager DEBUG    Estado anterior: True, Estado actual: True
[09:48:27] src.core.scanner_manager DEBUG    Estado del escáner sin cambios: conectado
[09:48:29] src.services.analytics_service DEBUG    Análisis completo realizado
[09:48:29] src.services.analytics_service WARNING  ALERTA HIGH: Eficiencia baja: 47.0%
[09:48:29] src.services.analytics_service WARNING  ALERTA MEDIUM: OEE bajo: 44.7%
[09:48:30] src.core.scanner_manager DEBUG    Verificando estado del escáner... (intervalo: 3s)
[09:48:30] src.core.scanner_manager DEBUG    test_connection() retornó: True
[09:48:30] src.core.scanner_manager DEBUG    Estado anterior: True, Estado actual: True
[09:48:30] src.core.scanner_manager DEBUG    Estado del escáner sin cambios: conectado
[09:48:33] src.core.scanner_manager DEBUG    Verificando estado del escáner... (intervalo: 3s)
[09:48:33] src.core.scanner_manager DEBUG    test_connection() retornó: True
[09:48:33] src.core.scanner_manager DEBUG    Estado anterior: True, Estado actual: True
[09:48:33] src.core.scanner_manager DEBUG    Estado del escáner sin cambios: conectado
[09:48:36] src.core.scanner_manager DEBUG    Verificando estado del escáner... (intervalo: 3s)
[09:48:36] src.core.scanner_manager DEBUG    test_connection() retornó: True
[09:48:36] src.core.scanner_manager DEBUG    Estado anterior: True, Estado actual: True
[09:48:36] src.core.scanner_manager DEBUG    Estado del escáner sin cambios: conectado
[09:48:39] src.core.scanner_manager DEBUG    Verificando estado del escáner... (intervalo: 3s)
[09:48:39] src.core.scanner_manager DEBUG    test_connection() retornó: True
[09:48:39] src.core.scanner_manager DEBUG    Estado anterior: True, Estado actual: True
[09:48:39] src.core.scanner_manager DEBUG    Estado del escáner sin cambios: conectado
[09:48:42] src.core.scanner_manager DEBUG    Verificando estado del escáner... (intervalo: 3s)
[09:48:42] src.core.scanner_manager DEBUG    test_connection() retornó: True
[09:48:42] src.core.scanner_manager DEBUG    Estado anterior: True, Estado actual: True
[09:48:42] src.core.scanner_manager DEBUG    Estado del escáner sin cambios: conectado
[09:48:45] src.core.scanner_manager DEBUG    Verificando estado del escáner... (intervalo: 3s)
[09:48:45] src.core.scanner_manager DEBUG    test_connection() retornó: True
[09:48:45] src.core.scanner_manager DEBUG    Estado anterior: True, Estado actual: True
[09:48:45] src.core.scanner_manager DEBUG    Estado del escáner sin cambios: conectado
[09:48:48] src.core.scanner_manager DEBUG    Verificando estado del escáner... (intervalo: 3s)
[09:48:48] src.core.scanner_manager DEBUG    test_connection() retornó: True
[09:48:48] src.core.scanner_manager DEBUG    Estado anterior: True, Estado actual: True
[09:48:48] src.core.scanner_manager DEBUG    Estado del escáner sin cambios: conectado
[09:48:51] src.core.scanner_manager DEBUG    Verificando estado del escáner... (intervalo: 3s)
[09:48:51] src.core.scanner_manager DEBUG    test_connection() retornó: True
[09:48:51] src.core.scanner_manager DEBUG    Estado anterior: True, Estado actual: True
[09:48:51] src.core.scanner_manager DEBUG    Estado del escáner sin cambios: conectado
[09:48:54] src.core.scanner_manager DEBUG    Verificando estado del escáner... (intervalo: 3s)
[09:48:54] src.core.scanner_manager DEBUG    test_connection() retornó: True
[09:48:54] src.core.scanner_manager DEBUG    Estado anterior: True, Estado actual: True
[09:48:54] src.core.scanner_manager DEBUG    Estado del escáner sin cambios: conectado
[09:48:57] src.core.scanner_manager DEBUG    Verificando estado del escáner... (intervalo: 3s)
[09:48:57] src.core.scanner_manager DEBUG    test_connection() retornó: True
[09:48:57] src.core.scanner_manager DEBUG    Estado anterior: True, Estado actual: True
[09:48:57] src.core.scanner_manager DEBUG    Estado del escáner sin cambios: conectado
[09:48:59] src.services.analytics_service DEBUG    Análisis completo realizado
[09:48:59] src.services.analytics_service WARNING  ALERTA HIGH: Eficiencia baja: 47.0%
[09:48:59] src.services.analytics_service WARNING  ALERTA MEDIUM: OEE bajo: 44.7%
[09:49:00] src.core.scanner_manager DEBUG    Verificando estado del escáner... (intervalo: 3s)
[09:49:00] src.core.scanner_manager DEBUG    test_connection() retornó: True
[09:49:00] src.core.scanner_manager DEBUG    Estado anterior: True, Estado actual: True
[09:49:00] src.core.scanner_manager DEBUG    Estado del escáner sin cambios: conectado
[09:49:03] src.core.scanner_manager DEBUG    Verificando estado del escáner... (intervalo: 3s)
[09:49:03] src.core.scanner_manager DEBUG    test_connection() retornó: True
[09:49:03] src.core.scanner_manager DEBUG    Estado anterior: True, Estado actual: True
[09:49:03] src.core.scanner_manager DEBUG    Estado del escáner sin cambios: conectado
[09:49:06] src.core.scanner_manager DEBUG    Verificando estado del escáner... (intervalo: 3s)
[09:49:06] src.core.scanner_manager DEBUG    test_connection() retornó: True
[09:49:06] src.core.scanner_manager DEBUG    Estado anterior: True, Estado actual: True
[09:49:06] src.core.scanner_manager DEBUG    Estado del escáner sin cambios: conectado
[09:49:09] src.core.scanner_manager DEBUG    Verificando estado del escáner... (intervalo: 3s)
[09:49:09] src.core.scanner_manager DEBUG    test_connection() retornó: True
[09:49:09] src.core.scanner_manager DEBUG    Estado anterior: True, Estado actual: True
[09:49:09] src.core.scanner_manager DEBUG    Estado del escáner sin cambios: conectado
[09:49:12] src.core.scanner_manager DEBUG    Verificando estado del escáner... (intervalo: 3s)
[09:49:12] src.core.scanner_manager DEBUG    test_connection() retornó: True
[09:49:12] src.core.scanner_manager DEBUG    Estado anterior: True, Estado actual: True
[09:49:12] src.core.scanner_manager DEBUG    Estado del escáner sin cambios: conectado
[09:49:15] src.core.scanner_manager DEBUG    Verificando estado del escáner... (intervalo: 3s)
[09:49:15] src.core.scanner_manager DEBUG    test_connection() retornó: True
[09:49:15] src.core.scanner_manager DEBUG    Estado anterior: True, Estado actual: True
[09:49:15] src.core.scanner_manager DEBUG    Estado del escáner sin cambios: conectado
[09:49:18] src.core.scanner_manager DEBUG    Verificando estado del escáner... (intervalo: 3s)
[09:49:18] src.core.scanner_manager DEBUG    test_connection() retornó: True
[09:49:18] src.core.scanner_manager DEBUG    Estado anterior: True, Estado actual: True
[09:49:18] src.core.scanner_manager DEBUG    Estado del escáner sin cambios: conectado
[09:49:21] src.core.scanner_manager DEBUG    Verificando estado del escáner... (intervalo: 3s)
[09:49:21] src.core.scanner_manager DEBUG    test_connection() retornó: True
[09:49:21] src.core.scanner_manager DEBUG    Estado anterior: True, Estado actual: True
[09:49:21] src.core.scanner_manager DEBUG    Estado del escáner sin cambios: conectado
[09:49:24] src.core.scanner_manager DEBUG    Verificando estado del escáner... (intervalo: 3s)
[09:49:24] src.core.scanner_manager DEBUG    test_connection() retornó: True
[09:49:24] src.core.scanner_manager DEBUG    Estado anterior: True, Estado actual: True
[09:49:24] src.core.scanner_manager DEBUG    Estado del escáner sin cambios: conectado
[09:49:27] src.core.scanner_manager DEBUG    Verificando estado del escáner... (intervalo: 3s)
[09:49:27] src.core.scanner_manager DEBUG    test_connection() retornó: True
[09:49:27] src.core.scanner_manager DEBUG    Estado anterior: True, Estado actual: True
[09:49:27] src.core.scanner_manager DEBUG    Estado del escáner sin cambios: conectado
[09:49:29] src.services.analytics_service DEBUG    Análisis completo realizado
[09:49:29] src.services.analytics_service WARNING  ALERTA HIGH: Eficiencia baja: 47.0%
[09:49:29] src.services.analytics_service WARNING  ALERTA MEDIUM: OEE bajo: 44.7%
[09:49:30] src.core.scanner_manager DEBUG    Verificando estado del escáner... (intervalo: 3s)
[09:49:30] src.core.scanner_manager DEBUG    test_connection() retornó: True
[09:49:30] src.core.scanner_manager DEBUG    Estado anterior: True, Estado actual: True
[09:49:30] src.core.scanner_manager DEBUG    Estado del escáner sin cambios: conectado
[09:49:33] src.core.scanner_manager DEBUG    Verificando estado del escáner... (intervalo: 3s)
[09:49:33] src.core.scanner_manager DEBUG    test_connection() retornó: True
[09:49:33] src.core.scanner_manager DEBUG    Estado anterior: True, Estado actual: True
[09:49:33] src.core.scanner_manager DEBUG    Estado del escáner sin cambios: conectado
[09:49:36] src.core.scanner_manager DEBUG    Verificando estado del escáner... (intervalo: 3s)
[09:49:36] src.core.scanner_manager DEBUG    test_connection() retornó: True
[09:49:36] src.core.scanner_manager DEBUG    Estado anterior: True, Estado actual: True
[09:49:36] src.core.scanner_manager DEBUG    Estado del escáner sin cambios: conectado
[09:49:39] src.core.scanner_manager DEBUG    Verificando estado del escáner... (intervalo: 3s)
[09:49:39] src.core.scanner_manager DEBUG    test_connection() retornó: True
[09:49:39] src.core.scanner_manager DEBUG    Estado anterior: True, Estado actual: True
[09:49:39] src.core.scanner_manager DEBUG    Estado del escáner sin cambios: conectado
[09:49:42] src.core.scanner_manager DEBUG    Verificando estado del escáner... (intervalo: 3s)
[09:49:42] src.core.scanner_manager DEBUG    test_connection() retornó: True
[09:49:42] src.core.scanner_manager DEBUG    Estado anterior: True, Estado actual: True
[09:49:42] src.core.scanner_manager DEBUG    Estado del escáner sin cambios: conectado
[09:49:45] src.core.scanner_manager DEBUG    Verificando estado del escáner... (intervalo: 3s)
[09:49:45] src.core.scanner_manager DEBUG    test_connection() retornó: True
[09:49:45] src.core.scanner_manager DEBUG    Estado anterior: True, Estado actual: True
[09:49:45] src.core.scanner_manager DEBUG    Estado del escáner sin cambios: conectado
[09:49:48] src.core.scanner_manager DEBUG    Verificando estado del escáner... (intervalo: 3s)
[09:49:48] src.core.scanner_manager DEBUG    test_connection() retornó: True
[09:49:48] src.core.scanner_manager DEBUG    Estado anterior: True, Estado actual: True
[09:49:48] src.core.scanner_manager DEBUG    Estado del escáner sin cambios: conectado
[09:49:51] src.core.scanner_manager DEBUG    Verificando estado del escáner... (intervalo: 3s)
[09:49:51] src.core.scanner_manager DEBUG    test_connection() retornó: True
[09:49:51] src.core.scanner_manager DEBUG    Estado anterior: True, Estado actual: True
[09:49:51] src.core.scanner_manager DEBUG    Estado del escáner sin cambios: conectado
[09:49:54] src.core.scanner_manager DEBUG    Verificando estado del escáner... (intervalo: 3s)
[09:49:54] src.core.scanner_manager DEBUG    test_connection() retornó: True
[09:49:54] src.core.scanner_manager DEBUG    Estado anterior: True, Estado actual: True
[09:49:54] src.core.scanner_manager DEBUG    Estado del escáner sin cambios: conectado
[09:49:57] src.core.scanner_manager DEBUG    Verificando estado del escáner... (intervalo: 3s)
[09:49:57] src.core.scanner_manager DEBUG    test_connection() retornó: True
[09:49:57] src.core.scanner_manager DEBUG    Estado anterior: True, Estado actual: True
[09:49:57] src.core.scanner_manager DEBUG    Estado del escáner sin cambios: conectado
[09:49:59] src.services.analytics_service DEBUG    Análisis completo realizado
[09:49:59] src.services.analytics_service WARNING  ALERTA HIGH: Eficiencia baja: 47.0%
[09:49:59] src.services.analytics_service WARNING  ALERTA MEDIUM: OEE bajo: 44.7%
[09:50:00] src.core.scanner_manager DEBUG    Verificando estado del escáner... (intervalo: 3s)
[09:50:00] src.core.scanner_manager DEBUG    test_connection() retornó: True
[09:50:00] src.core.scanner_manager DEBUG    Estado anterior: True, Estado actual: True
[09:50:00] src.core.scanner_manager DEBUG    Estado del escáner sin cambios: conectado
[09:50:03] src.core.scanner_manager DEBUG    Verificando estado del escáner... (intervalo: 3s)
[09:50:03] src.core.scanner_manager DEBUG    test_connection() retornó: True
[09:50:03] src.core.scanner_manager DEBUG    Estado anterior: True, Estado actual: True
[09:50:03] src.core.scanner_manager DEBUG    Estado del escáner sin cambios: conectado
[09:50:06] src.core.scanner_manager DEBUG    Verificando estado del escáner... (intervalo: 3s)
[09:50:06] src.core.scanner_manager DEBUG    test_connection() retornó: True
[09:50:06] src.core.scanner_manager DEBUG    Estado anterior: True, Estado actual: True
[09:50:06] src.core.scanner_manager DEBUG    Estado del escáner sin cambios: conectado
[09:50:09] src.core.scanner_manager DEBUG    Verificando estado del escáner... (intervalo: 3s)
[09:50:09] src.core.scanner_manager DEBUG    test_connection() retornó: True
[09:50:09] src.core.scanner_manager DEBUG    Estado anterior: True, Estado actual: True
[09:50:09] src.core.scanner_manager DEBUG    Estado del escáner sin cambios: conectado
[09:50:12] src.core.scanner_manager DEBUG    Verificando estado del escáner... (intervalo: 3s)
[09:50:12] src.core.scanner_manager DEBUG    test_connection() retornó: True
[09:50:12] src.core.scanner_manager DEBUG    Estado anterior: True, Estado actual: True
[09:50:12] src.core.scanner_manager DEBUG    Estado del escáner sin cambios: conectado
[09:50:15] src.core.scanner_manager DEBUG    Verificando estado del escáner... (intervalo: 3s)
[09:50:15] src.core.scanner_manager DEBUG    test_connection() retornó: True
[09:50:15] src.core.scanner_manager DEBUG    Estado anterior: True, Estado actual: True
[09:50:15] src.core.scanner_manager DEBUG    Estado del escáner sin cambios: conectado
[09:50:18] src.core.scanner_manager DEBUG    Verificando estado del escáner... (intervalo: 3s)
[09:50:18] src.core.scanner_manager DEBUG    test_connection() retornó: True
[09:50:18] src.core.scanner_manager DEBUG    Estado anterior: True, Estado actual: True
[09:50:18] src.core.scanner_manager DEBUG    Estado del escáner sin cambios: conectado
[09:50:21] src.core.scanner_manager DEBUG    Verificando estado del escáner... (intervalo: 3s)
[09:50:21] src.core.scanner_manager DEBUG    test_connection() retornó: True
[09:50:21] src.core.scanner_manager DEBUG    Estado anterior: True, Estado actual: True
[09:50:21] src.core.scanner_manager DEBUG    Estado del escáner sin cambios: conectado
[09:50:24] src.core.scanner_manager DEBUG    Verificando estado del escáner... (intervalo: 3s)
[09:50:24] src.core.scanner_manager DEBUG    test_connection() retornó: True
[09:50:24] src.core.scanner_manager DEBUG    Estado anterior: True, Estado actual: True
[09:50:24] src.core.scanner_manager DEBUG    Estado del escáner sin cambios: conectado
[09:50:27] src.core.scanner_manager DEBUG    Verificando estado del escáner... (intervalo: 3s)
[09:50:27] src.core.scanner_manager DEBUG    test_connection() retornó: True
[09:50:27] src.core.scanner_manager DEBUG    Estado anterior: True, Estado actual: True
[09:50:27] src.core.scanner_manager DEBUG    Estado del escáner sin cambios: conectado
[09:50:29] src.services.analytics_service DEBUG    Análisis completo realizado
[09:50:29] src.services.analytics_service WARNING  ALERTA HIGH: Eficiencia baja: 47.0%
[09:50:29] src.services.analytics_service WARNING  ALERTA MEDIUM: OEE bajo: 44.7%
[09:50:30] src.core.scanner_manager DEBUG    Verificando estado del escáner... (intervalo: 3s)
[09:50:30] src.core.scanner_manager DEBUG    test_connection() retornó: True
[09:50:30] src.core.scanner_manager DEBUG    Estado anterior: True, Estado actual: True
[09:50:30] src.core.scanner_manager DEBUG    Estado del escáner sin cambios: conectado
[09:50:33] src.core.scanner_manager DEBUG    Verificando estado del escáner... (intervalo: 3s)
[09:50:33] src.core.scanner_manager DEBUG    test_connection() retornó: True
[09:50:33] src.core.scanner_manager DEBUG    Estado anterior: True, Estado actual: True
[09:50:33] src.core.scanner_manager DEBUG    Estado del escáner sin cambios: conectado
[09:50:36] src.core.scanner_manager DEBUG    Verificando estado del escáner... (intervalo: 3s)
[09:50:36] src.core.scanner_manager DEBUG    test_connection() retornó: True
[09:50:36] src.core.scanner_manager DEBUG    Estado anterior: True, Estado actual: True
[09:50:36] src.core.scanner_manager DEBUG    Estado del escáner sin cambios: conectado
[09:50:39] src.core.scanner_manager DEBUG    Verificando estado del escáner... (intervalo: 3s)
[09:50:39] src.core.scanner_manager DEBUG    test_connection() retornó: True
[09:50:39] src.core.scanner_manager DEBUG    Estado anterior: True, Estado actual: True
[09:50:39] src.core.scanner_manager DEBUG    Estado del escáner sin cambios: conectado
[09:50:42] src.core.scanner_manager DEBUG    Verificando estado del escáner... (intervalo: 3s)
[09:50:42] src.core.scanner_manager DEBUG    test_connection() retornó: True
[09:50:42] src.core.scanner_manager DEBUG    Estado anterior: True, Estado actual: True
[09:50:42] src.core.scanner_manager DEBUG    Estado del escáner sin cambios: conectado
[09:50:45] src.core.scanner_manager DEBUG    Verificando estado del escáner... (intervalo: 3s)
[09:50:45] src.core.scanner_manager DEBUG    test_connection() retornó: True
[09:50:45] src.core.scanner_manager DEBUG    Estado anterior: True, Estado actual: True
[09:50:45] src.core.scanner_manager DEBUG    Estado del escáner sin cambios: conectado
[09:50:48] src.core.scanner_manager DEBUG    Verificando estado del escáner... (intervalo: 3s)
[09:50:48] src.core.scanner_manager DEBUG    test_connection() retornó: True
[09:50:48] src.core.scanner_manager DEBUG    Estado anterior: True, Estado actual: True
[09:50:48] src.core.scanner_manager DEBUG    Estado del escáner sin cambios: conectado
[09:50:51] src.core.scanner_manager DEBUG    Verificando estado del escáner... (intervalo: 3s)
[09:50:51] src.core.scanner_manager DEBUG    test_connection() retornó: True
[09:50:51] src.core.scanner_manager DEBUG    Estado anterior: True, Estado actual: True
[09:50:51] src.core.scanner_manager DEBUG    Estado del escáner sin cambios: conectado
[09:50:54] src.core.scanner_manager DEBUG    Verificando estado del escáner... (intervalo: 3s)
[09:50:54] src.core.scanner_manager DEBUG    test_connection() retornó: True
[09:50:54] src.core.scanner_manager DEBUG    Estado anterior: True, Estado actual: True
[09:50:54] src.core.scanner_manager DEBUG    Estado del escáner sin cambios: conectado
[09:50:57] src.core.scanner_manager DEBUG    Verificando estado del escáner... (intervalo: 3s)
[09:50:57] src.core.scanner_manager DEBUG    test_connection() retornó: True
[09:50:57] src.core.scanner_manager DEBUG    Estado anterior: True, Estado actual: True
[09:50:57] src.core.scanner_manager DEBUG    Estado del escáner sin cambios: conectado
[09:50:59] src.services.analytics_service DEBUG    Análisis completo realizado
[09:50:59] src.services.analytics_service WARNING  ALERTA HIGH: Eficiencia baja: 47.0%
[09:50:59] src.services.analytics_service WARNING  ALERTA MEDIUM: OEE bajo: 44.7%
[09:51:00] src.core.scanner_manager DEBUG    Verificando estado del escáner... (intervalo: 3s)
[09:51:00] src.core.scanner_manager DEBUG    test_connection() retornó: True
[09:51:00] src.core.scanner_manager DEBUG    Estado anterior: True, Estado actual: True
[09:51:00] src.core.scanner_manager DEBUG    Estado del escáner sin cambios: conectado
[09:51:03] src.core.scanner_manager DEBUG    Verificando estado del escáner... (intervalo: 3s)
[09:51:03] src.core.scanner_manager DEBUG    test_connection() retornó: True
[09:51:03] src.core.scanner_manager DEBUG    Estado anterior: True, Estado actual: True
[09:51:03] src.core.scanner_manager DEBUG    Estado del escáner sin cambios: conectado
[09:51:06] src.core.scanner_manager DEBUG    Verificando estado del escáner... (intervalo: 3s)
[09:51:06] src.core.scanner_manager DEBUG    test_connection() retornó: True
[09:51:06] src.core.scanner_manager DEBUG    Estado anterior: True, Estado actual: True
[09:51:06] src.core.scanner_manager DEBUG    Estado del escáner sin cambios: conectado
[09:51:09] src.core.scanner_manager DEBUG    Verificando estado del escáner... (intervalo: 3s)
[09:51:09] src.core.scanner_manager DEBUG    test_connection() retornó: True
[09:51:09] src.core.scanner_manager DEBUG    Estado anterior: True, Estado actual: True
[09:51:09] src.core.scanner_manager DEBUG    Estado del escáner sin cambios: conectado
[09:51:12] src.core.scanner_manager DEBUG    Verificando estado del escáner... (intervalo: 3s)
[09:51:12] src.core.scanner_manager DEBUG    test_connection() retornó: True
[09:51:12] src.core.scanner_manager DEBUG    Estado anterior: True, Estado actual: True
[09:51:12] src.core.scanner_manager DEBUG    Estado del escáner sin cambios: conectado
[09:51:15] src.core.scanner_manager DEBUG    Verificando estado del escáner... (intervalo: 3s)
[09:51:15] src.core.scanner_manager DEBUG    test_connection() retornó: True
[09:51:15] src.core.scanner_manager DEBUG    Estado anterior: True, Estado actual: True
[09:51:15] src.core.scanner_manager DEBUG    Estado del escáner sin cambios: conectado
[09:51:18] src.core.scanner_manager DEBUG    Verificando estado del escáner... (intervalo: 3s)
[09:51:18] src.core.scanner_manager DEBUG    test_connection() retornó: True
[09:51:18] src.core.scanner_manager DEBUG    Estado anterior: True, Estado actual: True
[09:51:18] src.core.scanner_manager DEBUG    Estado del escáner sin cambios: conectado
[09:51:21] src.core.scanner_manager DEBUG    Verificando estado del escáner... (intervalo: 3s)
[09:51:21] src.core.scanner_manager DEBUG    test_connection() retornó: True
[09:51:21] src.core.scanner_manager DEBUG    Estado anterior: True, Estado actual: True
[09:51:21] src.core.scanner_manager DEBUG    Estado del escáner sin cambios: conectado
[09:51:24] src.core.scanner_manager DEBUG    Verificando estado del escáner... (intervalo: 3s)
[09:51:24] src.core.scanner_manager DEBUG    test_connection() retornó: True
[09:51:24] src.core.scanner_manager DEBUG    Estado anterior: True, Estado actual: True
[09:51:24] src.core.scanner_manager DEBUG    Estado del escáner sin cambios: conectado
[09:51:27] src.core.scanner_manager DEBUG    Verificando estado del escáner... (intervalo: 3s)
[09:51:27] src.core.scanner_manager DEBUG    test_connection() retornó: True
[09:51:27] src.core.scanner_manager DEBUG    Estado anterior: True, Estado actual: True
[09:51:27] src.core.scanner_manager DEBUG    Estado del escáner sin cambios: conectado
[09:51:29] src.services.analytics_service DEBUG    Análisis completo realizado
[09:51:29] src.services.analytics_service WARNING  ALERTA HIGH: Eficiencia baja: 47.0%
[09:51:29] src.services.analytics_service WARNING  ALERTA MEDIUM: OEE bajo: 44.7%
[09:51:30] src.core.scanner_manager DEBUG    Verificando estado del escáner... (intervalo: 3s)
[09:51:30] src.core.scanner_manager DEBUG    test_connection() retornó: True
[09:51:30] src.core.scanner_manager DEBUG    Estado anterior: True, Estado actual: True
[09:51:30] src.core.scanner_manager DEBUG    Estado del escáner sin cambios: conectado
[09:51:33] src.core.scanner_manager DEBUG    Verificando estado del escáner... (intervalo: 3s)
[09:51:33] src.core.scanner_manager DEBUG    test_connection() retornó: True
[09:51:33] src.core.scanner_manager DEBUG    Estado anterior: True, Estado actual: True
[09:51:33] src.core.scanner_manager DEBUG    Estado del escáner sin cambios: conectado
[09:51:36] src.core.scanner_manager DEBUG    Verificando estado del escáner... (intervalo: 3s)
[09:51:36] src.core.scanner_manager DEBUG    test_connection() retornó: True
[09:51:36] src.core.scanner_manager DEBUG    Estado anterior: True, Estado actual: True
[09:51:36] src.core.scanner_manager DEBUG    Estado del escáner sin cambios: conectado
[09:51:39] src.core.scanner_manager DEBUG    Verificando estado del escáner... (intervalo: 3s)
[09:51:39] src.core.scanner_manager DEBUG    test_connection() retornó: True
[09:51:39] src.core.scanner_manager DEBUG    Estado anterior: True, Estado actual: True
[09:51:39] src.core.scanner_manager DEBUG    Estado del escáner sin cambios: conectado
[09:51:42] src.core.scanner_manager DEBUG    Verificando estado del escáner... (intervalo: 3s)
[09:51:42] src.core.scanner_manager DEBUG    test_connection() retornó: True
[09:51:42] src.core.scanner_manager DEBUG    Estado anterior: True, Estado actual: True
[09:51:42] src.core.scanner_manager DEBUG    Estado del escáner sin cambios: conectado
[09:51:45] src.core.scanner_manager DEBUG    Verificando estado del escáner... (intervalo: 3s)
[09:51:45] src.core.scanner_manager DEBUG    test_connection() retornó: True
[09:51:45] src.core.scanner_manager DEBUG    Estado anterior: True, Estado actual: True
[09:51:45] src.core.scanner_manager DEBUG    Estado del escáner sin cambios: conectado
[09:51:48] src.core.scanner_manager DEBUG    Verificando estado del escáner... (intervalo: 3s)
[09:51:48] src.core.scanner_manager DEBUG    test_connection() retornó: True
[09:51:48] src.core.scanner_manager DEBUG    Estado anterior: True, Estado actual: True
[09:51:48] src.core.scanner_manager DEBUG    Estado del escáner sin cambios: conectado
[09:51:51] src.core.scanner_manager DEBUG    Verificando estado del escáner... (intervalo: 3s)
[09:51:51] src.core.scanner_manager DEBUG    test_connection() retornó: True
[09:51:51] src.core.scanner_manager DEBUG    Estado anterior: True, Estado actual: True
[09:51:51] src.core.scanner_manager DEBUG    Estado del escáner sin cambios: conectado
[09:51:54] src.core.scanner_manager DEBUG    Verificando estado del escáner... (intervalo: 3s)
[09:51:54] src.core.scanner_manager DEBUG    test_connection() retornó: True
[09:51:54] src.core.scanner_manager DEBUG    Estado anterior: True, Estado actual: True
[09:51:54] src.core.scanner_manager DEBUG    Estado del escáner sin cambios: conectado
[09:51:57] src.core.scanner_manager DEBUG    Verificando estado del escáner... (intervalo: 3s)
[09:51:57] src.core.scanner_manager DEBUG    test_connection() retornó: True
[09:51:57] src.core.scanner_manager DEBUG    Estado anterior: True, Estado actual: True
[09:51:57] src.core.scanner_manager DEBUG    Estado del escáner sin cambios: conectado
[09:51:59] src.services.analytics_service DEBUG    Análisis completo realizado
[09:51:59] src.services.analytics_service WARNING  ALERTA HIGH: Eficiencia baja: 47.0%
[09:51:59] src.services.analytics_service WARNING  ALERTA MEDIUM: OEE bajo: 44.7%
[09:52:00] src.core.scanner_manager DEBUG    Verificando estado del escáner... (intervalo: 3s)
[09:52:00] src.core.scanner_manager DEBUG    test_connection() retornó: True
[09:52:00] src.core.scanner_manager DEBUG    Estado anterior: True, Estado actual: True
[09:52:00] src.core.scanner_manager DEBUG    Estado del escáner sin cambios: conectado
[09:52:03] src.core.scanner_manager DEBUG    Verificando estado del escáner... (intervalo: 3s)
[09:52:03] src.core.scanner_manager DEBUG    test_connection() retornó: True
[09:52:03] src.core.scanner_manager DEBUG    Estado anterior: True, Estado actual: True
[09:52:03] src.core.scanner_manager DEBUG    Estado del escáner sin cambios: conectado
[09:52:06] src.core.scanner_manager DEBUG    Verificando estado del escáner... (intervalo: 3s)
[09:52:06] src.core.scanner_manager DEBUG    test_connection() retornó: True
[09:52:06] src.core.scanner_manager DEBUG    Estado anterior: True, Estado actual: True
[09:52:06] src.core.scanner_manager DEBUG    Estado del escáner sin cambios: conectado
[09:52:09] src.core.scanner_manager DEBUG    Verificando estado del escáner... (intervalo: 3s)
[09:52:09] src.core.scanner_manager DEBUG    test_connection() retornó: True
[09:52:09] src.core.scanner_manager DEBUG    Estado anterior: True, Estado actual: True
[09:52:09] src.core.scanner_manager DEBUG    Estado del escáner sin cambios: conectado
[09:52:12] src.core.scanner_manager DEBUG    Verificando estado del escáner... (intervalo: 3s)
[09:52:12] src.core.scanner_manager DEBUG    test_connection() retornó: True
[09:52:12] src.core.scanner_manager DEBUG    Estado anterior: True, Estado actual: True
[09:52:12] src.core.scanner_manager DEBUG    Estado del escáner sin cambios: conectado
[09:52:15] src.core.scanner_manager DEBUG    Verificando estado del escáner... (intervalo: 3s)
[09:52:15] src.core.scanner_manager DEBUG    test_connection() retornó: True
[09:52:15] src.core.scanner_manager DEBUG    Estado anterior: True, Estado actual: True
[09:52:15] src.core.scanner_manager DEBUG    Estado del escáner sin cambios: conectado
[09:52:18] src.core.scanner_manager DEBUG    Verificando estado del escáner... (intervalo: 3s)
[09:52:18] src.core.scanner_manager DEBUG    test_connection() retornó: True
[09:52:18] src.core.scanner_manager DEBUG    Estado anterior: True, Estado actual: True
[09:52:18] src.core.scanner_manager DEBUG    Estado del escáner sin cambios: conectado
[09:52:21] src.core.scanner_manager DEBUG    Verificando estado del escáner... (intervalo: 3s)
[09:52:21] src.core.scanner_manager DEBUG    test_connection() retornó: True
[09:52:21] src.core.scanner_manager DEBUG    Estado anterior: True, Estado actual: True
[09:52:21] src.core.scanner_manager DEBUG    Estado del escáner sin cambios: conectado
[09:52:24] src.core.scanner_manager DEBUG    Verificando estado del escáner... (intervalo: 3s)
[09:52:24] src.core.scanner_manager DEBUG    test_connection() retornó: True
[09:52:24] src.core.scanner_manager DEBUG    Estado anterior: True, Estado actual: True
[09:52:24] src.core.scanner_manager DEBUG    Estado del escáner sin cambios: conectado
[09:52:27] src.core.scanner_manager DEBUG    Verificando estado del escáner... (intervalo: 3s)
[09:52:27] src.core.scanner_manager DEBUG    test_connection() retornó: True
[09:52:27] src.core.scanner_manager DEBUG    Estado anterior: True, Estado actual: True
[09:52:27] src.core.scanner_manager DEBUG    Estado del escáner sin cambios: conectado
[09:52:29] src.services.analytics_service DEBUG    Análisis completo realizado
[09:52:29] src.services.analytics_service WARNING  ALERTA HIGH: Eficiencia baja: 47.0%
[09:52:29] src.services.analytics_service WARNING  ALERTA MEDIUM: OEE bajo: 44.7%
[09:52:30] src.core.scanner_manager DEBUG    Verificando estado del escáner... (intervalo: 3s)
[09:52:30] src.core.scanner_manager DEBUG    test_connection() retornó: True
[09:52:30] src.core.scanner_manager DEBUG    Estado anterior: True, Estado actual: True
[09:52:30] src.core.scanner_manager DEBUG    Estado del escáner sin cambios: conectado
[09:52:33] src.core.scanner_manager DEBUG    Verificando estado del escáner... (intervalo: 3s)
[09:52:33] src.core.scanner_manager DEBUG    test_connection() retornó: True
[09:52:33] src.core.scanner_manager DEBUG    Estado anterior: True, Estado actual: True
[09:52:33] src.core.scanner_manager DEBUG    Estado del escáner sin cambios: conectado
[09:52:36] src.core.scanner_manager DEBUG    Verificando estado del escáner... (intervalo: 3s)
[09:52:36] src.core.scanner_manager DEBUG    test_connection() retornó: True
[09:52:36] src.core.scanner_manager DEBUG    Estado anterior: True, Estado actual: True
[09:52:36] src.core.scanner_manager DEBUG    Estado del escáner sin cambios: conectado
[09:52:39] src.core.scanner_manager DEBUG    Verificando estado del escáner... (intervalo: 3s)
[09:52:39] src.core.scanner_manager DEBUG    test_connection() retornó: True
[09:52:39] src.core.scanner_manager DEBUG    Estado anterior: True, Estado actual: True
[09:52:39] src.core.scanner_manager DEBUG    Estado del escáner sin cambios: conectado
[09:52:42] src.core.scanner_manager DEBUG    Verificando estado del escáner... (intervalo: 3s)
[09:52:42] src.core.scanner_manager DEBUG    test_connection() retornó: True
[09:52:42] src.core.scanner_manager DEBUG    Estado anterior: True, Estado actual: True
[09:52:42] src.core.scanner_manager DEBUG    Estado del escáner sin cambios: conectado
[09:52:45] src.core.scanner_manager DEBUG    Verificando estado del escáner... (intervalo: 3s)
[09:52:45] src.core.scanner_manager DEBUG    test_connection() retornó: True
[09:52:45] src.core.scanner_manager DEBUG    Estado anterior: True, Estado actual: True
[09:52:45] src.core.scanner_manager DEBUG    Estado del escáner sin cambios: conectado
[09:52:48] src.core.scanner_manager DEBUG    Verificando estado del escáner... (intervalo: 3s)
[09:52:48] src.core.scanner_manager DEBUG    test_connection() retornó: True
[09:52:48] src.core.scanner_manager DEBUG    Estado anterior: True, Estado actual: True
[09:52:48] src.core.scanner_manager DEBUG    Estado del escáner sin cambios: conectado
[09:52:51] src.core.scanner_manager DEBUG    Verificando estado del escáner... (intervalo: 3s)
[09:52:51] src.core.scanner_manager DEBUG    test_connection() retornó: True
[09:52:51] src.core.scanner_manager DEBUG    Estado anterior: True, Estado actual: True
[09:52:51] src.core.scanner_manager DEBUG    Estado del escáner sin cambios: conectado
[09:52:54] src.core.scanner_manager DEBUG    Verificando estado del escáner... (intervalo: 3s)
[09:52:54] src.core.scanner_manager DEBUG    test_connection() retornó: True
[09:52:54] src.core.scanner_manager DEBUG    Estado anterior: True, Estado actual: True
[09:52:54] src.core.scanner_manager DEBUG    Estado del escáner sin cambios: conectado
[09:52:57] src.core.scanner_manager DEBUG    Verificando estado del escáner... (intervalo: 3s)
[09:52:57] src.core.scanner_manager DEBUG    test_connection() retornó: True
[09:52:57] src.core.scanner_manager DEBUG    Estado anterior: True, Estado actual: True
[09:52:57] src.core.scanner_manager DEBUG    Estado del escáner sin cambios: conectado
[09:52:59] src.services.analytics_service DEBUG    Análisis completo realizado
[09:52:59] src.services.analytics_service WARNING  ALERTA HIGH: Eficiencia baja: 47.0%
[09:52:59] src.services.analytics_service WARNING  ALERTA MEDIUM: OEE bajo: 44.7%
[09:53:00] src.core.scanner_manager DEBUG    Verificando estado del escáner... (intervalo: 3s)
[09:53:00] src.core.scanner_manager DEBUG    test_connection() retornó: True
[09:53:00] src.core.scanner_manager DEBUG    Estado anterior: True, Estado actual: True
[09:53:00] src.core.scanner_manager DEBUG    Estado del escáner sin cambios: conectado
[09:53:03] src.core.scanner_manager DEBUG    Verificando estado del escáner... (intervalo: 3s)
[09:53:03] src.core.scanner_manager DEBUG    test_connection() retornó: True
[09:53:03] src.core.scanner_manager DEBUG    Estado anterior: True, Estado actual: True
[09:53:03] src.core.scanner_manager DEBUG    Estado del escáner sin cambios: conectado
[09:53:06] src.core.scanner_manager DEBUG    Verificando estado del escáner... (intervalo: 3s)
[09:53:06] src.core.scanner_manager DEBUG    test_connection() retornó: True
[09:53:06] src.core.scanner_manager DEBUG    Estado anterior: True, Estado actual: True
[09:53:06] src.core.scanner_manager DEBUG    Estado del escáner sin cambios: conectado
[09:53:09] src.core.scanner_manager DEBUG    Verificando estado del escáner... (intervalo: 3s)
[09:53:09] src.core.scanner_manager DEBUG    test_connection() retornó: True
[09:53:09] src.core.scanner_manager DEBUG    Estado anterior: True, Estado actual: True
[09:53:09] src.core.scanner_manager DEBUG    Estado del escáner sin cambios: conectado
[09:53:12] src.core.scanner_manager DEBUG    Verificando estado del escáner... (intervalo: 3s)
[09:53:12] src.core.scanner_manager DEBUG    test_connection() retornó: True
[09:53:12] src.core.scanner_manager DEBUG    Estado anterior: True, Estado actual: True
[09:53:12] src.core.scanner_manager DEBUG    Estado del escáner sin cambios: conectado
[09:53:15] src.core.scanner_manager DEBUG    Verificando estado del escáner... (intervalo: 3s)
[09:53:15] src.core.scanner_manager DEBUG    test_connection() retornó: True
[09:53:15] src.core.scanner_manager DEBUG    Estado anterior: True, Estado actual: True
[09:53:15] src.core.scanner_manager DEBUG    Estado del escáner sin cambios: conectado
[09:53:18] src.core.scanner_manager DEBUG    Verificando estado del escáner... (intervalo: 3s)
[09:53:18] src.core.scanner_manager DEBUG    test_connection() retornó: True
[09:53:18] src.core.scanner_manager DEBUG    Estado anterior: True, Estado actual: True
[09:53:18] src.core.scanner_manager DEBUG    Estado del escáner sin cambios: conectado
[09:53:21] src.core.scanner_manager DEBUG    Verificando estado del escáner... (intervalo: 3s)
[09:53:21] src.core.scanner_manager DEBUG    test_connection() retornó: True
[09:53:21] src.core.scanner_manager DEBUG    Estado anterior: True, Estado actual: True
[09:53:21] src.core.scanner_manager DEBUG    Estado del escáner sin cambios: conectado
[09:53:24] src.core.scanner_manager DEBUG    Verificando estado del escáner... (intervalo: 3s)
[09:53:24] src.core.scanner_manager DEBUG    test_connection() retornó: True
[09:53:24] src.core.scanner_manager DEBUG    Estado anterior: True, Estado actual: True
[09:53:24] src.core.scanner_manager DEBUG    Estado del escáner sin cambios: conectado
[09:53:27] src.core.scanner_manager DEBUG    Verificando estado del escáner... (intervalo: 3s)
[09:53:27] src.core.scanner_manager DEBUG    test_connection() retornó: True
[09:53:27] src.core.scanner_manager DEBUG    Estado anterior: True, Estado actual: True
[09:53:27] src.core.scanner_manager DEBUG    Estado del escáner sin cambios: conectado
[09:53:29] src.services.analytics_service DEBUG    Análisis completo realizado
[09:53:29] src.services.analytics_service WARNING  ALERTA HIGH: Eficiencia baja: 47.0%
[09:53:29] src.services.analytics_service WARNING  ALERTA MEDIUM: OEE bajo: 44.7%
[09:53:30] src.core.scanner_manager DEBUG    Verificando estado del escáner... (intervalo: 3s)
[09:53:30] src.core.scanner_manager DEBUG    test_connection() retornó: True
[09:53:30] src.core.scanner_manager DEBUG    Estado anterior: True, Estado actual: True
[09:53:30] src.core.scanner_manager DEBUG    Estado del escáner sin cambios: conectado
[09:53:33] src.core.scanner_manager DEBUG    Verificando estado del escáner... (intervalo: 3s)
[09:53:33] src.core.scanner_manager DEBUG    test_connection() retornó: True
[09:53:33] src.core.scanner_manager DEBUG    Estado anterior: True, Estado actual: True
[09:53:33] src.core.scanner_manager DEBUG    Estado del escáner sin cambios: conectado
[09:53:36] src.core.scanner_manager DEBUG    Verificando estado del escáner... (intervalo: 3s)
[09:53:36] src.core.scanner_manager DEBUG    test_connection() retornó: True
[09:53:36] src.core.scanner_manager DEBUG    Estado anterior: True, Estado actual: True
[09:53:36] src.core.scanner_manager DEBUG    Estado del escáner sin cambios: conectado
[09:53:39] src.core.scanner_manager DEBUG    Verificando estado del escáner... (intervalo: 3s)
[09:53:39] src.core.scanner_manager DEBUG    test_connection() retornó: True
[09:53:39] src.core.scanner_manager DEBUG    Estado anterior: True, Estado actual: True
[09:53:39] src.core.scanner_manager DEBUG    Estado del escáner sin cambios: conectado
[09:53:42] src.core.scanner_manager DEBUG    Verificando estado del escáner... (intervalo: 3s)
[09:53:42] src.core.scanner_manager DEBUG    test_connection() retornó: True
[09:53:42] src.core.scanner_manager DEBUG    Estado anterior: True, Estado actual: True
[09:53:42] src.core.scanner_manager DEBUG    Estado del escáner sin cambios: conectado
[09:53:45] src.core.scanner_manager DEBUG    Verificando estado del escáner... (intervalo: 3s)
[09:53:45] src.core.scanner_manager DEBUG    test_connection() retornó: True
[09:53:45] src.core.scanner_manager DEBUG    Estado anterior: True, Estado actual: True
[09:53:45] src.core.scanner_manager DEBUG    Estado del escáner sin cambios: conectado
[09:53:48] src.core.scanner_manager DEBUG    Verificando estado del escáner... (intervalo: 3s)
[09:53:48] src.core.scanner_manager DEBUG    test_connection() retornó: True
[09:53:48] src.core.scanner_manager DEBUG    Estado anterior: True, Estado actual: True
[09:53:48] src.core.scanner_manager DEBUG    Estado del escáner sin cambios: conectado
[09:53:51] src.core.scanner_manager DEBUG    Verificando estado del escáner... (intervalo: 3s)
[09:53:51] src.core.scanner_manager DEBUG    test_connection() retornó: True
[09:53:51] src.core.scanner_manager DEBUG    Estado anterior: True, Estado actual: True
[09:53:51] src.core.scanner_manager DEBUG    Estado del escáner sin cambios: conectado
[09:53:54] src.core.scanner_manager DEBUG    Verificando estado del escáner... (intervalo: 3s)
[09:53:54] src.core.scanner_manager DEBUG    test_connection() retornó: True
[09:53:54] src.core.scanner_manager DEBUG    Estado anterior: True, Estado actual: True
[09:53:54] src.core.scanner_manager DEBUG    Estado del escáner sin cambios: conectado
[09:53:57] src.core.scanner_manager DEBUG    Verificando estado del escáner... (intervalo: 3s)
[09:53:57] src.core.scanner_manager DEBUG    test_connection() retornó: True
[09:53:57] src.core.scanner_manager DEBUG    Estado anterior: True, Estado actual: True
[09:53:57] src.core.scanner_manager DEBUG    Estado del escáner sin cambios: conectado
[09:53:59] src.services.analytics_service DEBUG    Análisis completo realizado
[09:53:59] src.services.analytics_service WARNING  ALERTA HIGH: Eficiencia baja: 47.0%
[09:53:59] src.services.analytics_service WARNING  ALERTA MEDIUM: OEE bajo: 44.7%
[09:54:00] src.core.scanner_manager DEBUG    Verificando estado del escáner... (intervalo: 3s)
[09:54:00] src.core.scanner_manager DEBUG    test_connection() retornó: True
[09:54:00] src.core.scanner_manager DEBUG    Estado anterior: True, Estado actual: True
[09:54:00] src.core.scanner_manager DEBUG    Estado del escáner sin cambios: conectado
[09:54:03] src.core.scanner_manager DEBUG    Verificando estado del escáner... (intervalo: 3s)
[09:54:03] src.core.scanner_manager DEBUG    test_connection() retornó: True
[09:54:03] src.core.scanner_manager DEBUG    Estado anterior: True, Estado actual: True
[09:54:03] src.core.scanner_manager DEBUG    Estado del escáner sin cambios: conectado
[09:54:06] src.core.scanner_manager DEBUG    Verificando estado del escáner... (intervalo: 3s)
[09:54:06] src.core.scanner_manager DEBUG    test_connection() retornó: True
[09:54:06] src.core.scanner_manager DEBUG    Estado anterior: True, Estado actual: True
[09:54:06] src.core.scanner_manager DEBUG    Estado del escáner sin cambios: conectado
[09:54:09] src.core.scanner_manager DEBUG    Verificando estado del escáner... (intervalo: 3s)
[09:54:10] src.core.scanner_manager DEBUG    test_connection() retornó: True
[09:54:10] src.core.scanner_manager DEBUG    Estado anterior: True, Estado actual: True
[09:54:10] src.core.scanner_manager DEBUG    Estado del escáner sin cambios: conectado
[09:54:13] src.core.scanner_manager DEBUG    Verificando estado del escáner... (intervalo: 3s)
[09:54:13] src.core.scanner_manager DEBUG    test_connection() retornó: True
[09:54:13] src.core.scanner_manager DEBUG    Estado anterior: True, Estado actual: True
[09:54:13] src.core.scanner_manager DEBUG    Estado del escáner sin cambios: conectado
[09:54:16] src.core.scanner_manager DEBUG    Verificando estado del escáner... (intervalo: 3s)
[09:54:16] src.core.scanner_manager DEBUG    test_connection() retornó: True
[09:54:16] src.core.scanner_manager DEBUG    Estado anterior: True, Estado actual: True
[09:54:16] src.core.scanner_manager DEBUG    Estado del escáner sin cambios: conectado
[09:54:19] src.core.scanner_manager DEBUG    Verificando estado del escáner... (intervalo: 3s)
[09:54:19] src.core.scanner_manager DEBUG    test_connection() retornó: True
[09:54:19] src.core.scanner_manager DEBUG    Estado anterior: True, Estado actual: True
[09:54:19] src.core.scanner_manager DEBUG    Estado del escáner sin cambios: conectado
[09:54:22] src.core.scanner_manager DEBUG    Verificando estado del escáner... (intervalo: 3s)
[09:54:22] src.core.scanner_manager DEBUG    test_connection() retornó: True
[09:54:22] src.core.scanner_manager DEBUG    Estado anterior: True, Estado actual: True
[09:54:22] src.core.scanner_manager DEBUG    Estado del escáner sin cambios: conectado
[09:54:25] src.core.scanner_manager DEBUG    Verificando estado del escáner... (intervalo: 3s)
[09:54:25] src.core.scanner_manager DEBUG    test_connection() retornó: True
[09:54:25] src.core.scanner_manager DEBUG    Estado anterior: True, Estado actual: True
[09:54:25] src.core.scanner_manager DEBUG    Estado del escáner sin cambios: conectado
[09:54:28] src.core.scanner_manager DEBUG    Verificando estado del escáner... (intervalo: 3s)
[09:54:28] src.core.scanner_manager DEBUG    test_connection() retornó: True
[09:54:28] src.core.scanner_manager DEBUG    Estado anterior: True, Estado actual: True
[09:54:28] src.core.scanner_manager DEBUG    Estado del escáner sin cambios: conectado
[09:54:29] src.services.analytics_service DEBUG    Análisis completo realizado
[09:54:29] src.services.analytics_service WARNING  ALERTA HIGH: Eficiencia baja: 47.0%
[09:54:29] src.services.analytics_service WARNING  ALERTA MEDIUM: OEE bajo: 44.7%
[09:54:31] src.core.scanner_manager DEBUG    Verificando estado del escáner... (intervalo: 3s)
[09:54:31] src.core.scanner_manager DEBUG    test_connection() retornó: True
[09:54:31] src.core.scanner_manager DEBUG    Estado anterior: True, Estado actual: True
[09:54:31] src.core.scanner_manager DEBUG    Estado del escáner sin cambios: conectado
[09:54:34] src.core.scanner_manager DEBUG    Verificando estado del escáner... (intervalo: 3s)
[09:54:34] src.core.scanner_manager DEBUG    test_connection() retornó: True
[09:54:34] src.core.scanner_manager DEBUG    Estado anterior: True, Estado actual: True
[09:54:34] src.core.scanner_manager DEBUG    Estado del escáner sin cambios: conectado
[09:54:37] src.core.scanner_manager DEBUG    Verificando estado del escáner... (intervalo: 3s)
[09:54:37] src.core.scanner_manager DEBUG    test_connection() retornó: True
[09:54:37] src.core.scanner_manager DEBUG    Estado anterior: True, Estado actual: True
[09:54:37] src.core.scanner_manager DEBUG    Estado del escáner sin cambios: conectado
[09:54:40] src.core.scanner_manager DEBUG    Verificando estado del escáner... (intervalo: 3s)
[09:54:40] src.core.scanner_manager DEBUG    test_connection() retornó: True
[09:54:40] src.core.scanner_manager DEBUG    Estado anterior: True, Estado actual: True
[09:54:40] src.core.scanner_manager DEBUG    Estado del escáner sin cambios: conectado
[09:54:43] src.core.scanner_manager DEBUG    Verificando estado del escáner... (intervalo: 3s)
[09:54:43] src.core.scanner_manager DEBUG    test_connection() retornó: True
[09:54:43] src.core.scanner_manager DEBUG    Estado anterior: True, Estado actual: True
[09:54:43] src.core.scanner_manager DEBUG    Estado del escáner sin cambios: conectado
[09:54:46] src.core.scanner_manager DEBUG    Verificando estado del escáner... (intervalo: 3s)
[09:54:46] src.core.scanner_manager DEBUG    test_connection() retornó: True
[09:54:46] src.core.scanner_manager DEBUG    Estado anterior: True, Estado actual: True
[09:54:46] src.core.scanner_manager DEBUG    Estado del escáner sin cambios: conectado
[09:54:49] src.core.scanner_manager DEBUG    Verificando estado del escáner... (intervalo: 3s)
[09:54:49] src.core.scanner_manager DEBUG    test_connection() retornó: True
[09:54:49] src.core.scanner_manager DEBUG    Estado anterior: True, Estado actual: True
[09:54:49] src.core.scanner_manager DEBUG    Estado del escáner sin cambios: conectado
[09:54:52] src.core.scanner_manager DEBUG    Verificando estado del escáner... (intervalo: 3s)
[09:54:52] src.core.scanner_manager DEBUG    test_connection() retornó: True
[09:54:52] src.core.scanner_manager DEBUG    Estado anterior: True, Estado actual: True
[09:54:52] src.core.scanner_manager DEBUG    Estado del escáner sin cambios: conectado
[09:54:55] src.core.scanner_manager DEBUG    Verificando estado del escáner... (intervalo: 3s)
[09:54:55] src.core.scanner_manager DEBUG    test_connection() retornó: True
[09:54:55] src.core.scanner_manager DEBUG    Estado anterior: True, Estado actual: True
[09:54:55] src.core.scanner_manager DEBUG    Estado del escáner sin cambios: conectado
[09:54:58] src.core.scanner_manager DEBUG    Verificando estado del escáner... (intervalo: 3s)
[09:54:58] src.core.scanner_manager DEBUG    test_connection() retornó: True
[09:54:58] src.core.scanner_manager DEBUG    Estado anterior: True, Estado actual: True
[09:54:58] src.core.scanner_manager DEBUG    Estado del escáner sin cambios: conectado
[09:54:59] src.services.analytics_service DEBUG    Análisis completo realizado
[09:54:59] src.services.analytics_service WARNING  ALERTA HIGH: Eficiencia baja: 47.0%
[09:54:59] src.services.analytics_service WARNING  ALERTA MEDIUM: OEE bajo: 44.7%
[09:55:01] src.core.scanner_manager DEBUG    Verificando estado del escáner... (intervalo: 3s)
[09:55:01] src.core.scanner_manager DEBUG    test_connection() retornó: True
[09:55:01] src.core.scanner_manager DEBUG    Estado anterior: True, Estado actual: True
[09:55:01] src.core.scanner_manager DEBUG    Estado del escáner sin cambios: conectado
[09:55:04] src.core.scanner_manager DEBUG    Verificando estado del escáner... (intervalo: 3s)
[09:55:04] src.core.scanner_manager DEBUG    test_connection() retornó: True
[09:55:04] src.core.scanner_manager DEBUG    Estado anterior: True, Estado actual: True
[09:55:04] src.core.scanner_manager DEBUG    Estado del escáner sin cambios: conectado
[09:55:07] src.core.scanner_manager DEBUG    Verificando estado del escáner... (intervalo: 3s)
[09:55:07] src.core.scanner_manager DEBUG    test_connection() retornó: True
[09:55:07] src.core.scanner_manager DEBUG    Estado anterior: True, Estado actual: True
[09:55:07] src.core.scanner_manager DEBUG    Estado del escáner sin cambios: conectado
[09:55:10] src.core.scanner_manager DEBUG    Verificando estado del escáner... (intervalo: 3s)
[09:55:10] src.core.scanner_manager DEBUG    test_connection() retornó: True
[09:55:10] src.core.scanner_manager DEBUG    Estado anterior: True, Estado actual: True
[09:55:10] src.core.scanner_manager DEBUG    Estado del escáner sin cambios: conectado
[09:55:13] src.core.scanner_manager DEBUG    Verificando estado del escáner... (intervalo: 3s)
[09:55:13] src.core.scanner_manager DEBUG    test_connection() retornó: True
[09:55:13] src.core.scanner_manager DEBUG    Estado anterior: True, Estado actual: True
[09:55:13] src.core.scanner_manager DEBUG    Estado del escáner sin cambios: conectado
[09:55:16] src.core.scanner_manager DEBUG    Verificando estado del escáner... (intervalo: 3s)
[09:55:16] src.core.scanner_manager DEBUG    test_connection() retornó: True
[09:55:16] src.core.scanner_manager DEBUG    Estado anterior: True, Estado actual: True
[09:55:16] src.core.scanner_manager DEBUG    Estado del escáner sin cambios: conectado
[09:55:19] src.core.scanner_manager DEBUG    Verificando estado del escáner... (intervalo: 3s)
[09:55:19] src.core.scanner_manager DEBUG    test_connection() retornó: True
[09:55:19] src.core.scanner_manager DEBUG    Estado anterior: True, Estado actual: True
[09:55:19] src.core.scanner_manager DEBUG    Estado del escáner sin cambios: conectado
[09:55:22] src.core.scanner_manager DEBUG    Verificando estado del escáner... (intervalo: 3s)
[09:55:22] src.core.scanner_manager DEBUG    test_connection() retornó: True
[09:55:22] src.core.scanner_manager DEBUG    Estado anterior: True, Estado actual: True
[09:55:22] src.core.scanner_manager DEBUG    Estado del escáner sin cambios: conectado
[09:55:25] src.core.scanner_manager DEBUG    Verificando estado del escáner... (intervalo: 3s)
[09:55:25] src.core.scanner_manager DEBUG    test_connection() retornó: True
[09:55:25] src.core.scanner_manager DEBUG    Estado anterior: True, Estado actual: True
[09:55:25] src.core.scanner_manager DEBUG    Estado del escáner sin cambios: conectado
[09:55:28] src.core.scanner_manager DEBUG    Verificando estado del escáner... (intervalo: 3s)
[09:55:28] src.core.scanner_manager DEBUG    test_connection() retornó: True
[09:55:28] src.core.scanner_manager DEBUG    Estado anterior: True, Estado actual: True
[09:55:28] src.core.scanner_manager DEBUG    Estado del escáner sin cambios: conectado
[09:55:29] src.services.analytics_service DEBUG    Análisis completo realizado
[09:55:29] src.services.analytics_service WARNING  ALERTA HIGH: Eficiencia baja: 47.0%
[09:55:29] src.services.analytics_service WARNING  ALERTA MEDIUM: OEE bajo: 44.7%
[09:55:31] src.core.scanner_manager DEBUG    Verificando estado del escáner... (intervalo: 3s)
[09:55:31] src.core.scanner_manager DEBUG    test_connection() retornó: True
[09:55:31] src.core.scanner_manager DEBUG    Estado anterior: True, Estado actual: True
[09:55:31] src.core.scanner_manager DEBUG    Estado del escáner sin cambios: conectado
[09:55:34] src.core.scanner_manager DEBUG    Verificando estado del escáner... (intervalo: 3s)
[09:55:34] src.core.scanner_manager DEBUG    test_connection() retornó: True
[09:55:34] src.core.scanner_manager DEBUG    Estado anterior: True, Estado actual: True
[09:55:34] src.core.scanner_manager DEBUG    Estado del escáner sin cambios: conectado
[09:55:37] src.core.scanner_manager DEBUG    Verificando estado del escáner... (intervalo: 3s)
[09:55:37] src.core.scanner_manager DEBUG    test_connection() retornó: True
[09:55:37] src.core.scanner_manager DEBUG    Estado anterior: True, Estado actual: True
[09:55:37] src.core.scanner_manager DEBUG    Estado del escáner sin cambios: conectado
[09:55:40] src.core.scanner_manager DEBUG    Verificando estado del escáner... (intervalo: 3s)
[09:55:40] src.core.scanner_manager DEBUG    test_connection() retornó: True
[09:55:40] src.core.scanner_manager DEBUG    Estado anterior: True, Estado actual: True
[09:55:40] src.core.scanner_manager DEBUG    Estado del escáner sin cambios: conectado
[09:55:43] src.core.scanner_manager DEBUG    Verificando estado del escáner... (intervalo: 3s)
[09:55:43] src.core.scanner_manager DEBUG    test_connection() retornó: True
[09:55:43] src.core.scanner_manager DEBUG    Estado anterior: True, Estado actual: True
[09:55:43] src.core.scanner_manager DEBUG    Estado del escáner sin cambios: conectado
[09:55:46] src.core.scanner_manager DEBUG    Verificando estado del escáner... (intervalo: 3s)
[09:55:46] src.core.scanner_manager DEBUG    test_connection() retornó: True
[09:55:46] src.core.scanner_manager DEBUG    Estado anterior: True, Estado actual: True
[09:55:46] src.core.scanner_manager DEBUG    Estado del escáner sin cambios: conectado
[09:55:49] src.core.scanner_manager DEBUG    Verificando estado del escáner... (intervalo: 3s)
[09:55:49] src.core.scanner_manager DEBUG    test_connection() retornó: True
[09:55:49] src.core.scanner_manager DEBUG    Estado anterior: True, Estado actual: True
[09:55:49] src.core.scanner_manager DEBUG    Estado del escáner sin cambios: conectado
[09:55:52] src.core.scanner_manager DEBUG    Verificando estado del escáner... (intervalo: 3s)
[09:55:52] src.core.scanner_manager DEBUG    test_connection() retornó: True
[09:55:52] src.core.scanner_manager DEBUG    Estado anterior: True, Estado actual: True
[09:55:52] src.core.scanner_manager DEBUG    Estado del escáner sin cambios: conectado
[09:55:55] src.core.scanner_manager DEBUG    Verificando estado del escáner... (intervalo: 3s)
[09:55:55] src.core.scanner_manager DEBUG    test_connection() retornó: True
[09:55:55] src.core.scanner_manager DEBUG    Estado anterior: True, Estado actual: True
[09:55:55] src.core.scanner_manager DEBUG    Estado del escáner sin cambios: conectado
[09:55:58] src.core.scanner_manager DEBUG    Verificando estado del escáner... (intervalo: 3s)
[09:55:58] src.core.scanner_manager DEBUG    test_connection() retornó: True
[09:55:58] src.core.scanner_manager DEBUG    Estado anterior: True, Estado actual: True
[09:55:58] src.core.scanner_manager DEBUG    Estado del escáner sin cambios: conectado
[09:55:59] src.services.analytics_service DEBUG    Análisis completo realizado
[09:55:59] src.services.analytics_service WARNING  ALERTA HIGH: Eficiencia baja: 47.0%
[09:55:59] src.services.analytics_service WARNING  ALERTA MEDIUM: OEE bajo: 44.7%
[09:56:01] src.core.scanner_manager DEBUG    Verificando estado del escáner... (intervalo: 3s)
[09:56:01] src.core.scanner_manager DEBUG    test_connection() retornó: True
[09:56:01] src.core.scanner_manager DEBUG    Estado anterior: True, Estado actual: True
[09:56:01] src.core.scanner_manager DEBUG    Estado del escáner sin cambios: conectado
[09:56:04] src.core.scanner_manager DEBUG    Verificando estado del escáner... (intervalo: 3s)
[09:56:04] src.core.scanner_manager DEBUG    test_connection() retornó: True
[09:56:04] src.core.scanner_manager DEBUG    Estado anterior: True, Estado actual: True
[09:56:04] src.core.scanner_manager DEBUG    Estado del escáner sin cambios: conectado
[09:56:07] src.core.scanner_manager DEBUG    Verificando estado del escáner... (intervalo: 3s)
[09:56:07] src.core.scanner_manager DEBUG    test_connection() retornó: True
[09:56:07] src.core.scanner_manager DEBUG    Estado anterior: True, Estado actual: True
[09:56:07] src.core.scanner_manager DEBUG    Estado del escáner sin cambios: conectado
[09:56:10] src.core.scanner_manager DEBUG    Verificando estado del escáner... (intervalo: 3s)
[09:56:10] src.core.scanner_manager DEBUG    test_connection() retornó: True
[09:56:10] src.core.scanner_manager DEBUG    Estado anterior: True, Estado actual: True
[09:56:10] src.core.scanner_manager DEBUG    Estado del escáner sin cambios: conectado
[09:56:13] src.core.scanner_manager DEBUG    Verificando estado del escáner... (intervalo: 3s)
[09:56:13] src.core.scanner_manager DEBUG    test_connection() retornó: True
[09:56:13] src.core.scanner_manager DEBUG    Estado anterior: True, Estado actual: True
[09:56:13] src.core.scanner_manager DEBUG    Estado del escáner sin cambios: conectado
[09:56:16] src.core.scanner_manager DEBUG    Verificando estado del escáner... (intervalo: 3s)
[09:56:16] src.core.scanner_manager DEBUG    test_connection() retornó: True
[09:56:16] src.core.scanner_manager DEBUG    Estado anterior: True, Estado actual: True
[09:56:16] src.core.scanner_manager DEBUG    Estado del escáner sin cambios: conectado
[09:56:19] src.core.scanner_manager DEBUG    Verificando estado del escáner... (intervalo: 3s)
[09:56:19] src.core.scanner_manager DEBUG    test_connection() retornó: True
[09:56:19] src.core.scanner_manager DEBUG    Estado anterior: True, Estado actual: True
[09:56:19] src.core.scanner_manager DEBUG    Estado del escáner sin cambios: conectado
[09:56:22] src.core.scanner_manager DEBUG    Verificando estado del escáner... (intervalo: 3s)
[09:56:22] src.core.scanner_manager DEBUG    test_connection() retornó: True
[09:56:22] src.core.scanner_manager DEBUG    Estado anterior: True, Estado actual: True
[09:56:22] src.core.scanner_manager DEBUG    Estado del escáner sin cambios: conectado
[09:56:25] src.core.scanner_manager DEBUG    Verificando estado del escáner... (intervalo: 3s)
[09:56:25] src.core.scanner_manager DEBUG    test_connection() retornó: True
[09:56:25] src.core.scanner_manager DEBUG    Estado anterior: True, Estado actual: True
[09:56:25] src.core.scanner_manager DEBUG    Estado del escáner sin cambios: conectado
[09:56:28] src.core.scanner_manager DEBUG    Verificando estado del escáner... (intervalo: 3s)
[09:56:28] src.core.scanner_manager DEBUG    test_connection() retornó: True
[09:56:28] src.core.scanner_manager DEBUG    Estado anterior: True, Estado actual: True
[09:56:28] src.core.scanner_manager DEBUG    Estado del escáner sin cambios: conectado
[09:56:29] src.services.analytics_service DEBUG    Análisis completo realizado
[09:56:29] src.services.analytics_service WARNING  ALERTA HIGH: Eficiencia baja: 47.0%
[09:56:29] src.services.analytics_service WARNING  ALERTA MEDIUM: OEE bajo: 44.7%
[09:56:31] src.core.scanner_manager DEBUG    Verificando estado del escáner... (intervalo: 3s)
[09:56:31] src.core.scanner_manager DEBUG    test_connection() retornó: True
[09:56:31] src.core.scanner_manager DEBUG    Estado anterior: True, Estado actual: True
[09:56:31] src.core.scanner_manager DEBUG    Estado del escáner sin cambios: conectado
[09:56:34] src.core.scanner_manager DEBUG    Verificando estado del escáner... (intervalo: 3s)
[09:56:34] src.core.scanner_manager DEBUG    test_connection() retornó: True
[09:56:34] src.core.scanner_manager DEBUG    Estado anterior: True, Estado actual: True
[09:56:34] src.core.scanner_manager DEBUG    Estado del escáner sin cambios: conectado
[09:56:37] src.core.scanner_manager DEBUG    Verificando estado del escáner... (intervalo: 3s)
[09:56:37] src.core.scanner_manager DEBUG    test_connection() retornó: True
[09:56:37] src.core.scanner_manager DEBUG    Estado anterior: True, Estado actual: True
[09:56:37] src.core.scanner_manager DEBUG    Estado del escáner sin cambios: conectado
[09:56:40] src.core.scanner_manager DEBUG    Verificando estado del escáner... (intervalo: 3s)
[09:56:40] src.core.scanner_manager DEBUG    test_connection() retornó: True
[09:56:40] src.core.scanner_manager DEBUG    Estado anterior: True, Estado actual: True
[09:56:40] src.core.scanner_manager DEBUG    Estado del escáner sin cambios: conectado
[09:56:43] src.core.scanner_manager DEBUG    Verificando estado del escáner... (intervalo: 3s)
[09:56:43] src.core.scanner_manager DEBUG    test_connection() retornó: True
[09:56:43] src.core.scanner_manager DEBUG    Estado anterior: True, Estado actual: True
[09:56:43] src.core.scanner_manager DEBUG    Estado del escáner sin cambios: conectado
[09:56:46] src.core.scanner_manager DEBUG    Verificando estado del escáner... (intervalo: 3s)
[09:56:46] src.core.scanner_manager DEBUG    test_connection() retornó: True
[09:56:46] src.core.scanner_manager DEBUG    Estado anterior: True, Estado actual: True
[09:56:46] src.core.scanner_manager DEBUG    Estado del escáner sin cambios: conectado
[09:56:49] src.core.scanner_manager DEBUG    Verificando estado del escáner... (intervalo: 3s)
[09:56:49] src.core.scanner_manager DEBUG    test_connection() retornó: True
[09:56:49] src.core.scanner_manager DEBUG    Estado anterior: True, Estado actual: True
[09:56:49] src.core.scanner_manager DEBUG    Estado del escáner sin cambios: conectado
[09:56:52] src.core.scanner_manager DEBUG    Verificando estado del escáner... (intervalo: 3s)
[09:56:52] src.core.scanner_manager DEBUG    test_connection() retornó: True
[09:56:52] src.core.scanner_manager DEBUG    Estado anterior: True, Estado actual: True
[09:56:52] src.core.scanner_manager DEBUG    Estado del escáner sin cambios: conectado
[09:56:55] src.core.scanner_manager DEBUG    Verificando estado del escáner... (intervalo: 3s)
[09:56:55] src.core.scanner_manager DEBUG    test_connection() retornó: True
[09:56:55] src.core.scanner_manager DEBUG    Estado anterior: True, Estado actual: True
[09:56:55] src.core.scanner_manager DEBUG    Estado del escáner sin cambios: conectado
[09:56:58] src.core.scanner_manager DEBUG    Verificando estado del escáner... (intervalo: 3s)
[09:56:58] src.core.scanner_manager DEBUG    test_connection() retornó: True
[09:56:58] src.core.scanner_manager DEBUG    Estado anterior: True, Estado actual: True
[09:56:58] src.core.scanner_manager DEBUG    Estado del escáner sin cambios: conectado
[09:56:59] src.services.analytics_service DEBUG    Análisis completo realizado
[09:56:59] src.services.analytics_service WARNING  ALERTA HIGH: Eficiencia baja: 47.0%
[09:56:59] src.services.analytics_service WARNING  ALERTA MEDIUM: OEE bajo: 44.7%
[09:57:01] src.core.scanner_manager DEBUG    Verificando estado del escáner... (intervalo: 3s)
[09:57:01] src.core.scanner_manager DEBUG    test_connection() retornó: True
[09:57:01] src.core.scanner_manager DEBUG    Estado anterior: True, Estado actual: True
[09:57:01] src.core.scanner_manager DEBUG    Estado del escáner sin cambios: conectado
[09:57:04] src.core.scanner_manager DEBUG    Verificando estado del escáner... (intervalo: 3s)
[09:57:04] src.core.scanner_manager DEBUG    test_connection() retornó: True
[09:57:04] src.core.scanner_manager DEBUG    Estado anterior: True, Estado actual: True
[09:57:04] src.core.scanner_manager DEBUG    Estado del escáner sin cambios: conectado
[09:57:07] src.core.scanner_manager DEBUG    Verificando estado del escáner... (intervalo: 3s)
[09:57:07] src.core.scanner_manager DEBUG    test_connection() retornó: True
[09:57:07] src.core.scanner_manager DEBUG    Estado anterior: True, Estado actual: True
[09:57:07] src.core.scanner_manager DEBUG    Estado del escáner sin cambios: conectado
[09:57:10] src.core.scanner_manager DEBUG    Verificando estado del escáner... (intervalo: 3s)
[09:57:10] src.core.scanner_manager DEBUG    test_connection() retornó: True
[09:57:10] src.core.scanner_manager DEBUG    Estado anterior: True, Estado actual: True
[09:57:10] src.core.scanner_manager DEBUG    Estado del escáner sin cambios: conectado
[09:57:13] src.core.scanner_manager DEBUG    Verificando estado del escáner... (intervalo: 3s)
[09:57:13] src.core.scanner_manager DEBUG    test_connection() retornó: True
[09:57:13] src.core.scanner_manager DEBUG    Estado anterior: True, Estado actual: True
[09:57:13] src.core.scanner_manager DEBUG    Estado del escáner sin cambios: conectado
[09:57:16] src.core.scanner_manager DEBUG    Verificando estado del escáner... (intervalo: 3s)
[09:57:16] src.core.scanner_manager DEBUG    test_connection() retornó: True
[09:57:16] src.core.scanner_manager DEBUG    Estado anterior: True, Estado actual: True
[09:57:16] src.core.scanner_manager DEBUG    Estado del escáner sin cambios: conectado
[09:57:19] src.core.scanner_manager DEBUG    Verificando estado del escáner... (intervalo: 3s)
[09:57:19] src.core.scanner_manager DEBUG    test_connection() retornó: True
[09:57:19] src.core.scanner_manager DEBUG    Estado anterior: True, Estado actual: True
[09:57:19] src.core.scanner_manager DEBUG    Estado del escáner sin cambios: conectado
[09:57:22] src.core.scanner_manager DEBUG    Verificando estado del escáner... (intervalo: 3s)
[09:57:22] src.core.scanner_manager DEBUG    test_connection() retornó: True
[09:57:22] src.core.scanner_manager DEBUG    Estado anterior: True, Estado actual: True
[09:57:22] src.core.scanner_manager DEBUG    Estado del escáner sin cambios: conectado
[09:57:25] src.core.scanner_manager DEBUG    Verificando estado del escáner... (intervalo: 3s)
[09:57:25] src.core.scanner_manager DEBUG    test_connection() retornó: True
[09:57:25] src.core.scanner_manager DEBUG    Estado anterior: True, Estado actual: True
[09:57:25] src.core.scanner_manager DEBUG    Estado del escáner sin cambios: conectado
[09:57:28] src.core.scanner_manager DEBUG    Verificando estado del escáner... (intervalo: 3s)
[09:57:28] src.core.scanner_manager DEBUG    test_connection() retornó: True
[09:57:28] src.core.scanner_manager DEBUG    Estado anterior: True, Estado actual: True
[09:57:28] src.core.scanner_manager DEBUG    Estado del escáner sin cambios: conectado
[09:57:29] src.services.analytics_service DEBUG    Análisis completo realizado
[09:57:29] src.services.analytics_service WARNING  ALERTA HIGH: Eficiencia baja: 47.0%
[09:57:29] src.services.analytics_service WARNING  ALERTA MEDIUM: OEE bajo: 44.7%
[09:57:31] src.core.scanner_manager DEBUG    Verificando estado del escáner... (intervalo: 3s)
[09:57:31] src.core.scanner_manager DEBUG    test_connection() retornó: True
[09:57:31] src.core.scanner_manager DEBUG    Estado anterior: True, Estado actual: True
[09:57:31] src.core.scanner_manager DEBUG    Estado del escáner sin cambios: conectado
[09:57:34] src.core.scanner_manager DEBUG    Verificando estado del escáner... (intervalo: 3s)
[09:57:34] src.core.scanner_manager DEBUG    test_connection() retornó: True
[09:57:34] src.core.scanner_manager DEBUG    Estado anterior: True, Estado actual: True
[09:57:34] src.core.scanner_manager DEBUG    Estado del escáner sin cambios: conectado
[09:57:37] src.core.scanner_manager DEBUG    Verificando estado del escáner... (intervalo: 3s)
[09:57:37] src.core.scanner_manager DEBUG    test_connection() retornó: True
[09:57:37] src.core.scanner_manager DEBUG    Estado anterior: True, Estado actual: True
[09:57:37] src.core.scanner_manager DEBUG    Estado del escáner sin cambios: conectado
[09:57:40] src.core.scanner_manager DEBUG    Verificando estado del escáner... (intervalo: 3s)
[09:57:40] src.core.scanner_manager DEBUG    test_connection() retornó: True
[09:57:40] src.core.scanner_manager DEBUG    Estado anterior: True, Estado actual: True
[09:57:40] src.core.scanner_manager DEBUG    Estado del escáner sin cambios: conectado
[09:57:43] src.core.scanner_manager DEBUG    Verificando estado del escáner... (intervalo: 3s)
[09:57:43] src.core.scanner_manager DEBUG    test_connection() retornó: True
[09:57:43] src.core.scanner_manager DEBUG    Estado anterior: True, Estado actual: True
[09:57:43] src.core.scanner_manager DEBUG    Estado del escáner sin cambios: conectado
[09:57:46] src.core.scanner_manager DEBUG    Verificando estado del escáner... (intervalo: 3s)
[09:57:46] src.core.scanner_manager DEBUG    test_connection() retornó: True
[09:57:46] src.core.scanner_manager DEBUG    Estado anterior: True, Estado actual: True
[09:57:46] src.core.scanner_manager DEBUG    Estado del escáner sin cambios: conectado
[09:57:49] src.core.scanner_manager DEBUG    Verificando estado del escáner... (intervalo: 3s)
[09:57:49] src.core.scanner_manager DEBUG    test_connection() retornó: True
[09:57:49] src.core.scanner_manager DEBUG    Estado anterior: True, Estado actual: True
[09:57:49] src.core.scanner_manager DEBUG    Estado del escáner sin cambios: conectado
[09:57:52] src.core.scanner_manager DEBUG    Verificando estado del escáner... (intervalo: 3s)
[09:57:52] src.core.scanner_manager DEBUG    test_connection() retornó: True
[09:57:52] src.core.scanner_manager DEBUG    Estado anterior: True, Estado actual: True
[09:57:52] src.core.scanner_manager DEBUG    Estado del escáner sin cambios: conectado
[09:57:55] src.core.scanner_manager DEBUG    Verificando estado del escáner... (intervalo: 3s)
[09:57:55] src.core.scanner_manager DEBUG    test_connection() retornó: True
[09:57:55] src.core.scanner_manager DEBUG    Estado anterior: True, Estado actual: True
[09:57:55] src.core.scanner_manager DEBUG    Estado del escáner sin cambios: conectado
[09:57:58] src.core.scanner_manager DEBUG    Verificando estado del escáner... (intervalo: 3s)
[09:57:58] src.core.scanner_manager DEBUG    test_connection() retornó: True
[09:57:58] src.core.scanner_manager DEBUG    Estado anterior: True, Estado actual: True
[09:57:58] src.core.scanner_manager DEBUG    Estado del escáner sin cambios: conectado
[09:57:59] src.services.analytics_service DEBUG    Análisis completo realizado
[09:57:59] src.services.analytics_service WARNING  ALERTA HIGH: Eficiencia baja: 47.0%
[09:57:59] src.services.analytics_service WARNING  ALERTA MEDIUM: OEE bajo: 44.7%
[09:58:01] src.core.scanner_manager DEBUG    Verificando estado del escáner... (intervalo: 3s)
[09:58:01] src.core.scanner_manager DEBUG    test_connection() retornó: True
[09:58:01] src.core.scanner_manager DEBUG    Estado anterior: True, Estado actual: True
[09:58:01] src.core.scanner_manager DEBUG    Estado del escáner sin cambios: conectado
[09:58:04] src.core.scanner_manager DEBUG    Verificando estado del escáner... (intervalo: 3s)
[09:58:04] src.core.scanner_manager DEBUG    test_connection() retornó: True
[09:58:04] src.core.scanner_manager DEBUG    Estado anterior: True, Estado actual: True
[09:58:04] src.core.scanner_manager DEBUG    Estado del escáner sin cambios: conectado
[09:58:07] src.core.scanner_manager DEBUG    Verificando estado del escáner... (intervalo: 3s)
[09:58:07] src.core.scanner_manager DEBUG    test_connection() retornó: True
[09:58:07] src.core.scanner_manager DEBUG    Estado anterior: True, Estado actual: True
[09:58:07] src.core.scanner_manager DEBUG    Estado del escáner sin cambios: conectado
[09:58:10] src.core.scanner_manager DEBUG    Verificando estado del escáner... (intervalo: 3s)
[09:58:10] src.core.scanner_manager DEBUG    test_connection() retornó: True
[09:58:10] src.core.scanner_manager DEBUG    Estado anterior: True, Estado actual: True
[09:58:10] src.core.scanner_manager DEBUG    Estado del escáner sin cambios: conectado
[09:58:13] src.core.scanner_manager DEBUG    Verificando estado del escáner... (intervalo: 3s)
[09:58:13] src.core.scanner_manager DEBUG    test_connection() retornó: True
[09:58:13] src.core.scanner_manager DEBUG    Estado anterior: True, Estado actual: True
[09:58:13] src.core.scanner_manager DEBUG    Estado del escáner sin cambios: conectado
[09:58:16] src.core.scanner_manager DEBUG    Verificando estado del escáner... (intervalo: 3s)
[09:58:16] src.core.scanner_manager DEBUG    test_connection() retornó: True
[09:58:16] src.core.scanner_manager DEBUG    Estado anterior: True, Estado actual: True
[09:58:16] src.core.scanner_manager DEBUG    Estado del escáner sin cambios: conectado
[09:58:19] src.core.scanner_manager DEBUG    Verificando estado del escáner... (intervalo: 3s)
[09:58:19] src.core.scanner_manager DEBUG    test_connection() retornó: True
[09:58:19] src.core.scanner_manager DEBUG    Estado anterior: True, Estado actual: True
[09:58:19] src.core.scanner_manager DEBUG    Estado del escáner sin cambios: conectado
[09:58:22] src.core.scanner_manager DEBUG    Verificando estado del escáner... (intervalo: 3s)
[09:58:22] src.core.scanner_manager DEBUG    test_connection() retornó: True
[09:58:22] src.core.scanner_manager DEBUG    Estado anterior: True, Estado actual: True
[09:58:22] src.core.scanner_manager DEBUG    Estado del escáner sin cambios: conectado
[09:58:25] src.core.scanner_manager DEBUG    Verificando estado del escáner... (intervalo: 3s)
[09:58:25] src.core.scanner_manager DEBUG    test_connection() retornó: True
[09:58:25] src.core.scanner_manager DEBUG    Estado anterior: True, Estado actual: True
[09:58:25] src.core.scanner_manager DEBUG    Estado del escáner sin cambios: conectado
[09:58:28] src.core.scanner_manager DEBUG    Verificando estado del escáner... (intervalo: 3s)
[09:58:28] src.core.scanner_manager DEBUG    test_connection() retornó: True
[09:58:28] src.core.scanner_manager DEBUG    Estado anterior: True, Estado actual: True
[09:58:28] src.core.scanner_manager DEBUG    Estado del escáner sin cambios: conectado
[09:58:29] src.services.analytics_service DEBUG    Análisis completo realizado
[09:58:29] src.services.analytics_service WARNING  ALERTA HIGH: Eficiencia baja: 47.0%
[09:58:29] src.services.analytics_service WARNING  ALERTA MEDIUM: OEE bajo: 44.7%
[09:58:31] src.core.scanner_manager DEBUG    Verificando estado del escáner... (intervalo: 3s)
[09:58:31] src.core.scanner_manager DEBUG    test_connection() retornó: True
[09:58:31] src.core.scanner_manager DEBUG    Estado anterior: True, Estado actual: True
[09:58:31] src.core.scanner_manager DEBUG    Estado del escáner sin cambios: conectado
[09:58:34] src.core.scanner_manager DEBUG    Verificando estado del escáner... (intervalo: 3s)
[09:58:34] src.core.scanner_manager DEBUG    test_connection() retornó: True
[09:58:34] src.core.scanner_manager DEBUG    Estado anterior: True, Estado actual: True
[09:58:34] src.core.scanner_manager DEBUG    Estado del escáner sin cambios: conectado
[09:58:37] src.core.scanner_manager DEBUG    Verificando estado del escáner... (intervalo: 3s)
[09:58:37] src.core.scanner_manager DEBUG    test_connection() retornó: True
[09:58:37] src.core.scanner_manager DEBUG    Estado anterior: True, Estado actual: True
[09:58:37] src.core.scanner_manager DEBUG    Estado del escáner sin cambios: conectado
[09:58:40] src.core.scanner_manager DEBUG    Verificando estado del escáner... (intervalo: 3s)
[09:58:40] src.core.scanner_manager DEBUG    test_connection() retornó: True
[09:58:40] src.core.scanner_manager DEBUG    Estado anterior: True, Estado actual: True
[09:58:40] src.core.scanner_manager DEBUG    Estado del escáner sin cambios: conectado
[09:58:43] src.core.scanner_manager DEBUG    Verificando estado del escáner... (intervalo: 3s)
[09:58:43] src.core.scanner_manager DEBUG    test_connection() retornó: True
[09:58:43] src.core.scanner_manager DEBUG    Estado anterior: True, Estado actual: True
[09:58:43] src.core.scanner_manager DEBUG    Estado del escáner sin cambios: conectado
[09:58:46] src.core.scanner_manager DEBUG    Verificando estado del escáner... (intervalo: 3s)
[09:58:46] src.core.scanner_manager DEBUG    test_connection() retornó: True
[09:58:46] src.core.scanner_manager DEBUG    Estado anterior: True, Estado actual: True
[09:58:46] src.core.scanner_manager DEBUG    Estado del escáner sin cambios: conectado
[09:58:49] src.core.scanner_manager DEBUG    Verificando estado del escáner... (intervalo: 3s)
[09:58:49] src.core.scanner_manager DEBUG    test_connection() retornó: True
[09:58:49] src.core.scanner_manager DEBUG    Estado anterior: True, Estado actual: True
[09:58:49] src.core.scanner_manager DEBUG    Estado del escáner sin cambios: conectado
[09:58:52] src.core.scanner_manager DEBUG    Verificando estado del escáner... (intervalo: 3s)
[09:58:52] src.core.scanner_manager DEBUG    test_connection() retornó: True
[09:58:52] src.core.scanner_manager DEBUG    Estado anterior: True, Estado actual: True
[09:58:52] src.core.scanner_manager DEBUG    Estado del escáner sin cambios: conectado
[09:58:55] src.core.scanner_manager DEBUG    Verificando estado del escáner... (intervalo: 3s)
[09:58:55] src.core.scanner_manager DEBUG    test_connection() retornó: True
[09:58:55] src.core.scanner_manager DEBUG    Estado anterior: True, Estado actual: True
[09:58:55] src.core.scanner_manager DEBUG    Estado del escáner sin cambios: conectado
[09:58:58] src.core.scanner_manager DEBUG    Verificando estado del escáner... (intervalo: 3s)
[09:58:58] src.core.scanner_manager DEBUG    test_connection() retornó: True
[09:58:58] src.core.scanner_manager DEBUG    Estado anterior: True, Estado actual: True
[09:58:58] src.core.scanner_manager DEBUG    Estado del escáner sin cambios: conectado
[09:58:59] src.services.analytics_service DEBUG    Análisis completo realizado
[09:58:59] src.services.analytics_service WARNING  ALERTA HIGH: Eficiencia baja: 47.0%
[09:58:59] src.services.analytics_service WARNING  ALERTA MEDIUM: OEE bajo: 44.7%
[09:59:01] src.core.scanner_manager DEBUG    Verificando estado del escáner... (intervalo: 3s)
[09:59:01] src.core.scanner_manager DEBUG    test_connection() retornó: True
[09:59:01] src.core.scanner_manager DEBUG    Estado anterior: True, Estado actual: True
[09:59:01] src.core.scanner_manager DEBUG    Estado del escáner sin cambios: conectado
[09:59:04] src.core.scanner_manager DEBUG    Verificando estado del escáner... (intervalo: 3s)
[09:59:04] src.core.scanner_manager DEBUG    test_connection() retornó: True
[09:59:04] src.core.scanner_manager DEBUG    Estado anterior: True, Estado actual: True
[09:59:04] src.core.scanner_manager DEBUG    Estado del escáner sin cambios: conectado
[09:59:07] src.core.scanner_manager DEBUG    Verificando estado del escáner... (intervalo: 3s)
[09:59:07] src.core.scanner_manager DEBUG    test_connection() retornó: True
[09:59:07] src.core.scanner_manager DEBUG    Estado anterior: True, Estado actual: True
[09:59:07] src.core.scanner_manager DEBUG    Estado del escáner sin cambios: conectado
[09:59:10] src.core.scanner_manager DEBUG    Verificando estado del escáner... (intervalo: 3s)
[09:59:10] src.core.scanner_manager DEBUG    test_connection() retornó: True
[09:59:10] src.core.scanner_manager DEBUG    Estado anterior: True, Estado actual: True
[09:59:10] src.core.scanner_manager DEBUG    Estado del escáner sin cambios: conectado
[09:59:13] src.core.scanner_manager DEBUG    Verificando estado del escáner... (intervalo: 3s)
[09:59:13] src.core.scanner_manager DEBUG    test_connection() retornó: True
[09:59:13] src.core.scanner_manager DEBUG    Estado anterior: True, Estado actual: True
[09:59:13] src.core.scanner_manager DEBUG    Estado del escáner sin cambios: conectado
[09:59:16] src.core.scanner_manager DEBUG    Verificando estado del escáner... (intervalo: 3s)
[09:59:16] src.core.scanner_manager DEBUG    test_connection() retornó: True
[09:59:16] src.core.scanner_manager DEBUG    Estado anterior: True, Estado actual: True
[09:59:16] src.core.scanner_manager DEBUG    Estado del escáner sin cambios: conectado
[09:59:19] src.core.scanner_manager DEBUG    Verificando estado del escáner... (intervalo: 3s)
[09:59:19] src.core.scanner_manager DEBUG    test_connection() retornó: True
[09:59:19] src.core.scanner_manager DEBUG    Estado anterior: True, Estado actual: True
[09:59:19] src.core.scanner_manager DEBUG    Estado del escáner sin cambios: conectado
[09:59:22] src.core.scanner_manager DEBUG    Verificando estado del escáner... (intervalo: 3s)
[09:59:22] src.core.scanner_manager DEBUG    test_connection() retornó: True
[09:59:22] src.core.scanner_manager DEBUG    Estado anterior: True, Estado actual: True
[09:59:22] src.core.scanner_manager DEBUG    Estado del escáner sin cambios: conectado
[09:59:25] src.core.scanner_manager DEBUG    Verificando estado del escáner... (intervalo: 3s)
[09:59:25] src.core.scanner_manager DEBUG    test_connection() retornó: True
[09:59:25] src.core.scanner_manager DEBUG    Estado anterior: True, Estado actual: True
[09:59:25] src.core.scanner_manager DEBUG    Estado del escáner sin cambios: conectado
[09:59:28] src.core.scanner_manager DEBUG    Verificando estado del escáner... (intervalo: 3s)
[09:59:28] src.core.scanner_manager DEBUG    test_connection() retornó: True
[09:59:28] src.core.scanner_manager DEBUG    Estado anterior: True, Estado actual: True
[09:59:28] src.core.scanner_manager DEBUG    Estado del escáner sin cambios: conectado
[09:59:29] src.services.analytics_service DEBUG    Análisis completo realizado
[09:59:29] src.services.analytics_service WARNING  ALERTA HIGH: Eficiencia baja: 47.0%
[09:59:29] src.services.analytics_service WARNING  ALERTA MEDIUM: OEE bajo: 44.7%
[09:59:31] src.core.scanner_manager DEBUG    Verificando estado del escáner... (intervalo: 3s)
[09:59:31] src.core.scanner_manager DEBUG    test_connection() retornó: True
[09:59:31] src.core.scanner_manager DEBUG    Estado anterior: True, Estado actual: True
[09:59:31] src.core.scanner_manager DEBUG    Estado del escáner sin cambios: conectado
[09:59:34] src.core.scanner_manager DEBUG    Verificando estado del escáner... (intervalo: 3s)
[09:59:34] src.core.scanner_manager DEBUG    test_connection() retornó: True
[09:59:34] src.core.scanner_manager DEBUG    Estado anterior: True, Estado actual: True
[09:59:34] src.core.scanner_manager DEBUG    Estado del escáner sin cambios: conectado
[09:59:37] src.core.scanner_manager DEBUG    Verificando estado del escáner... (intervalo: 3s)
[09:59:37] src.core.scanner_manager DEBUG    test_connection() retornó: True
[09:59:37] src.core.scanner_manager DEBUG    Estado anterior: True, Estado actual: True
[09:59:37] src.core.scanner_manager DEBUG    Estado del escáner sin cambios: conectado
[09:59:40] src.core.scanner_manager DEBUG    Verificando estado del escáner... (intervalo: 3s)
[09:59:40] src.core.scanner_manager DEBUG    test_connection() retornó: True
[09:59:40] src.core.scanner_manager DEBUG    Estado anterior: True, Estado actual: True
[09:59:40] src.core.scanner_manager DEBUG    Estado del escáner sin cambios: conectado
[09:59:43] src.core.scanner_manager DEBUG    Verificando estado del escáner... (intervalo: 3s)
[09:59:43] src.core.scanner_manager DEBUG    test_connection() retornó: True
[09:59:43] src.core.scanner_manager DEBUG    Estado anterior: True, Estado actual: True
[09:59:43] src.core.scanner_manager DEBUG    Estado del escáner sin cambios: conectado
[09:59:46] src.core.scanner_manager DEBUG    Verificando estado del escáner... (intervalo: 3s)
[09:59:46] src.core.scanner_manager DEBUG    test_connection() retornó: True
[09:59:46] src.core.scanner_manager DEBUG    Estado anterior: True, Estado actual: True
[09:59:46] src.core.scanner_manager DEBUG    Estado del escáner sin cambios: conectado
[09:59:49] src.core.scanner_manager DEBUG    Verificando estado del escáner... (intervalo: 3s)
[09:59:49] src.core.scanner_manager DEBUG    test_connection() retornó: True
[09:59:49] src.core.scanner_manager DEBUG    Estado anterior: True, Estado actual: True
[09:59:49] src.core.scanner_manager DEBUG    Estado del escáner sin cambios: conectado
[09:59:52] src.core.scanner_manager DEBUG    Verificando estado del escáner... (intervalo: 3s)
[09:59:52] src.core.scanner_manager DEBUG    test_connection() retornó: True
[09:59:52] src.core.scanner_manager DEBUG    Estado anterior: True, Estado actual: True
[09:59:52] src.core.scanner_manager DEBUG    Estado del escáner sin cambios: conectado
[09:59:55] src.core.scanner_manager DEBUG    Verificando estado del escáner... (intervalo: 3s)
[09:59:55] src.core.scanner_manager DEBUG    test_connection() retornó: True
[09:59:55] src.core.scanner_manager DEBUG    Estado anterior: True, Estado actual: True
[09:59:55] src.core.scanner_manager DEBUG    Estado del escáner sin cambios: conectado
[09:59:58] src.core.scanner_manager DEBUG    Verificando estado del escáner... (intervalo: 3s)
[09:59:58] src.core.scanner_manager DEBUG    test_connection() retornó: True
[09:59:58] src.core.scanner_manager DEBUG    Estado anterior: True, Estado actual: True
[09:59:58] src.core.scanner_manager DEBUG    Estado del escáner sin cambios: conectado
[09:59:59] src.services.analytics_service DEBUG    Análisis completo realizado
[09:59:59] src.services.analytics_service WARNING  ALERTA HIGH: Eficiencia baja: 47.0%
[09:59:59] src.services.analytics_service WARNING  ALERTA MEDIUM: OEE bajo: 44.7%
[10:00:01] src.core.scanner_manager DEBUG    Verificando estado del escáner... (intervalo: 3s)
[10:00:01] src.core.scanner_manager DEBUG    test_connection() retornó: True
[10:00:01] src.core.scanner_manager DEBUG    Estado anterior: True, Estado actual: True
[10:00:01] src.core.scanner_manager DEBUG    Estado del escáner sin cambios: conectado
[10:00:04] src.core.scanner_manager DEBUG    Verificando estado del escáner... (intervalo: 3s)
[10:00:04] src.core.scanner_manager DEBUG    test_connection() retornó: True
[10:00:04] src.core.scanner_manager DEBUG    Estado anterior: True, Estado actual: True
[10:00:04] src.core.scanner_manager DEBUG    Estado del escáner sin cambios: conectado
[10:00:07] src.core.scanner_manager DEBUG    Verificando estado del escáner... (intervalo: 3s)
[10:00:07] src.core.scanner_manager DEBUG    test_connection() retornó: True
[10:00:07] src.core.scanner_manager DEBUG    Estado anterior: True, Estado actual: True
[10:00:07] src.core.scanner_manager DEBUG    Estado del escáner sin cambios: conectado
[10:00:10] src.core.scanner_manager DEBUG    Verificando estado del escáner... (intervalo: 3s)
[10:00:10] src.core.scanner_manager DEBUG    test_connection() retornó: True
[10:00:10] src.core.scanner_manager DEBUG    Estado anterior: True, Estado actual: True
[10:00:10] src.core.scanner_manager DEBUG    Estado del escáner sin cambios: conectado
